Business_ID,Industry,Employee_Count,Revenue,Expenses,Profit_Margin,Loans_Taken,Loan_Default,Cash_Reserves,Financial_Stress_Score,Financial_Stress_Flag
B204211,Manufacturing,44,500000.0,418668.96,16.27,0,0,68915.56,49.3,0
B207384,,36,500000.0,455318.94,8.94,0,0,53613.53,53.23,0
B200617,Retail,42,500000.0,423618.18,15.28,1,0,66268.67,51.64,0
B206660,Retail,38,500000.0,501799.82,,1,0,22321.72,58.37,0
B209691,Retail,20,500000.0,361698.58,27.66,1,0,61275.72,43.21,0
B205933,Services,11,500000.0,402600.96,19.48,1,1,80758.87,64.96,1
B202602,retail,38,500000.0,372196.22,25.56,1,1,55808.83,72.72,1
B205688,Healthcare,6,500000.0,404240.46,19.15,1,0,83019.71,63.32,1
B205992,Healthcare,6,500000.0,368982.05,26.2,1,0,70585.87,54.43,0
B202763,Manufacturing,25,500000.0,391468.43,21.71,0,0,60256.85,60.75,1
B203415,Services,24,500000.0,330422.7,33.92,0,0,90375.64,48.68,0
B202356,Food,3,500000.0,357682.37,28.46,0,0,69620.71,56.6,0
B200032,Manufacturing,40,1057806.13,807056.89,23.7,0,0,552463.83,55.62,0
B202628,Food,21,500000.0,367048.43,,0,0,88206.61,48.41,0
B208280,Manufacturing,27,500000.0,371368.78,25.73,0,0,104311.74,43.73,0
B207889,Manufacturing,42,2371094.06,405388.57,18.92,1,1,81248.18,65.32,1
B202277,Food,16,593581.89,444683.12,25.08,0,0,169291.02,42.99,0
B207903,Retail,36,581811.36,452617.69,22.21,0,0,81397.43,53.49,0
B207821,Manufacturing,50,711429.48,549227.37,22.8,0,0,134588.77,48.72,0
B206982,Manufacturing,53,1951055.77,340846.32,31.83,0,0,111353.53,53.88,0
B200188,Retail,27,500000.0,431819.81,13.64,0,0,44197.54,55.61,0
B201278,Food,12,500000.0,377577.58,24.48,0,0,39858.89,48.68,0
B209182,Healthcare,11,500000.0,412111.89,17.58,1,0,56496.9,49.19,0
B203613,Manufacturing,35,500000.0,420923.31,15.82,1,0,78585.68,55.76,0
B207798,Healthcare,36,500000.0,346967.56,30.61,0,0,80907.01,41.4,0
B201374,Manufacturing,33,500000.0,407006.91,18.6,0,0,47857.25,57.49,0
B201097,,33,500000.0,405337.08,18.93,0,0,74165.93,56.49,0
B200577,Services,29,500000.0,385164.41,22.97,0,0,98739.44,48.9,0
B208272,Services,19,574684.59,515393.87,10.32,1,0,69930.96,60.93,1
B200786,Manufacturing,42,500000.0,394762.55,21.05,1,0,69160.83,51.15,0
B200301,Retail,31,500000.0,411534.36,17.69,1,0,47856.76,56.38,0
B204459,Food,16,500000.0,390095.71,21.98,0,0,,43.46,0
B205850,Services,25,500000.0,361537.46,27.69,0,0,78278.27,51.83,0
B205665,Manufacturing,59,500000.0,390433.32,21.91,0,0,57555.91,50.73,0
B208119,Services,19,642096.74,464259.14,27.7,0,0,107664.48,55.77,0
B206550,IT,3,536057.43,392651.62,26.75,1,0,62700.55,44.0,0
B207590,IT,36,500000.0,346280.61,30.74,0,0,101576.84,47.97,0
B204556,IT,3,500000.0,403705.89,19.26,0,0,44287.02,54.38,0
B208479,Retail,25,689394.68,514350.88,25.39,0,0,106519.17,36.02,0
B202975,Services,23,500000.0,351838.99,29.63,0,0,35143.68,41.47,0
B209082,Retail,17,500000.0,398218.07,20.36,0,0,98446.66,50.3,0
B208571,Food,7,500000.0,413968.03,17.21,0,0,61103.98,54.96,0
B200110,IT,21,500000.0,399363.35,20.13,0,0,87921.07,52.14,0
B206227,Healthcare,23,500000.0,372127.25,25.57,0,0,51573.96,51.44,0
B208522,Retail,29,500000.0,423897.75,15.22,0,0,,53.53,0
B200184,Services,13,500000.0,385538.52,22.89,0,0,75689.3,46.78,0
B204191,Manufacturing,47,500000.0,387676.43,22.46,0,0,71319.05,52.34,0
B203709,Services,7,500000.0,383275.64,23.34,0,0,86758.9,52.41,0
B208310,Food,25,500000.0,1430883.02,25.04,1,0,72263.74,52.56,0
B209650,Healthcare,30,500000.0,394074.95,21.19,1,0,67710.81,51.1,0
B205654,IT,18,500000.0,380141.6,23.97,1,0,88115.44,62.64,1
B205966,Services,3,711042.55,529238.28,25.57,0,0,,48.78,0
B201727,Food,16,500000.0,336878.81,32.62,0,0,91670.57,37.66,0
B205263,,18,500000.0,346377.64,30.72,0,0,85517.32,51.73,0
B208669,Food,3,2812162.66,374713.26,25.06,0,0,48818.01,45.4,0
B207517,Food,25,500000.0,386275.6,22.74,0,0,76430.66,45.43,0
B206575,Manufacturing,59,500000.0,387992.32,22.4,1,0,262231.36,59.68,0
B204377,Healthcare,28,500000.0,444636.07,11.07,0,0,38766.56,56.29,0
B208017,Services,23,500000.0,369060.36,26.19,0,0,64976.27,46.31,0
B206106,Services,45,500000.0,363926.05,27.21,0,0,46325.67,47.11,0
B200180,Healthcare,18,500000.0,360556.01,27.89,0,0,52625.85,46.74,0
B203663,Manufacturing,11,500000.0,394636.97,21.07,1,0,71823.62,60.31,1
B209552,Retail,14,500000.0,462681.22,7.46,0,0,48440.86,60.06,1
B209809,Manufacturing,52,508123.81,458253.72,9.81,1,0,66751.35,56.12,0
B202872,,12,500000.0,420308.59,,0,0,85764.1,52.26,0
B207524,,31,500000.0,399208.41,20.16,0,0,73254.07,54.7,0
B204906,Retail,43,500000.0,452502.24,9.5,1,0,64860.96,52.52,0
B200400,Manufacturing,36,500000.0,435264.76,12.95,0,0,45372.49,47.3,0
B208690,Retail,31,500000.0,447697.6,10.46,1,0,79484.65,56.74,0
B200686,Retail,24,500000.0,426768.95,14.65,0,0,,50.67,0
B201563,Retail,45,500000.0,404032.05,19.19,1,1,48385.5,70.04,1
B201751,Retail,32,500000.0,421075.35,15.78,0,0,68064.82,64.1,1
B205108,Healthcare,5,500000.0,367062.92,26.59,0,0,95548.6,42.52,0
B206476,Services,28,500000.0,359613.2,28.08,0,0,101860.97,41.76,0
B202066,Manufacturing,45,500000.0,409661.96,18.07,0,0,68449.95,47.4,0
B201806,Manufacturing,77,500000.0,363150.21,27.37,0,0,100497.5,48.19,0
B203794,Services,18,500000.0,375560.19,24.89,1,0,62645.08,48.31,0
B207175,IT,3,500000.0,404028.41,19.19,0,0,43765.09,55.57,0
B200749,IT,36,500000.0,299701.24,40.06,1,0,86955.26,39.51,0
B201409,IT,28,500000.0,408650.19,18.27,1,0,79570.07,47.46,0
B208652,Manufacturing,37,500000.0,391716.09,21.66,0,0,120166.15,51.49,0
B204560,,25,500000.0,437106.25,12.58,0,0,58625.25,57.16,0
B209195,Retail,26,500000.0,404086.72,19.18,0,0,76297.45,37.33,0
B207282,Manufacturing,43,500000.0,406372.51,18.73,0,0,77427.69,53.28,0
B202162,Food,20,500000.0,326633.21,34.67,0,0,134844.56,51.0,0
B204975,Services,6,500000.0,404569.44,19.09,1,1,69943.83,65.36,1
B206142,Services,17,500000.0,381577.87,23.68,1,1,80815.31,65.17,1
B202207,Retail,56,500000.0,408340.42,18.33,0,0,78557.72,48.28,0
B206175,Retail,25,500000.0,399101.64,20.18,0,0,51117.05,52.97,0
B204111,Retail,11,561196.37,442574.18,21.14,0,0,71503.0,38.91,0
B201080,Services,16,500000.0,361700.65,27.66,0,0,65702.31,38.85,0
B200622,Food,15,500000.0,357570.08,28.49,0,0,62512.73,49.66,0
B204961,IT,44,2537434.98,386185.54,22.76,0,0,,46.45,0
B201568,IT,3,2701755.29,409919.93,18.02,1,0,76462.47,57.47,0
B206796,Manufacturing,30,500000.0,455297.37,8.94,0,0,37827.19,63.43,1
B201887,IT,11,500000.0,394564.31,,0,0,39646.14,56.4,0
B201164,Healthcare,33,500000.0,405219.41,18.96,0,0,65747.92,52.02,0
B208589,Retail,26,500000.0,444302.43,,1,0,69119.18,45.69,0
B201210,Manufacturing,42,500000.0,421295.24,15.74,0,0,94935.21,58.17,0
B202024,Manufacturing,52,500000.0,406707.31,18.66,1,0,95951.6,58.7,0
B204648,Food,39,500000.0,361955.57,27.61,0,0,123596.43,55.03,0
B200338,Retail,22,500000.0,3093485.99,10.19,1,1,44057.69,59.39,0
B201246,Services,13,500000.0,385669.64,,0,0,46562.86,55.16,0
B203440,,28,500000.0,377321.99,24.54,0,0,82941.13,54.28,0
B202463,Retail,45,500000.0,410934.65,17.81,0,0,51823.94,61.2,1
B209882,Healthcare,19,544258.8,389840.1,28.37,0,0,108013.63,48.28,0
B209346,Services,36,500000.0,327642.72,34.47,0,0,36865.29,47.0,0
B202709,Manufacturing,34,500000.0,358495.31,,1,0,83556.12,46.42,0
B201785,Services,15,500000.0,1160429.83,27.03,0,0,96380.0,44.9,0
B207300,Manufacturing,41,500000.0,453750.08,9.25,1,0,300493.06,52.42,0
B205717,Retail,30,500000.0,441115.9,11.78,0,0,68925.05,58.29,0
B205539,Services,43,500000.0,390248.79,,0,0,69652.97,40.04,0
B207170,Healthcare,13,500000.0,393046.04,21.39,1,0,92975.48,49.28,0
B209944,Services,7,500000.0,352704.26,29.46,1,0,81767.6,55.34,0
B205064,Manufacturing,21,500000.0,381330.15,23.73,0,0,23369.31,56.41,0
B205300,Services,26,500000.0,334557.03,33.09,0,0,104895.08,43.08,0
B207260,Retail,23,500000.0,382691.16,23.46,1,0,86710.95,50.39,0
B200742,Retail,9,500000.0,411506.08,17.7,0,0,65301.74,47.76,0
B202909,IT,14,500000.0,343084.61,31.38,0,0,116077.08,51.34,0
B207456,Food,6,500000.0,399002.21,20.2,1,0,94703.55,57.25,0
B207321,Services,26,500000.0,386866.66,22.63,0,0,65170.52,53.16,0
B208349,Retail,27,500000.0,481873.7,3.63,0,0,50457.5,51.65,0
B207837,Retail,34,500000.0,401969.76,,0,0,58168.96,50.0,0
B202218,Retail,31,500000.0,478337.93,4.33,0,0,43050.52,64.15,1
B202397,Services,13,500000.0,460760.15,7.85,0,0,74328.08,57.16,0
B202521,Manufacturing,50,500000.0,375836.2,24.83,0,0,79521.05,46.29,0
B208673,Food,24,500000.0,362380.47,27.52,0,0,91288.67,48.66,0
B206830,Services,33,500000.0,411171.93,17.77,0,0,70470.14,49.05,0
B202591,Manufacturing,56,500000.0,401665.42,19.67,1,0,78089.51,54.03,0
B207010,IT,25,520824.93,372669.22,28.45,0,0,95021.77,47.41,0
B202119,IT,36,500000.0,366534.76,26.69,0,0,40429.89,46.74,0
B204877,Retail,30,500000.0,408119.64,18.38,0,0,64342.78,51.94,0
B209623,Food,18,500000.0,370664.06,25.87,0,0,91158.66,48.13,0
B206817,Manufacturing,53,500000.0,378873.93,24.23,1,0,85743.56,54.06,0
B206886,Retail,22,500000.0,398864.27,20.23,0,0,40709.67,52.66,0
B207707,Manufacturing,23,500000.0,361592.54,27.68,0,0,17094.69,43.98,0
B201051,,21,500000.0,407125.64,,1,1,78863.09,70.14,1
B206727,Manufacturing,45,500000.0,391842.26,21.63,0,0,90274.82,42.24,0
B201924,manufacturing,52,500000.0,346448.3,30.71,1,1,101997.04,59.0,0
B201678,Services,21,500000.0,331595.68,33.68,0,0,18291.48,38.91,0
B203330,Manufacturing,64,500000.0,430919.79,13.82,1,0,80618.72,53.91,0
B202361,Retail,6,512609.83,482089.27,5.95,1,0,52942.46,56.35,0
B206778,Food,3,500000.0,420276.3,15.94,1,0,74484.23,51.3,0
B204784,IT,35,500000.0,380170.61,23.97,1,0,115018.79,45.6,0
B204379,food,24,542984.62,432737.92,20.3,1,0,95893.87,46.93,0
B202731,Retail,30,500000.0,356702.88,,0,0,61142.07,57.98,0
B203707,nan,5,500000.0,442122.98,11.58,0,0,69961.19,63.07,1
B206735,Healthcare,42,500000.0,403252.3,19.35,0,0,82174.11,52.58,0
B208740,Retail,28,500000.0,464094.52,7.18,0,0,37861.01,58.83,0
B209232,Food,8,500000.0,427678.16,14.46,1,0,72450.56,52.62,0
B207141,Food,4,500000.0,435878.85,12.82,0,0,99327.66,61.0,1
B203667,Food,20,500000.0,397653.3,20.47,0,0,76229.23,46.82,0
B204650,Manufacturing,58,500000.0,425617.56,14.88,1,0,77296.58,58.85,0
B207603,Retail,24,500000.0,1637083.09,19.17,0,0,46898.05,52.37,0
B202405,IT,32,666306.76,457444.77,31.35,0,0,176652.51,47.75,0
B201810,Services,8,500000.0,371928.4,25.61,1,0,69896.2,42.28,0
B209895,Manufacturing,31,500000.0,309401.22,38.12,0,0,119839.64,50.23,0
B206937,services,14,500000.0,389524.98,22.1,0,0,89186.1,43.18,0
B208993,Services,19,500000.0,382684.93,23.46,0,0,74699.37,47.01,0
B206248,Manufacturing,38,500000.0,453298.56,9.34,1,1,57643.13,66.52,1
B203490,Manufacturing,59,500000.0,373782.73,25.24,1,0,59722.91,46.78,0
B203267,Manufacturing,48,500000.0,366061.98,26.79,1,0,61893.7,48.12,0
B208940,Retail,11,500000.0,407148.41,18.57,1,0,102311.89,59.4,0
B204370,Retail,36,500000.0,431208.08,13.76,1,1,68541.04,74.07,1
B205475,Manufacturing,36,500000.0,443657.05,11.27,1,0,36256.0,47.38,0
B201252,Healthcare,15,500000.0,413117.29,17.38,0,0,73369.91,48.37,0
B209641,IT,18,500000.0,329009.71,34.2,0,0,49889.92,45.31,0
B207490,Healthcare,15,500000.0,442291.03,11.54,0,0,44935.4,53.84,0
B204844,Food,13,500000.0,343203.5,31.36,0,0,137763.18,47.46,0
B204233,Manufacturing,30,500000.0,358608.89,28.28,0,0,74356.08,58.52,0
B203099,Retail,46,500000.0,408314.31,18.34,0,0,76911.11,60.37,1
B206330,Healthcare,29,500000.0,394827.84,21.03,1,0,70508.87,45.89,0
B203600,Manufacturing,78,3157908.92,439933.47,12.01,0,0,60414.27,59.33,0
B202791,Manufacturing,57,500000.0,376658.03,24.67,0,0,96288.36,45.68,0
B202166,Retail,39,500000.0,364059.1,27.19,0,0,80145.67,46.44,0
B201901,Retail,16,500000.0,360199.56,27.96,1,0,122201.46,44.08,0
B204599,Food,3,500000.0,400724.0,19.86,1,0,35457.71,54.59,0
B201142,Retail,41,500000.0,423900.6,15.22,0,0,67678.35,53.23,0
B200120,Retail,31,500000.0,443833.81,11.23,0,0,55735.04,54.72,0
B206174,Retail,28,500000.0,400000.21,20.0,1,0,75860.3,59.48,0
B203344,Food,21,500000.0,389581.26,22.08,0,0,45050.35,48.62,0
B201357,Services,26,621918.04,437593.35,29.64,0,0,95131.17,53.29,0
B200418,Retail,40,768170.88,749549.29,2.42,1,0,57000.28,55.51,0
B207480,Services,34,500000.0,407649.42,18.47,0,0,93040.9,57.64,0
B200319,Manufacturing,23,500000.0,392657.83,21.47,0,0,69010.73,49.63,0
B202887,Manufacturing,43,500000.0,363923.77,27.22,0,0,81485.22,55.91,0
B209043,Retail,38,500000.0,445189.47,10.96,0,0,47719.6,54.15,0
B202241,Retail,22,500000.0,431720.18,13.66,1,0,68560.75,66.49,1
B201688,Food,4,500000.0,367388.03,26.52,0,0,97158.79,45.8,0
B207783,retail,43,677273.74,572799.82,15.43,1,0,112594.27,55.9,0
B203986,Services,9,803357.2,637439.04,20.65,1,0,156835.29,49.95,0
B202289,IT,16,2057404.27,324378.77,35.12,0,0,66876.47,49.34,0
B203795,Healthcare,23,500000.0,402234.86,19.55,1,1,,53.32,0
B203884,Services,20,500000.0,397257.89,20.55,0,0,78717.87,54.23,0
B205844,Healthcare,20,500000.0,341066.46,31.79,0,0,53820.91,43.15,0
B208511,Services,24,500000.0,366180.25,26.76,0,0,104732.06,42.64,0
B207228,Retail,23,500000.0,406915.04,18.62,0,0,42729.51,59.31,0
B203234,IT,22,500000.0,399930.19,20.01,0,0,67204.05,54.16,0
B208648,Healthcare,26,500000.0,382335.42,23.53,0,0,63659.84,47.09,0
B202036,Retail,19,500000.0,500978.74,-0.2,0,0,56738.09,58.21,0
B204723,Healthcare,17,500000.0,396698.99,20.66,0,0,53302.04,46.56,0
B200690,Retail,16,500000.0,434566.75,13.09,0,0,40274.75,53.22,0
B205146,Services,36,500000.0,335301.13,32.94,1,0,,49.79,0
B204720,Food,35,500000.0,404203.87,19.16,0,0,59307.79,59.61,0
B208022,Healthcare,21,500000.0,410383.27,17.92,0,0,,46.63,0
B207418,IT,46,500000.0,376662.13,24.67,0,0,76285.67,61.37,1
B203373,Services,7,500000.0,335132.21,32.97,0,0,109720.81,45.03,0
B201792,IT,12,500000.0,367905.46,26.42,0,0,106064.37,47.18,0
B209629,Retail,31,500000.0,446168.25,10.77,0,0,,59.57,0
B208887,Manufacturing,61,500000.0,386054.33,22.79,1,0,64982.17,44.76,0
B208932,Food,3,500000.0,343166.44,31.37,0,0,51561.85,46.07,0
B203652,Healthcare,17,500000.0,446508.82,10.7,1,0,72176.36,57.83,0
B200168,Retail,3,500000.0,437031.48,12.59,1,0,42002.39,59.17,0
B200359,Retail,31,500000.0,453917.78,9.22,0,0,42307.86,62.66,1
B203964,Services,25,500000.0,382790.91,23.44,1,0,73583.03,48.1,0
B206302,Retail,42,500000.0,392036.46,21.59,0,0,68281.5,48.95,0
B207944,Retail,27,500000.0,441336.97,11.73,1,0,33819.63,53.16,0
B200937,Services,21,500000.0,444221.53,11.16,0,0,32311.41,58.55,0
B207090,Food,28,500000.0,365940.1,26.81,0,0,56795.93,48.61,0
B203518,Services,26,500000.0,315627.26,36.87,0,0,46002.73,41.8,0
B206858,Food,27,500000.0,393622.76,21.28,1,0,68397.88,52.41,0
B207573,Manufacturing,3,500000.0,429389.4,14.12,0,0,47201.4,56.21,0
B201451,Retail,46,500000.0,364689.65,27.06,0,0,92870.95,51.45,0
B204057,Services,9,500000.0,427372.85,14.53,1,0,49187.25,55.37,0
B203523,Retail,38,500000.0,399616.55,20.08,0,0,57790.83,50.75,0
B201616,Healthcare,13,500000.0,407868.21,18.43,1,0,95988.46,58.46,0
B206767,Retail,20,500000.0,379234.34,24.15,1,1,109225.9,67.09,1
B209133,Retail,39,500000.0,439844.36,12.03,1,0,47518.0,64.79,1
B205012,food,25,500000.0,393128.58,21.37,1,0,,51.01,0
B200586,Services,19,500000.0,355021.83,29.0,0,0,82436.43,56.21,0
B200213,Manufacturing,50,500000.0,403846.76,19.23,0,0,61160.5,50.74,0
B201660,Food,25,500000.0,428980.16,14.2,0,0,66574.0,60.97,1
B201147,Services,31,500000.0,376675.32,24.66,0,0,77010.1,45.17,0
B201285,IT,23,500000.0,364274.28,27.15,1,0,,49.2,0
B201494,Retail,35,500000.0,377671.32,24.47,1,0,60499.69,59.93,0
B209060,Services,25,3441755.04,1831515.72,26.49,1,0,99609.77,50.25,0
B201682,Retail,33,500000.0,433459.45,13.31,0,0,66236.76,50.79,0
B202136,Retail,12,500000.0,450807.46,9.84,1,1,58469.34,66.46,1
B204713,Healthcare,9,500000.0,362655.59,27.47,0,0,71875.73,50.99,0
B206266,,59,500000.0,424761.52,15.05,0,0,49512.14,65.27,1
B205722,Manufacturing,51,500000.0,362615.67,27.48,1,0,86588.1,42.51,0
B209776,IT,23,500000.0,414895.31,17.02,1,0,69749.0,55.08,0
B205893,Services,26,500000.0,356763.1,28.65,0,0,45237.97,49.91,0
B205203,Retail,3,500000.0,440771.58,11.85,1,1,46008.97,74.66,1
B200975,Food,48,500000.0,438626.48,12.27,1,0,44395.89,51.69,0
B209883,Manufacturing,33,500000.0,388967.22,22.21,1,0,36521.87,50.69,0
B201999,IT,29,500000.0,367237.22,26.55,0,0,65869.49,45.11,0
B207936,Manufacturing,52,500000.0,371101.64,,1,0,90189.83,48.84,0
B204256,Manufacturing,30,500000.0,375182.66,24.96,1,1,25665.08,62.75,1
B206163,IT,14,500000.0,336083.26,32.78,0,0,88530.14,44.79,0
B202448,IT,10,500000.0,354822.86,29.04,1,0,90859.9,52.53,0
B206352,Healthcare,11,500000.0,438193.0,12.36,0,0,55082.26,53.34,0
B200127,Manufacturing,39,500000.0,372941.69,25.41,0,0,85781.79,47.45,0
B203133,IT,39,500000.0,339982.08,32.0,0,0,82708.97,54.75,0
B201154,Retail,21,500000.0,327859.07,34.43,0,0,48891.6,38.52,0
B202624,Manufacturing,54,500000.0,366500.6,26.7,0,0,,53.81,0
B205023,Services,35,500000.0,334059.78,33.19,0,0,96129.09,48.87,0
B203320,IT,20,500000.0,357875.17,,0,0,39134.69,44.81,0
B204694,Services,46,500000.0,414634.93,17.07,1,0,84669.73,46.65,0
B202499,Healthcare,8,500000.0,371938.89,25.61,0,0,62444.88,51.42,0
B205186,Food,16,2333211.48,366818.88,26.64,0,0,100151.65,55.14,0
B201205,IT,27,629554.44,443329.67,29.58,1,0,98113.52,49.67,0
B207678,Services,19,500000.0,397187.66,20.56,0,0,92057.29,59.78,0
B205683,IT,11,853681.69,603807.91,29.27,0,0,84012.62,45.54,0
B202476,Retail,62,500000.0,407237.75,,0,0,80576.67,48.32,0
B201927,Services,16,500000.0,384877.17,23.02,1,0,76309.52,47.1,0
B203540,Healthcare,23,500000.0,346973.87,30.61,0,0,152486.83,47.86,0
B204618,Retail,36,500000.0,419816.6,16.04,0,0,68252.24,53.7,0
B203272,Manufacturing,45,500000.0,394123.83,21.18,1,0,131718.89,53.38,0
B207157,Manufacturing,66,500000.0,402646.15,19.47,1,0,51517.63,45.07,0
B203595,Food,20,500000.0,390135.96,21.97,0,0,87052.27,45.04,0
B201382,IT,44,500000.0,379668.18,24.07,1,0,81506.65,49.89,0
B203005,IT,3,693095.37,543446.98,21.59,1,0,108892.31,44.86,0
B200616,healthcare,20,500000.0,327154.69,34.57,1,0,118516.67,44.68,0
B207822,Services,34,500000.0,431903.0,13.62,0,0,43072.07,50.35,0
B206641,Manufacturing,53,526703.47,389003.08,26.14,1,0,74582.68,51.07,0
B202964,,28,500000.0,389285.51,22.14,0,0,41873.98,57.5,0
B209449,Food,15,500000.0,337363.06,32.53,0,0,68192.25,51.68,0
B203677,Healthcare,24,500000.0,367463.99,26.51,0,0,299888.4,50.48,0
B207434,Retail,26,500000.0,395430.33,20.91,1,0,14807.81,50.53,0
B202376,Food,20,500000.0,440011.45,12.0,0,0,84817.07,63.68,1
B201411,Retail,22,2828669.52,418063.57,16.39,0,0,76315.03,61.2,1
B203212,Food,29,500000.0,430639.34,13.87,0,0,55278.57,48.85,0
B201339,Food,44,500000.0,370132.96,25.97,0,0,103363.24,49.45,0
B202776,Food,14,500000.0,1889419.2,,0,0,100031.13,52.6,0
B201259,Services,16,500000.0,337223.85,32.56,0,0,109630.92,45.33,0
B204997,Manufacturing,33,500000.0,402706.54,19.46,1,0,63488.62,48.78,0
B205158,Manufacturing,41,500000.0,383576.76,23.28,1,1,81569.92,68.97,1
B208725,Manufacturing,47,500000.0,418491.41,16.3,1,0,43549.53,62.42,1
B204340,Services,17,500000.0,389927.63,22.01,0,0,386446.85,55.01,0
B202648,Retail,38,500000.0,414302.7,17.14,0,0,97222.47,54.27,0
B200249,Services,7,563543.98,453489.66,19.53,1,1,65866.41,67.26,1
B207955,Healthcare,10,500000.0,435733.91,12.85,0,0,93591.82,48.5,0
B206089,Manufacturing,55,500000.0,384138.06,23.17,1,0,81171.0,43.39,0
B205846,Manufacturing,51,523533.82,397077.48,24.15,1,0,95816.32,54.34,0
B200895,Services,15,500000.0,387762.94,22.45,0,0,105716.0,51.49,0
B206888,IT,11,500000.0,402662.36,19.47,0,0,32156.61,55.82,0
B204190,Retail,29,500000.0,416117.01,16.78,1,0,88640.07,54.41,0
B201325,Manufacturing,34,2564339.34,415916.49,16.82,0,0,60968.36,46.72,0
B202538,Retail,31,500000.0,404877.84,19.02,0,0,,43.09,0
B200039,Retail,23,500000.0,460304.56,,0,0,36327.81,48.08,0
B205246,,11,500000.0,344895.26,,0,0,80513.29,45.66,0
B207245,,21,500000.0,389065.22,22.19,1,0,87997.6,50.21,0
B203043,Healthcare,30,542918.72,466982.75,13.99,1,0,66234.3,51.06,0
B202383,Manufacturing,41,500000.0,364636.15,27.07,1,0,76029.23,42.0,0
B206444,Manufacturing,38,500000.0,387531.68,22.49,0,0,93503.27,46.24,0
B201344,IT,27,500000.0,389471.93,22.11,0,0,62066.67,52.06,0
B205980,Services,10,500000.0,1544752.11,28.79,0,0,99839.28,42.01,0
B205637,Services,21,500000.0,362708.22,27.46,0,0,100163.7,42.86,0
B202436,Services,12,500000.0,355190.89,28.96,0,0,101930.15,51.85,0
B205097,Retail,27,500000.0,393106.4,21.38,0,0,112933.25,58.01,0
B204272,food,23,500000.0,390524.0,21.9,0,0,108684.33,52.44,0
B203001,Retail,23,500000.0,404219.75,19.16,0,0,67576.73,49.49,0
B206412,Services,50,500000.0,370721.58,25.86,0,0,103173.03,43.2,0
B209142,Services,44,747396.69,507872.53,32.05,0,0,89206.07,43.8,0
B208469,IT,24,500000.0,370368.0,25.93,1,0,85843.57,53.21,0
B202597,Food,14,500000.0,407524.59,18.5,0,0,65577.53,43.63,0
B205173,Food,3,500000.0,381378.96,23.72,0,0,90481.07,49.29,0
B200712,Services,3,500000.0,414037.01,17.19,0,0,88223.71,52.79,0
B205892,Retail,9,500000.0,448965.45,10.21,1,1,22947.37,81.39,1
B209821,Retail,21,500000.0,399334.63,20.13,0,0,59161.0,57.95,0
B208368,Food,14,506396.38,425385.05,16.0,0,0,169786.21,61.95,1
B205828,services,18,500000.0,378531.13,24.29,0,0,94679.98,37.73,0
B202352,Services,19,500000.0,393921.3,21.22,0,0,101608.01,46.04,0
B203194,Manufacturing,26,529141.06,406635.25,23.15,0,0,72798.84,49.15,0
B207121,Services,22,500000.0,373603.65,25.28,1,0,,50.16,0
B201415,Services,6,571339.02,472454.0,17.31,0,0,79624.64,54.54,0
B201553,Services,23,500000.0,406238.78,18.75,0,0,62078.49,52.35,0
B204730,Food,39,500000.0,310051.91,37.99,1,0,93032.41,44.93,0
B208127,IT,26,500000.0,353829.66,29.23,1,0,105317.0,47.2,0
B205533,services,20,500000.0,388594.55,22.28,1,0,71871.84,57.11,0
B202965,retail,30,500000.0,436603.27,12.68,0,0,47905.36,57.87,0
B200394,Manufacturing,56,500000.0,359711.64,28.06,0,0,106647.27,46.14,0
B203625,Retail,23,500000.0,453374.83,9.33,0,0,42209.25,54.4,0
B206387,Retail,41,500000.0,433928.09,13.21,0,0,55679.76,53.28,0
B201962,Manufacturing,45,500000.0,454826.61,9.03,0,0,57721.95,53.22,0
B201195,Manufacturing,39,500000.0,390529.47,21.89,0,0,80485.94,54.55,0
B203844,Services,23,500000.0,396847.13,20.63,0,0,267816.52,50.77,0
B206689,Services,25,500000.0,383923.51,23.22,0,0,78152.33,52.75,0
B202039,Retail,31,500000.0,431150.32,13.77,0,0,74006.94,52.93,0
B207255,Manufacturing,42,500000.0,457553.79,8.49,1,0,57315.87,58.84,0
B209263,Retail,38,500000.0,403336.53,19.33,0,0,100040.03,51.13,0
B205221,Food,26,500000.0,405492.13,18.9,1,0,98928.24,46.25,0
B208060,Services,12,500000.0,390325.53,21.93,0,0,40459.61,52.72,0
B202611,Manufacturing,29,500000.0,1407968.79,19.65,1,0,50996.41,51.52,0
B203972,Services,39,500000.0,322999.94,35.4,0,0,64411.42,45.57,0
B203370,Manufacturing,25,500000.0,298672.24,40.27,1,0,67722.07,42.69,0
B209084,Retail,23,1302390.66,1181121.59,9.31,0,0,,53.22,0
B207823,Healthcare,13,500000.0,359332.9,28.13,1,1,,68.26,1
B205919,Food,16,3763211.17,535181.64,11.8,0,0,121594.8,57.54,0
B203431,Services,28,500000.0,342270.13,31.55,0,0,99138.19,37.75,0
B209738,Retail,32,500000.0,422763.02,15.45,0,0,52279.71,57.7,0
B207252,Healthcare,33,500000.0,412177.12,17.56,1,0,64896.38,50.29,0
B204413,Manufacturing,37,500000.0,381307.37,,1,0,58432.06,47.37,0
B209294,Manufacturing,37,500000.0,417474.79,,1,0,73021.52,63.97,1
B201817,Healthcare,22,500000.0,406764.38,18.65,0,0,64258.92,45.03,0
B206097,Manufacturing,40,609309.74,545541.17,10.47,0,0,89934.33,56.92,0
B200145,Food,48,500000.0,459699.67,8.06,1,1,50972.68,68.39,1
B202936,Services,12,500000.0,394577.32,21.08,0,0,54378.09,52.44,0
B207768,Healthcare,21,500000.0,411922.34,17.62,0,0,57580.63,58.25,0
B202112,Retail,19,500000.0,364681.82,27.06,0,0,79719.85,52.76,0
B205563,Services,15,500000.0,391385.49,21.72,0,0,71207.11,44.43,0
B208733,Retail,18,500000.0,350832.27,29.83,0,0,71374.99,45.25,0
B209793,Services,45,500000.0,374470.19,25.11,0,0,105957.01,60.86,1
B201936,Services,5,500000.0,432163.02,13.57,0,0,58682.52,57.3,0
B205721,Services,11,2519115.15,413116.46,17.38,0,0,51937.83,60.95,1
B209331,IT,9,500000.0,402197.77,19.56,1,0,96211.99,63.86,1
B206923,Services,26,500000.0,373701.67,25.26,0,0,71651.23,46.0,0
B208735,Food,23,500000.0,2022031.58,27.88,0,0,15821.27,46.46,0
B208111,Retail,30,500000.0,400135.18,19.97,1,0,86519.1,56.91,0
B204667,IT,25,500000.0,353642.09,29.27,0,0,80341.1,46.77,0
B204380,Retail,30,500000.0,453733.8,9.25,1,0,32483.31,62.02,1
B206369,Retail,29,500000.0,455768.24,8.85,0,0,44714.72,66.14,1
B201297,Manufacturing,32,500000.0,354040.52,29.19,0,0,101501.26,53.25,0
B205248,Manufacturing,66,500000.0,366725.88,26.65,1,0,34778.69,40.37,0
B207643,Retail,40,500000.0,445990.65,10.8,0,0,40170.84,56.08,0
B201228,IT,24,500000.0,345107.31,30.98,0,0,56862.47,43.72,0
B202702,Manufacturing,44,500000.0,390937.96,21.81,0,0,68700.74,49.67,0
B203057,Retail,39,500000.0,453487.15,9.3,0,0,58074.01,61.96,1
B203394,IT,8,500000.0,348467.83,30.31,0,0,58941.7,51.48,0
B209419,Retail,29,500000.0,424135.37,15.17,0,0,53023.71,49.38,0
B207661,Services,36,500000.0,1568885.9,25.31,0,0,78071.84,62.41,1
B209584,Manufacturing,62,500000.0,373634.4,25.27,1,1,87672.77,67.72,1
B206514,Retail,44,500000.0,447564.68,10.49,0,0,41494.96,57.8,0
B200610,Services,23,500000.0,404155.39,19.17,0,0,52941.67,52.88,0
B204820,Manufacturing,41,500000.0,421078.12,15.78,0,0,32368.58,45.01,0
B202768,Food,16,500000.0,394041.47,21.19,0,0,54025.01,56.57,0
B207718,Healthcare,18,500000.0,437163.55,12.57,1,0,42496.94,49.07,0
B208775,Retail,21,500000.0,406110.23,18.78,0,0,58294.56,48.66,0
B209853,Manufacturing,56,757320.15,615505.09,18.73,1,0,62359.4,62.73,1
B200246,Retail,22,500000.0,380882.64,23.82,1,0,55269.82,46.12,0
B206822,Services,12,500000.0,431680.61,13.66,0,0,38502.83,56.4,0
B204776,Retail,30,500000.0,408227.73,18.35,0,0,82458.76,50.84,0
B206025,Food,40,500000.0,361345.8,27.73,0,0,105016.87,49.57,0
B207417,IT,45,500000.0,340998.76,31.8,1,1,76842.15,59.95,0
B205212,Food,11,500000.0,384842.2,23.03,0,0,79757.46,55.26,0
B207448,Retail,27,500000.0,412122.5,17.58,0,0,22721.71,54.96,0
B208121,Services,35,500000.0,409940.4,18.01,1,0,56818.57,57.93,0
B202904,Food,34,789209.06,618542.87,21.62,0,0,126443.48,52.67,0
B204835,Manufacturing,55,500000.0,372873.03,25.43,1,1,73568.03,67.59,1
B206969,Retail,21,500000.0,384422.7,23.12,1,1,76859.73,59.05,0
B202870,Retail,51,500000.0,437334.74,12.53,0,0,49046.39,57.19,0
B204061,Retail,33,500000.0,419038.48,16.19,0,0,25464.05,54.27,0
B209115,Manufacturing,54,500000.0,362175.46,27.56,0,0,128636.29,44.51,0
B200740,Services,3,500000.0,409214.19,18.16,0,0,37986.44,51.5,0
B205160,Manufacturing,50,2790609.86,380808.15,23.84,0,0,46426.68,52.1,0
B202998,Services,18,500000.0,355677.52,28.86,1,0,16931.71,52.89,0
B208738,Services,11,500000.0,399439.72,20.11,1,0,45407.51,48.28,0
B200810,Retail,21,500000.0,453133.18,9.37,1,0,90031.8,51.46,0
B208441,Services,44,500000.0,380867.38,23.83,0,0,30590.42,54.59,0
B200793,Retail,44,500000.0,429051.24,14.19,1,0,80505.6,56.95,0
B207865,Food,11,500000.0,434809.42,13.04,0,0,58890.76,56.47,0
B209049,Food,18,500000.0,379687.57,24.06,0,0,75458.65,50.87,0
B200379,,33,500000.0,386477.22,22.7,0,0,89751.54,50.61,0
B206520,Healthcare,12,500000.0,403588.23,19.28,1,0,81196.45,56.27,0
B201461,Manufacturing,74,500000.0,406807.63,18.64,1,0,64391.52,58.96,0
B207230,healthcare,26,500000.0,405385.9,18.92,0,0,87934.66,58.61,0
B204257,Food,12,500000.0,377228.94,24.55,1,0,89486.25,50.04,0
B209264,Food,18,500000.0,406629.71,18.67,0,0,80560.84,55.72,0
B203084,Manufacturing,53,838931.46,655795.57,21.83,0,0,122953.81,45.61,0
B208053,Services,21,500000.0,322941.0,35.41,0,0,133758.8,53.32,0
B201276,Food,17,500000.0,419580.15,16.08,0,0,62565.13,58.43,0
B201103,Manufacturing,29,500000.0,325071.61,34.99,0,0,112955.07,53.68,0
B204747,Manufacturing,40,500000.0,396509.68,20.7,0,0,44052.23,47.24,0
B204148,IT,33,500000.0,392934.3,21.41,0,0,73676.84,49.57,0
B203240,Retail,25,500000.0,434664.75,13.07,0,0,46950.29,55.14,0
B208758,Retail,33,500000.0,418156.71,16.37,0,0,59157.79,52.97,0
B206211,Services,27,500000.0,377013.24,24.6,0,0,,48.59,0
B206784,,3,500000.0,361924.78,27.62,1,1,68722.61,56.99,0
B208490,Healthcare,8,500000.0,426179.12,14.76,0,0,48964.83,58.69,0
B200509,Services,18,500000.0,359518.27,28.1,1,0,40932.23,42.07,0
B207792,Retail,5,500000.0,392041.77,21.59,0,0,77937.34,57.89,0
B201551,services,37,500000.0,312524.31,37.5,0,0,20002.66,39.65,0
B203572,Retail,27,500000.0,401639.08,19.67,1,0,53715.51,53.78,0
B202329,Services,18,500000.0,398003.01,20.4,0,0,115238.74,55.11,0
B207445,Healthcare,25,500000.0,383472.71,23.31,0,0,72810.37,58.05,0
B208390,Manufacturing,23,500000.0,415940.76,16.81,0,0,353050.0,53.64,0
B208510,,3,500000.0,394565.41,21.09,1,0,89777.33,47.61,0
B207877,Food,41,500000.0,400252.14,19.95,1,0,49978.64,47.75,0
B205207,IT,25,500000.0,354576.89,29.08,0,0,,46.07,0
B203323,IT,38,500000.0,362491.23,27.5,0,0,100840.33,45.18,0
B205913,Food,13,500000.0,422754.05,15.45,0,0,28427.47,49.15,0
B203307,Retail,30,500000.0,374352.94,25.13,0,0,54748.07,52.42,0
B204166,Retail,27,500000.0,410106.86,,0,0,56926.11,56.45,0
B206585,Healthcare,9,592471.85,463742.46,21.73,0,0,84649.55,37.06,0
B208152,Services,28,500000.0,340917.34,31.82,0,0,96250.55,49.18,0
B208363,Manufacturing,32,503443.11,389745.64,22.58,1,1,73043.59,72.12,1
B209463,IT,17,500000.0,368218.5,26.36,0,0,112520.57,42.17,0
B201511,IT,12,500000.0,369704.5,26.06,1,0,82130.07,52.47,0
B202492,IT,26,582442.62,415076.98,28.74,0,0,,48.63,0
B203945,Retail,32,500000.0,419212.27,16.16,1,0,81779.28,57.09,0
B208257,Retail,29,500000.0,441937.77,11.61,1,0,357678.21,51.32,0
B205258,IT,23,500000.0,348927.39,30.21,0,0,59591.93,50.67,0
B203724,Retail,13,500000.0,435156.19,12.97,1,0,80097.89,55.85,0
B206383,Manufacturing,49,500000.0,348331.69,30.33,1,0,,44.52,0
B206286,Manufacturing,43,500000.0,404991.35,19.0,1,0,95938.73,57.88,0
B209595,Services,32,500000.0,361906.56,27.62,0,0,73438.01,46.66,0
B202735,IT,27,500000.0,371896.63,25.62,1,1,52450.44,69.71,1
B200222,Healthcare,3,500000.0,364248.54,27.15,0,0,134074.5,49.46,0
B207056,Manufacturing,46,500000.0,403875.99,19.22,0,0,15457.88,49.7,0
B205322,Healthcare,5,500000.0,422111.43,15.58,1,0,63111.39,54.98,0
B207421,Retail,19,500000.0,466138.71,,0,0,76299.77,53.26,0
B209753,IT,26,500000.0,406925.92,18.61,0,0,67908.13,53.24,0
B202504,Manufacturing,49,3023296.77,434321.8,13.14,1,0,37488.59,53.94,0
B209112,Manufacturing,61,686475.45,545149.21,20.59,1,0,102470.74,63.14,1
B203073,IT,27,500000.0,370397.91,25.92,0,0,65542.21,54.51,0
B206008,Manufacturing,45,500000.0,391410.01,21.72,0,0,68159.69,57.48,0
B205726,Healthcare,15,500000.0,358749.09,28.25,0,0,56174.27,47.36,0
B206922,Food,9,2050904.14,377714.14,24.46,0,0,96994.6,49.27,0
B203626,IT,10,592328.55,436298.08,26.34,1,0,51881.63,54.27,0
B206928,Food,6,500000.0,381487.08,23.7,0,0,59514.72,45.03,0
B205236,Healthcare,19,1908284.22,404417.02,19.12,0,0,75584.49,51.51,0
B200094,Food,36,500000.0,423022.08,15.4,1,0,46279.5,44.93,0
B208438,Healthcare,16,500000.0,402016.4,19.6,1,0,93265.21,51.46,0
B209797,Healthcare,21,500000.0,399552.64,20.09,0,0,86247.04,47.52,0
B200640,Healthcare,12,500000.0,370911.33,25.82,1,0,164834.7,46.75,0
B205755,Retail,28,500000.0,407142.05,18.57,0,0,66024.9,52.68,0
B209719,Manufacturing,61,500000.0,402828.2,19.43,1,0,71950.76,56.79,0
B203201,Retail,26,500000.0,384709.12,23.06,1,0,627961.51,44.48,0
B207374,Retail,27,500000.0,483701.26,3.26,1,0,52193.25,62.97,1
B200010,Manufacturing,42,500000.0,370190.21,25.96,1,0,61390.15,44.41,0
B204546,Healthcare,32,500000.0,372827.19,25.43,0,0,41228.96,50.06,0
B200221,Retail,26,500000.0,392556.89,21.49,0,0,75182.27,57.96,0
B202945,Retail,36,500000.0,424883.93,15.02,1,0,153856.41,50.03,0
B201156,Retail,14,500000.0,408260.95,18.35,0,0,58271.94,63.44,1
B203560,Manufacturing,53,500000.0,365959.27,26.81,0,0,58883.27,44.86,0
B209164,Retail,36,500000.0,420577.89,15.88,1,0,89574.73,55.21,0
B202654,Food,20,500000.0,414768.47,17.05,0,0,58141.62,55.86,0
B202552,Retail,23,500000.0,356094.19,,1,0,,43.34,0
B203125,Retail,3,500000.0,395536.37,20.89,0,0,57776.02,56.19,0
B200489,Retail,27,500000.0,435857.32,12.83,1,1,29569.6,68.07,1
B204449,Manufacturing,39,500000.0,443167.56,11.37,0,0,56842.43,54.96,0
B200791,Services,14,500000.0,412929.76,17.41,0,0,62322.48,51.82,0
B200230,Manufacturing,45,500000.0,426514.77,14.7,1,0,68390.13,60.0,1
B200612,Services,3,500000.0,381096.89,23.78,0,0,94409.0,39.35,0
B200822,Services,30,500000.0,392852.7,21.43,0,0,112705.43,48.75,0
B201789,Food,32,500000.0,363664.81,27.27,1,0,62071.57,52.44,0
B207489,Retail,37,1092285.71,878496.94,19.57,0,0,204382.15,52.98,0
B209087,Healthcare,25,500000.0,400129.82,19.97,0,0,88092.15,48.58,0
B208459,Retail,9,500000.0,397467.7,20.51,0,0,50952.62,55.01,0
B200816,retail,40,500000.0,431197.81,13.76,0,0,63118.24,57.93,0
B202006,,48,500000.0,347875.33,30.42,1,0,52568.07,55.68,0
B207464,Services,26,500000.0,344867.46,31.03,0,0,108692.05,52.35,0
B209859,Food,32,500000.0,404845.24,19.03,0,0,67091.35,47.37,0
B209223,Services,9,500000.0,379596.57,24.08,0,0,94664.22,44.97,0
B201576,Services,21,500000.0,381832.14,23.63,1,0,72468.1,52.85,0
B202808,Food,23,690910.53,592151.17,14.29,1,0,86893.39,53.32,0
B203408,Retail,28,500000.0,425797.23,14.84,0,0,73518.26,63.55,1
B209601,Retail,28,500000.0,330506.69,33.9,1,0,125512.62,55.31,0
B208689,Healthcare,17,500000.0,380016.99,24.0,0,0,74784.93,46.26,0
B204361,Services,14,500000.0,376560.65,24.69,1,0,87999.02,51.57,0
B201196,Retail,31,500000.0,402288.06,19.54,1,0,115593.51,49.22,0
B205787,Retail,10,500000.0,433602.32,13.28,1,0,58664.45,56.33,0
B208847,healthcare,5,500000.0,2723720.13,17.93,0,0,229495.38,53.25,0
B207687,IT,3,500000.0,345119.38,30.98,1,0,49073.48,48.39,0
B200739,Manufacturing,47,500000.0,389236.78,22.15,1,0,78050.37,57.77,0
B203149,Services,44,500000.0,365238.08,,1,0,62978.88,48.31,0
B208057,Services,29,500000.0,346764.75,30.65,0,0,57642.4,49.62,0
B209723,Manufacturing,35,500000.0,416053.63,16.79,0,0,59705.43,56.34,0
B209392,Manufacturing,49,500000.0,396927.87,20.61,0,0,0.0,55.26,0
B206235,Manufacturing,55,500000.0,358969.47,28.21,0,0,105517.04,46.9,0
B205067,Manufacturing,42,500000.0,392838.66,21.43,0,0,98742.96,43.63,0
B204016,Manufacturing,20,500000.0,387688.41,22.46,0,0,94708.27,50.6,0
B201054,Food,36,500000.0,385103.41,22.98,0,0,42890.51,44.85,0
B206061,Healthcare,3,658283.21,489402.13,25.65,0,0,67132.24,50.69,0
B202245,Manufacturing,46,500000.0,430614.33,,1,0,55190.1,48.68,0
B206827,services,3,3166883.14,331405.77,33.72,0,0,123123.13,36.56,0
B202393,Healthcare,17,500000.0,418455.35,16.31,0,0,75099.35,50.77,0
B201702,Services,16,500000.0,296485.99,40.7,0,0,89011.45,35.95,0
B203869,Retail,33,503438.75,380480.79,24.42,1,0,69654.66,55.03,0
B200275,Manufacturing,37,500000.0,349518.71,30.1,1,0,114668.94,43.05,0
B207937,Food,7,500000.0,438651.11,12.27,1,1,58472.89,80.17,1
B206259,Healthcare,32,500000.0,417928.75,16.41,0,0,13147.78,53.84,0
B202746,Retail,23,500000.0,420707.05,15.86,0,0,54374.28,45.39,0
B202339,Manufacturing,62,500000.0,388057.56,22.39,0,0,66780.25,52.62,0
B208931,Manufacturing,36,500000.0,352690.56,29.46,1,0,87360.1,43.86,0
B201457,IT,20,500000.0,348718.21,30.26,0,0,56142.54,53.64,0
B201353,Food,15,500000.0,339098.43,32.18,0,0,117122.61,47.55,0
B207628,Retail,30,500000.0,477720.11,4.46,1,0,52957.3,56.73,0
B201608,IT,29,500000.0,375327.4,24.93,0,0,90291.59,52.52,0
B204086,Healthcare,27,500000.0,406377.7,18.72,0,0,56425.06,41.39,0
B203067,IT,26,500000.0,382055.21,23.59,1,0,94137.15,49.08,0
B207310,Manufacturing,34,500000.0,361332.84,27.73,0,0,85260.78,43.08,0
B204864,Retail,38,500000.0,438247.23,12.35,1,1,77130.7,70.43,1
B206516,Services,3,500000.0,339101.25,32.18,0,0,140352.57,47.53,0
B201613,Manufacturing,60,500000.0,385693.86,22.86,1,0,,53.62,0
B208548,,28,516733.13,413299.46,20.02,0,0,45306.05,48.51,0
B204068,Manufacturing,66,500000.0,411161.03,17.77,1,0,100350.9,65.02,1
B209716,Manufacturing,64,500000.0,355547.18,28.89,0,0,75459.36,57.67,0
B205881,Healthcare,31,500000.0,411099.1,17.78,0,0,65664.46,52.9,0
B201863,IT,16,546400.66,372180.25,31.89,0,0,114164.43,39.25,0
B201282,Retail,45,500000.0,1807148.12,21.17,0,0,81140.45,61.04,1
B206931,Food,5,500000.0,372369.76,25.53,0,0,57222.76,47.6,0
B201736,Food,3,500000.0,417230.07,16.55,1,0,57983.97,56.76,0
B202249,,52,500000.0,420022.86,16.0,0,0,78954.24,57.08,0
B209755,Retail,35,500000.0,382646.82,23.47,0,0,96128.09,53.42,0
B201764,Healthcare,18,500000.0,403389.68,19.32,0,0,59869.86,59.31,0
B203026,retail,20,500000.0,423052.01,15.39,1,0,70165.05,46.2,0
B204126,Services,24,2036131.49,347216.36,30.56,1,0,55143.62,42.52,0
B204930,Food,11,500000.0,423500.36,15.3,0,0,58555.58,56.45,0
B207429,Retail,49,500000.0,452307.33,9.54,1,0,,60.32,1
B203165,IT,32,628307.29,426500.64,32.12,0,0,84214.75,54.55,0
B203566,Retail,18,500000.0,430050.05,13.99,1,0,89598.56,59.74,0
B209074,Food,38,500000.0,411068.56,17.79,0,0,129116.17,42.38,0
B208760,IT,28,524096.68,381127.92,27.28,0,0,114595.13,54.64,0
B208209,Food,27,500000.0,402263.8,19.55,0,0,71755.6,54.35,0
B204168,Retail,39,500000.0,2371451.13,20.05,1,1,75569.2,71.57,1
B201619,Manufacturing,68,500000.0,399719.16,20.06,0,0,80849.88,59.37,0
B208708,Services,13,500000.0,353217.73,29.36,0,0,85725.71,44.53,0
B206017,Food,9,500000.0,369861.8,26.03,0,0,65584.07,47.6,0
B203338,Retail,16,500000.0,425171.14,14.97,0,0,30571.14,55.62,0
B207076,Services,32,500000.0,342029.89,31.59,0,0,68696.11,54.97,0
B204845,IT,24,537887.29,403077.39,25.06,0,0,67012.73,48.21,0
B207640,Healthcare,17,500000.0,400038.36,19.99,1,0,76371.34,48.55,0
B202417,IT,6,500000.0,366130.12,26.77,0,0,89722.08,45.91,0
B202428,IT,25,500000.0,356273.33,28.75,0,0,96225.77,55.61,0
B200194,Manufacturing,37,500000.0,387993.51,22.4,0,0,91449.28,48.75,0
B209812,Healthcare,13,500000.0,359455.22,28.11,0,0,110125.35,41.71,0
B200991,,27,500000.0,431529.61,13.69,0,0,57302.83,55.66,0
B207951,Manufacturing,50,508587.88,446484.66,12.21,0,0,71279.5,65.41,1
B202015,Food,31,500000.0,393236.29,21.35,0,0,71584.43,53.59,0
B208991,IT,19,500000.0,327955.05,34.41,0,0,78267.23,49.99,0
B204304,Food,8,500000.0,364415.26,27.12,1,0,138498.97,36.42,0
B205294,Manufacturing,15,500000.0,386407.77,22.72,0,0,81172.67,48.88,0
B208937,Services,46,500000.0,423243.74,15.35,1,0,52510.93,50.82,0
B200054,Food,23,500000.0,407975.64,18.4,0,0,75626.11,55.23,0
B201304,Healthcare,6,500000.0,416548.97,16.69,0,0,65100.64,50.0,0
B208377,,33,500000.0,393850.79,21.23,0,0,55958.16,47.76,0
B204154,Retail,28,500000.0,361666.82,27.67,0,0,107506.49,51.1,0
B200849,Manufacturing,60,500000.0,401710.54,19.66,1,0,93817.0,51.46,0
B202951,Services,23,500000.0,383321.67,23.34,1,0,49925.91,55.34,0
B205163,Food,62,500000.0,366246.8,26.75,1,0,0.0,53.2,0
B204707,Healthcare,3,500000.0,1354593.04,14.16,0,0,68588.49,53.63,0
B203339,Services,22,565830.98,459502.29,18.79,0,0,126650.16,54.55,0
B206806,Retail,45,500000.0,422805.12,15.44,1,0,34018.06,57.99,0
B205622,Manufacturing,51,539894.79,407794.89,24.47,0,0,110861.91,53.45,0
B201516,Retail,27,500000.0,456039.9,8.79,0,0,72371.49,57.86,0
B200727,Healthcare,3,500000.0,378243.39,24.35,0,0,94886.44,50.49,0
B208744,IT,28,556556.91,396129.85,28.82,1,0,110520.91,51.51,0
B204480,Food,34,500000.0,375914.52,24.82,0,0,42894.25,52.72,0
B209847,Retail,43,500000.0,1362397.23,24.62,1,0,89007.65,53.25,0
B202159,Healthcare,11,500000.0,396535.15,,0,0,65612.89,55.66,0
B201711,Services,19,500000.0,345903.84,30.82,1,1,117292.88,60.41,1
B203481,Manufacturing,50,500000.0,421482.85,15.7,0,0,79313.14,47.55,0
B201695,Retail,25,500000.0,398517.8,20.3,0,0,90493.16,57.39,0
B203259,Retail,20,500000.0,379109.06,24.18,0,0,80816.93,51.14,0
B204516,Services,19,525652.04,350472.07,33.33,0,0,129549.39,53.24,0
B207196,Manufacturing,37,500000.0,406166.87,18.77,1,0,59063.97,46.79,0
B205335,Healthcare,7,500000.0,403419.1,19.32,1,0,74400.1,50.76,0
B206438,Services,20,500000.0,341863.73,31.63,0,0,90950.79,49.75,0
B201446,IT,8,500000.0,331872.17,33.63,0,0,75234.87,51.02,0
B205647,Retail,11,500000.0,441988.21,11.6,0,0,59827.46,52.06,0
B201462,Food,22,502745.09,420806.16,16.3,1,0,464042.83,49.96,0
B209299,Manufacturing,37,500000.0,438606.15,12.28,0,0,83510.6,43.9,0
B208872,Services,3,500000.0,318374.3,36.33,0,0,128983.76,39.39,0
B204715,Food,23,500000.0,378738.89,24.25,0,0,74251.97,60.37,1
B208500,Manufacturing,60,500000.0,418477.35,16.3,0,0,68690.91,54.75,0
B209258,Manufacturing,47,698485.37,602880.2,13.69,0,0,69661.27,58.01,0
B208337,Food,25,500000.0,431577.34,13.68,0,0,60018.39,57.05,0
B209735,Healthcare,26,500000.0,369932.78,26.01,1,0,66312.93,52.02,0
B206301,IT,23,500000.0,339907.16,32.02,1,0,75733.22,43.92,0
B201400,Food,39,500000.0,387124.76,22.58,0,0,330102.93,53.17,0
B200986,Food,15,500000.0,407567.7,18.49,0,0,80996.85,52.19,0
B206926,Healthcare,7,500000.0,404696.56,19.06,0,0,73458.35,53.31,0
B205094,Manufacturing,56,500000.0,388705.08,22.26,0,0,58796.87,48.29,0
B204942,Healthcare,11,500000.0,364559.07,27.09,0,0,40969.97,58.84,0
B209219,Services,40,500000.0,420134.46,15.97,1,0,33891.26,52.02,0
B206467,Food,30,500000.0,384525.61,23.09,0,0,18743.83,52.01,0
B209318,Manufacturing,51,500000.0,414480.36,17.1,1,0,82677.21,53.2,0
B202948,Services,21,500000.0,391890.23,21.62,0,0,68177.96,44.65,0
B203322,Retail,15,500000.0,412028.26,17.59,1,0,40117.77,48.76,0
B205897,Healthcare,13,500000.0,347939.57,30.41,1,0,99363.32,50.44,0
B204483,Retail,28,500000.0,398609.22,20.28,0,0,84097.42,54.94,0
B204143,Services,9,500000.0,426565.68,14.69,0,0,56750.89,57.29,0
B205013,Healthcare,26,500000.0,366680.43,26.66,0,0,91321.13,41.65,0
B208253,IT,38,500000.0,326808.43,34.64,0,0,127886.94,48.56,0
B205407,IT,16,500000.0,2264294.69,28.53,1,1,93440.84,59.18,0
B201201,Healthcare,18,500000.0,403976.82,19.2,1,0,55084.22,43.5,0
B209094,Manufacturing,30,500000.0,385844.15,22.83,1,0,66648.39,56.64,0
B203371,Retail,38,500000.0,367311.65,26.54,0,0,84087.06,50.91,0
B208780,Retail,53,500000.0,422585.92,15.48,0,0,84216.66,63.08,1
B207663,Healthcare,18,500000.0,393102.69,,0,0,78972.48,47.58,0
B208875,Manufacturing,42,500000.0,351645.22,29.67,0,0,58613.89,52.05,0
B204834,Healthcare,32,500000.0,412122.56,17.58,0,0,74538.47,66.49,1
B202105,Healthcare,29,500000.0,385799.34,22.84,0,0,82956.66,49.93,0
B207753,,41,500000.0,457998.26,8.4,0,0,51248.62,49.54,0
B200594,Services,7,500000.0,404291.52,19.14,0,0,121808.73,51.44,0
B201440,Food,25,500000.0,437627.16,12.47,0,0,15776.93,55.97,0
B205749,Retail,48,565134.98,404002.93,28.51,1,0,76524.66,41.56,0
B200709,Services,9,500000.0,333547.45,33.29,0,0,75507.53,44.16,0
B209524,Services,15,500000.0,367889.62,26.42,0,0,562297.56,42.54,0
B209800,IT,19,500000.0,316154.58,36.77,0,0,119700.72,43.4,0
B203070,Services,42,2572917.09,342828.81,31.43,0,0,68199.61,36.87,0
B205044,Services,20,500000.0,337248.53,32.55,0,0,,40.49,0
B201422,Healthcare,9,500000.0,407220.53,18.56,0,0,59265.95,40.07,0
B202131,Retail,25,500000.0,381460.69,23.71,1,0,78059.22,47.3,0
B204683,Retail,19,500000.0,436974.58,12.61,1,1,63238.05,79.46,1
B206176,Services,18,500000.0,442783.88,11.44,0,0,40106.23,55.73,0
B207093,IT,4,500000.0,289308.6,42.14,0,0,114335.61,43.94,0
B207987,IT,44,2761307.82,422267.61,15.55,0,0,31478.68,57.2,0
B200876,Manufacturing,41,500000.0,361722.89,27.66,0,0,103603.18,49.84,0
B205021,Retail,4,500000.0,397347.05,20.53,1,0,46467.23,48.46,0
B202123,Food,7,500000.0,2066544.16,27.05,1,0,89854.01,49.95,0
B200554,Healthcare,24,500000.0,426453.19,14.71,0,0,95807.44,54.66,0
B207901,Manufacturing,51,565758.44,438366.43,22.52,1,0,64525.81,49.48,0
B208001,manufacturing,50,500000.0,367813.59,26.44,0,0,75468.38,50.45,0
B205861,Food,17,500000.0,394516.94,21.1,0,0,106217.6,47.78,0
B207286,,21,500000.0,428794.52,14.24,0,0,89298.0,47.8,0
B203838,Services,23,500000.0,367018.86,26.6,0,0,70039.92,51.88,0
B200689,Retail,26,500000.0,408373.66,18.33,1,0,72663.3,52.12,0
B207506,Retail,43,500000.0,431131.44,,1,0,41245.25,52.42,0
B203244,Healthcare,32,500000.0,378228.34,24.35,0,0,100743.75,49.29,0
B205848,Retail,37,500000.0,435001.26,13.0,0,0,63443.65,58.41,0
B204943,Retail,9,500000.0,386240.18,22.75,1,0,56225.95,53.3,0
B209472,Services,22,500000.0,381807.49,23.64,1,0,93866.59,48.83,0
B203809,Manufacturing,51,500000.0,410640.74,17.87,0,0,61933.04,53.01,0
B209271,Food,24,574368.03,450633.38,21.54,0,0,102065.1,55.64,0
B202062,Services,14,500000.0,362048.62,27.59,0,0,153081.99,40.86,0
B208596,Retail,48,500000.0,439768.31,12.05,1,0,65260.84,60.09,1
B209426,Food,26,500000.0,436883.85,12.62,0,0,52937.28,55.84,0
B203524,,44,500000.0,399955.87,20.01,0,0,80785.06,47.94,0
B201652,Food,11,500000.0,411318.81,17.74,0,0,54026.74,59.35,0
B208342,Manufacturing,56,500000.0,1637862.13,26.57,1,0,43793.25,44.31,0
B203929,Food,22,500000.0,371277.69,25.74,1,0,47011.43,65.9,1
B209598,Services,15,500000.0,429446.18,14.11,1,0,67999.18,52.16,0
B200130,Services,33,500000.0,337097.42,32.58,0,0,95993.15,45.46,0
B208959,Services,24,500000.0,380432.25,23.91,0,0,64457.68,53.04,0
B206621,Services,21,500000.0,344653.37,31.07,0,0,73825.46,52.15,0
B208909,Services,31,1915259.71,394400.77,21.12,0,0,103571.0,53.71,0
B200172,IT,30,500000.0,403879.01,19.22,0,0,86858.31,49.42,0
B205556,Food,3,500000.0,402771.56,19.45,0,0,44358.06,48.35,0
B200103,Healthcare,22,500000.0,363095.86,27.38,0,0,52690.96,62.24,1
B204537,IT,18,857552.23,639971.32,25.37,0,0,146502.62,52.53,0
B204026,Manufacturing,44,945446.61,769912.43,18.57,0,0,108887.96,59.39,0
B202797,IT,5,3231309.49,402188.53,19.56,0,0,65380.36,55.09,0
B201123,Retail,10,500000.0,386943.42,22.61,0,0,51899.44,45.33,0
B204934,Services,19,500000.0,407513.59,18.5,0,0,82793.27,57.16,0
B201796,services,7,500000.0,380013.84,24.0,0,0,64550.81,59.37,0
B200925,Services,13,500000.0,350897.25,29.82,0,0,114887.95,42.7,0
B201031,IT,20,500000.0,300494.2,39.9,0,0,51067.14,36.75,0
B200144,manufacturing,69,500000.0,392340.48,21.53,0,0,76273.54,53.7,0
B203819,Food,16,500000.0,377897.43,24.42,0,0,104791.68,46.9,0
B204214,Healthcare,35,500000.0,412550.07,17.49,1,0,116029.98,50.14,0
B201289,,58,500000.0,395650.93,20.87,0,0,71843.13,52.23,0
B208138,IT,27,652354.86,466959.17,28.42,0,0,119655.78,48.5,0
B206440,Services,24,500000.0,349529.05,30.09,0,0,103096.33,54.05,0
B201351,Food,3,500000.0,429213.63,14.16,0,0,63878.16,60.54,1
B202980,Retail,35,500000.0,390450.86,21.91,0,0,100298.41,47.46,0
B204025,Services,22,500000.0,413025.34,,1,0,68162.99,53.85,0
B207414,Manufacturing,38,500000.0,2252775.5,25.11,1,0,37334.59,55.15,0
B208964,Retail,41,500000.0,428350.62,14.33,1,0,68397.98,55.88,0
B204568,IT,5,500000.0,384501.5,23.1,1,0,40171.63,57.0,0
B204848,Services,30,500000.0,432014.32,,1,0,23867.38,56.73,0
B202167,Services,30,500000.0,377574.54,24.49,0,0,116864.14,46.65,0
B203011,Manufacturing,57,500000.0,456983.96,8.6,0,0,61655.97,56.43,0
B201128,Healthcare,6,500000.0,374920.15,25.02,0,0,80735.02,54.84,0
B208836,Healthcare,36,500000.0,354382.0,29.12,0,0,82963.52,44.22,0
B207309,Food,15,500000.0,377614.55,24.48,1,0,58881.04,49.56,0
B205251,Healthcare,32,500000.0,416539.2,16.69,1,1,53840.72,67.58,1
B209405,IT,31,500000.0,346688.36,30.66,1,0,120169.14,44.43,0
B201371,Services,13,500000.0,378827.97,24.23,0,0,76009.3,51.06,0
B209288,,46,500000.0,355797.94,28.84,1,0,69350.44,45.41,0
B208567,Services,21,500000.0,435100.35,12.98,1,0,80054.84,54.32,0
B204907,Manufacturing,43,912123.3,777849.42,14.72,1,0,85605.39,53.97,0
B208925,Food,15,500000.0,395923.71,20.82,0,0,132199.03,48.76,0
B204740,Retail,13,500000.0,378811.83,24.24,0,0,72521.5,65.27,1
B201260,Healthcare,28,500000.0,379390.88,24.12,0,0,74211.52,52.46,0
B204132,Services,35,500000.0,342928.13,,0,0,93397.77,37.66,0
B207145,Healthcare,13,500000.0,374358.15,25.13,0,0,,49.24,0
B209786,Healthcare,9,799925.09,680104.32,14.98,0,0,115418.57,46.82,0
B200980,Services,40,500000.0,387061.92,22.59,0,0,97239.22,52.95,0
B209693,Manufacturing,75,532299.06,448821.13,15.68,0,0,57493.49,51.42,0
B204789,Retail,30,500000.0,402744.03,19.45,0,0,63426.0,53.18,0
B200584,Retail,66,500000.0,414418.17,17.12,0,0,45015.3,50.99,0
B205482,Food,29,500000.0,364836.58,27.03,1,0,113232.43,44.84,0
B200460,Healthcare,24,500000.0,423159.84,15.37,0,0,21886.3,61.22,1
B201578,Food,40,500000.0,369063.68,26.19,0,0,84942.42,63.12,1
B205845,Retail,8,500000.0,409666.77,18.07,0,0,51315.7,49.38,0
B203475,Food,27,500000.0,371473.41,25.71,0,0,89838.02,48.75,0
B201396,Healthcare,3,500000.0,380030.16,,1,0,117641.73,46.32,0
B208555,Retail,52,3428453.96,2707330.27,18.51,1,0,115987.02,43.76,0
B205985,Services,17,500000.0,362455.49,27.51,1,0,62365.79,48.11,0
B203450,Manufacturing,57,500000.0,322231.69,35.55,1,0,86659.49,45.71,0
B204384,Manufacturing,34,500000.0,403324.01,19.34,1,0,72934.7,48.1,0
B205161,Services,25,500000.0,385944.04,22.81,0,0,69899.26,50.79,0
B201715,,22,500000.0,404237.49,19.15,0,0,69464.07,50.98,0
B208833,Services,3,500000.0,365750.4,26.85,1,0,22203.87,40.74,0
B204006,Retail,26,500000.0,421169.58,15.77,1,0,63003.04,60.99,1
B202693,,43,500000.0,388007.05,22.4,1,0,69270.07,46.5,0
B205065,Retail,26,684464.38,520378.06,23.97,0,0,100970.86,42.93,0
B206505,Food,18,500000.0,451619.58,9.68,1,0,,48.71,0
B204894,Healthcare,10,500000.0,339616.69,32.08,0,0,118792.6,48.47,0
B208099,Healthcare,39,500000.0,449013.68,10.2,1,0,59425.72,59.89,0
B202541,Services,22,500000.0,366698.14,26.66,0,0,91337.16,44.4,0
B201105,IT,6,500000.0,2138196.52,,0,0,43560.6,46.51,0
B207801,IT,23,500000.0,399200.03,20.16,0,0,69189.42,49.98,0
B200659,Services,47,500000.0,335497.32,32.9,0,0,111545.58,40.98,0
B202765,Healthcare,45,539736.24,421134.05,21.97,0,0,82196.72,56.66,0
B207635,IT,7,500000.0,381609.92,23.68,1,0,76946.52,58.37,0
B207963,Manufacturing,43,500000.0,344211.78,31.16,0,0,77583.93,54.31,0
B204519,Services,32,500000.0,402900.19,19.42,0,0,81300.19,48.78,0
B200424,IT,11,500000.0,341547.85,31.69,0,0,77380.22,39.3,0
B204271,Manufacturing,43,500000.0,442537.05,11.49,1,0,64434.42,58.23,0
B209384,manufacturing,40,500000.0,379508.91,24.1,0,0,36201.53,49.97,0
B205243,Healthcare,17,500000.0,386289.36,22.74,0,0,27770.7,49.38,0
B204373,food,39,500000.0,402697.7,19.46,0,0,60109.45,45.76,0
B205400,Manufacturing,47,500000.0,387009.09,,0,0,43068.66,52.69,0
B206171,Retail,17,500000.0,475896.78,4.82,0,0,22811.18,63.4,1
B209343,Services,3,500000.0,355828.88,28.83,0,0,64227.69,46.1,0
B204575,Food,11,500000.0,333674.02,33.27,1,0,125741.16,45.63,0
B206694,Retail,24,500000.0,359817.59,28.04,0,0,49942.64,42.18,0
B200395,Food,8,500000.0,368361.29,26.33,0,0,103390.17,38.91,0
B202416,Manufacturing,45,500000.0,389215.33,22.16,1,0,71643.45,55.7,0
B209117,Services,15,500000.0,353691.27,29.26,0,0,59169.01,50.25,0
B200109,Retail,22,500000.0,398953.5,20.21,1,0,101875.92,52.28,0
B203200,Healthcare,24,500000.0,390974.7,21.81,0,0,92060.14,53.65,0
B205472,Manufacturing,44,500000.0,401755.75,19.65,0,0,56140.97,56.67,0
B205572,Services,15,689068.88,516016.04,25.11,0,0,97332.4,48.95,0
B204481,Services,38,500000.0,397498.02,20.5,0,0,81689.1,47.1,0
B203248,Retail,17,500000.0,418066.93,16.39,1,0,94245.44,53.85,0
B200650,Services,21,500000.0,377465.22,24.51,0,0,98770.95,45.21,0
B204640,IT,9,500000.0,332626.52,33.47,0,0,,45.84,0
B203131,Services,20,500000.0,352633.82,29.47,0,0,59816.32,46.13,0
B200582,Food,30,500000.0,392867.29,21.43,0,0,48098.98,49.02,0
B200231,Services,11,500000.0,380628.71,23.87,0,0,83554.63,46.31,0
B206525,Manufacturing,60,500000.0,393385.11,21.32,0,0,39838.0,53.41,0
B200135,Retail,45,500000.0,360744.98,27.85,0,0,67830.53,55.78,0
B200062,Retail,19,500000.0,436861.34,12.63,0,0,54599.82,49.96,0
B209467,Retail,10,500000.0,389019.19,,0,0,100156.5,48.48,0
B200148,Retail,13,500000.0,462344.92,7.53,1,0,60641.88,57.01,0
B206900,Retail,30,500000.0,455338.59,8.93,0,0,39135.36,61.73,1
B200281,Services,40,500000.0,383410.38,23.32,0,0,86548.72,55.28,0
B201945,Retail,53,500000.0,422833.74,15.43,1,0,56191.73,65.71,1
B205972,,25,662235.18,491716.21,25.75,0,0,64596.73,45.66,0
B206263,,19,500000.0,422071.6,15.59,0,0,94974.36,50.94,0
B205528,Food,49,500000.0,381230.11,23.75,0,0,75078.28,51.2,0
B205425,Retail,32,500000.0,394838.49,21.03,0,0,63198.97,52.0,0
B204664,Services,31,500000.0,351818.05,29.64,0,0,107538.21,45.61,0
B209135,Services,23,500000.0,372207.34,25.56,0,0,48486.47,42.81,0
B204161,Retail,23,500000.0,424249.23,15.15,1,0,40317.82,61.14,1
B206486,Retail,14,500000.0,450447.49,9.91,0,0,56729.2,53.43,0
B209973,Retail,24,500000.0,408130.79,18.37,0,0,18792.35,50.55,0
B209835,Services,27,500000.0,392859.39,21.43,0,0,66261.63,48.45,0
B204588,Retail,44,500000.0,381952.73,23.61,0,0,25172.03,60.41,1
B202942,Services,28,500000.0,320590.9,35.88,0,0,84332.77,39.31,0
B203245,IT,24,500000.0,353554.47,29.29,1,0,89135.84,44.26,0
B209191,Retail,25,500000.0,452736.35,9.45,1,0,56547.28,47.77,0
B207743,Services,18,500000.0,334711.03,33.06,1,1,91339.95,59.05,0
B203774,services,36,500000.0,360774.0,27.85,0,0,65447.94,50.91,0
B201932,Retail,32,500000.0,417711.3,16.46,0,0,96451.95,49.87,0
B207130,Manufacturing,41,500000.0,351323.87,29.74,0,0,146268.89,49.91,0
B201657,IT,27,500000.0,360002.31,28.0,1,0,59602.21,47.51,0
B203251,Manufacturing,61,500000.0,444002.54,11.2,1,0,74300.51,54.78,0
B208897,Retail,31,500000.0,480400.64,3.92,1,0,51878.45,55.67,0
B207425,Services,23,500000.0,368406.59,26.32,0,0,82663.85,52.11,0
B206463,IT,9,500904.54,2538894.65,23.14,0,0,389322.75,56.05,0
B201484,,43,513713.75,460404.06,10.38,1,0,50070.44,50.61,0
B200426,Manufacturing,30,500000.0,399141.07,20.17,0,0,56896.96,49.21,0
B203047,Retail,34,500000.0,401861.06,19.63,0,0,88109.38,53.47,0
B205329,Manufacturing,26,500000.0,399846.5,20.03,1,0,47174.15,65.16,1
B206360,Retail,20,500000.0,433797.56,13.24,0,0,73663.16,60.73,1
B203892,Retail,40,500000.0,392717.51,,1,0,71714.24,52.21,0
B200454,Services,21,500000.0,425238.14,14.95,1,0,510465.02,62.12,1
B203022,IT,3,500000.0,336465.02,32.71,0,0,55725.68,44.63,0
B207368,Services,30,500000.0,407947.97,18.41,0,0,78222.93,54.19,0
B201591,Food,7,500000.0,396294.36,20.74,0,0,64627.85,54.85,0
B200505,Services,31,500000.0,376508.92,24.7,0,0,57295.1,51.33,0
B204177,Retail,27,500000.0,411808.03,17.64,1,1,63120.61,69.2,1
B206927,Food,5,500000.0,392780.21,21.44,0,0,82900.51,55.27,0
B200207,Manufacturing,45,500000.0,411840.34,17.63,1,0,43487.67,62.56,1
B201177,Retail,40,500000.0,412322.76,17.54,0,0,70922.7,49.2,0
B205961,Services,24,500000.0,395262.1,20.95,0,0,54802.51,57.94,0
B205770,Healthcare,41,500000.0,405289.34,18.94,1,0,62751.41,56.2,0
B205390,Healthcare,25,500000.0,404089.94,,1,0,103892.15,41.66,0
B202055,Services,24,500000.0,344863.52,31.03,1,1,130798.96,62.31,1
B204320,Healthcare,3,500000.0,397944.18,20.41,0,0,65562.54,49.91,0
B200495,Retail,43,500000.0,430769.26,13.85,0,0,48034.64,53.29,0
B204286,Food,9,500000.0,390993.78,21.8,0,0,73923.08,56.03,0
B203385,IT,14,500000.0,376322.7,24.74,0,0,59820.63,60.89,1
B201237,Manufacturing,35,500000.0,358723.59,28.26,0,0,98653.1,34.29,0
B203935,IT,6,500000.0,361198.46,27.76,0,0,92853.62,53.71,0
B209940,Retail,25,500000.0,380625.49,23.87,1,0,78110.73,49.28,0
B208497,Healthcare,27,500000.0,357975.22,28.4,0,0,61154.58,52.08,0
B204540,Healthcare,26,500000.0,430786.67,13.84,0,0,104972.76,49.08,0
B209093,Food,32,500000.0,381793.54,23.64,1,0,,59.48,0
B202354,Manufacturing,54,500000.0,470602.99,5.88,0,0,67006.15,58.92,0
B205843,Services,3,500000.0,347401.24,30.52,0,0,123721.78,41.22,0
B208137,Food,14,500000.0,408163.2,18.37,0,0,87049.13,54.25,0
B206208,Food,31,500000.0,371376.85,25.72,0,0,54945.6,57.25,0
B202603,,12,500000.0,388368.86,22.33,0,0,75030.16,55.75,0
B204682,Food,4,500000.0,432286.4,13.54,0,0,117588.3,56.64,0
B205700,retail,37,706293.73,647469.83,8.33,1,0,74718.68,52.43,0
B206457,Services,20,500000.0,405228.2,18.95,0,0,62140.18,64.6,1
B209483,Food,18,500000.0,361327.27,27.73,1,1,95522.72,58.15,0
B201008,Food,3,500000.0,319897.46,36.02,0,0,77001.14,41.64,0
B202899,Manufacturing,53,500000.0,376180.5,24.76,0,0,107497.07,47.46,0
B209126,Healthcare,17,500000.0,427302.19,14.54,0,0,46857.69,57.18,0
B200753,Manufacturing,22,969995.02,654331.02,32.54,1,0,208072.59,51.84,0
B208309,Manufacturing,49,500000.0,403143.78,19.37,1,0,87944.6,51.53,0
B206801,Retail,41,500000.0,427244.32,14.55,0,0,65944.49,49.4,0
B207922,Manufacturing,40,500000.0,354810.63,29.04,1,0,132371.11,47.17,0
B208657,Manufacturing,40,500000.0,420303.5,15.94,0,0,45392.3,51.93,0
B204366,Food,20,500000.0,342045.89,31.59,0,0,72536.74,45.95,0
B206012,IT,18,500000.0,314092.36,37.18,1,0,,42.5,0
B207644,Services,11,500000.0,346204.09,30.76,0,0,109394.97,55.34,0
B202057,Healthcare,29,500000.0,336258.21,32.75,0,0,85568.08,42.89,0
B203311,Retail,37,500000.0,414579.8,17.08,0,0,104267.56,50.13,0
B203832,IT,3,500000.0,373490.86,25.3,0,0,111739.28,49.69,0
B202018,Retail,31,500000.0,374515.46,25.1,1,1,100787.0,68.68,1
B203486,IT,10,500000.0,362291.54,27.54,1,0,122141.23,46.17,0
B203786,Manufacturing,53,500000.0,446384.37,10.72,1,0,69537.73,54.38,0
B207051,Retail,22,500000.0,404456.86,19.11,1,0,71718.27,52.55,0
B206729,Food,30,500000.0,428586.63,14.28,1,0,38766.03,50.02,0
B202925,Retail,47,500000.0,443811.59,11.24,0,0,90547.29,58.44,0
B206207,Services,14,500000.0,392337.1,21.53,0,0,98530.57,56.28,0
B202176,Manufacturing,39,592564.06,473061.17,20.17,1,0,71360.27,57.05,0
B208301,Retail,27,500000.0,448722.01,10.26,0,0,,57.07,0
B200801,Manufacturing,61,500000.0,337038.51,32.59,0,0,134043.39,45.59,0
B201244,Services,21,500000.0,335076.46,32.98,0,0,92428.16,46.74,0
B201189,Manufacturing,10,500000.0,394816.87,21.04,0,0,96270.68,56.17,0
B202303,Manufacturing,46,500000.0,394604.87,21.08,1,1,42264.6,67.74,1
B205057,Manufacturing,38,530204.24,376143.17,29.06,1,0,99669.97,51.46,0
B207588,,40,500000.0,348445.65,30.31,0,0,100272.17,46.5,0
B204119,Retail,3,500000.0,402948.86,19.41,1,0,51319.8,48.9,0
B203276,Retail,20,500000.0,391875.52,21.62,1,0,95467.65,48.64,0
B208296,Manufacturing,52,500000.0,371250.15,25.75,0,0,95336.07,59.71,0
B205889,Services,21,500000.0,383013.14,23.4,0,0,19714.92,51.03,0
B203621,IT,24,569011.19,470262.12,17.35,0,0,59478.82,54.02,0
B209690,Retail,36,500000.0,388995.13,22.2,0,0,86799.27,57.82,0
B200700,Services,37,500000.0,327227.15,34.55,0,0,98594.58,45.35,0
B203340,Food,18,500000.0,363643.06,27.27,0,0,73975.7,46.86,0
B207210,Manufacturing,43,500000.0,382724.43,23.46,1,0,57882.76,47.99,0
B208533,Food,25,500000.0,354048.46,29.19,0,0,,52.27,0
B201667,Manufacturing,57,638936.8,559168.83,12.48,0,0,371019.41,59.0,0
B203198,Food,25,500000.0,395840.41,20.83,0,0,51831.69,41.85,0
B208894,Healthcare,5,500000.0,380810.4,23.84,1,1,66139.98,71.2,1
B201242,Services,42,500000.0,380554.03,23.89,0,0,43716.6,51.18,0
B208400,Retail,3,500000.0,411760.88,17.65,1,1,72255.97,62.21,1
B205080,Retail,31,500000.0,420516.6,15.9,0,0,93974.88,53.82,0
B205576,Retail,46,500000.0,404740.67,19.05,0,0,86930.69,52.24,0
B208868,IT,7,500000.0,381270.62,23.75,0,0,48797.96,59.02,0
B209703,Services,42,500000.0,344375.99,31.12,0,0,71475.1,49.39,0
B203079,Healthcare,5,500000.0,448039.22,10.39,0,0,64731.88,62.1,1
B207154,Manufacturing,47,500000.0,408299.9,18.34,1,0,66050.58,57.2,0
B207212,Healthcare,16,500000.0,357462.96,28.51,0,0,65894.02,37.03,0
B203686,Retail,16,500000.0,423949.42,,1,0,61764.19,53.48,0
B205344,Manufacturing,23,500000.0,413640.27,17.27,1,0,59912.92,60.34,1
B205975,Manufacturing,65,500000.0,399169.08,20.17,0,0,73679.67,56.61,0
B205782,Food,22,500000.0,396860.39,,0,0,60293.4,46.54,0
B205512,it,18,500000.0,394539.03,21.09,0,0,92175.76,45.61,0
B207838,IT,29,500000.0,377554.43,,0,0,91721.17,58.02,0
B201818,Retail,13,500000.0,404649.6,19.07,0,0,82575.14,49.72,0
B202838,Food,39,500000.0,415897.42,16.82,0,0,63191.89,39.25,0
B201988,Retail,9,500000.0,392376.0,21.52,0,0,94888.11,49.53,0
B209633,Food,29,500000.0,391213.37,21.76,0,0,80118.41,51.42,0
B204641,Healthcare,16,500000.0,405452.21,18.91,1,0,,50.27,0
B202569,Retail,41,500000.0,396108.57,,1,0,70268.26,53.27,0
B205027,IT,14,500000.0,385314.01,22.94,0,0,82520.2,46.6,0
B208434,Retail,44,500000.0,424153.64,15.17,0,0,,49.18,0
B209642,IT,26,500000.0,354369.6,29.13,1,0,96774.78,48.18,0
B207725,retail,14,500000.0,372915.66,25.42,1,0,66973.15,55.82,0
B200198,it,15,500000.0,344263.52,,0,0,134187.41,36.79,0
B202171,Manufacturing,35,500000.0,374861.81,25.03,1,0,80030.0,56.15,0
B204032,Healthcare,20,500000.0,373779.41,25.24,0,0,86802.29,49.02,0
B202512,Retail,25,500000.0,409200.73,18.16,1,0,57627.74,43.55,0
B203690,Services,4,500000.0,408095.04,18.38,0,0,49348.22,48.65,0
B208179,Retail,22,500000.0,389619.64,22.08,0,0,,58.34,0
B204795,IT,17,522720.93,347286.37,33.56,1,0,106312.0,47.78,0
B209874,Services,28,500000.0,384669.74,23.07,0,0,87312.83,57.36,0
B208832,Food,18,500000.0,351888.08,29.62,1,0,50556.22,46.39,0
B201434,Manufacturing,46,500000.0,358060.73,28.39,1,0,131400.18,46.68,0
B209780,Food,31,500000.0,374822.36,25.04,1,0,,46.82,0
B208706,Food,17,500000.0,376030.13,24.79,0,0,48905.41,63.76,1
B209813,Manufacturing,50,500000.0,427065.65,14.59,1,0,59501.05,50.13,0
B208554,Retail,33,500000.0,456735.44,8.65,0,0,58845.91,49.41,0
B205232,Food,24,500000.0,380800.69,23.84,1,0,43584.14,43.35,0
B201211,IT,9,500000.0,353867.25,29.23,0,0,81461.65,49.17,0
B207261,Retail,33,500000.0,416510.31,16.7,0,0,53353.04,45.02,0
B204539,Manufacturing,39,500000.0,417217.87,16.56,1,1,80893.57,58.89,0
B206642,IT,28,500000.0,416081.08,16.78,0,0,79138.34,61.23,1
B200030,IT,37,500000.0,388943.32,22.21,0,0,,41.51,0
B203604,Manufacturing,26,500000.0,376727.42,24.65,0,0,85661.5,46.7,0
B203036,Services,16,500000.0,371581.3,25.68,1,0,69284.54,53.75,0
B201737,Healthcare,6,500000.0,363052.27,27.39,0,0,84603.25,55.27,0
B202537,Manufacturing,47,819953.95,503170.03,38.63,1,0,185528.35,42.53,0
B203631,Services,24,500000.0,384153.07,23.17,0,0,106597.0,60.18,1
B204813,,3,500000.0,392099.83,21.58,0,0,83727.82,49.81,0
B201958,Retail,52,500000.0,422102.42,15.58,1,0,72857.85,52.2,0
B201542,Services,19,500000.0,390763.85,21.85,0,0,70697.17,47.19,0
B207387,Services,11,500000.0,326196.8,34.76,0,0,124267.56,54.92,0
B207576,,17,500000.0,331889.41,33.62,0,0,104130.49,53.52,0
B204706,Healthcare,22,500000.0,377194.37,24.56,1,0,37539.15,46.43,0
B207568,IT,25,500000.0,309746.69,38.05,0,0,102784.58,46.14,0
B203546,IT,30,617739.85,471274.79,23.71,1,0,101627.18,45.85,0
B202304,Services,21,500000.0,368486.63,26.3,0,0,105993.67,55.04,0
B207926,Healthcare,31,500000.0,370508.31,25.9,1,1,25434.55,66.67,1
B209208,manufacturing,53,500000.0,393373.92,21.33,1,0,63849.39,57.6,0
B206343,Services,3,500000.0,394610.21,21.08,1,0,93749.95,50.34,0
B206628,Services,25,500000.0,364227.62,27.15,0,0,95036.17,49.58,0
B207089,IT,32,500000.0,419904.53,16.02,1,1,103575.02,71.81,1
B205554,IT,32,500000.0,341743.41,31.65,0,0,91994.2,45.88,0
B207695,Services,3,500000.0,382810.76,23.44,0,0,70898.31,38.98,0
B203416,Services,22,500000.0,396147.43,20.77,0,0,91394.12,55.15,0
B204432,Retail,29,500000.0,413634.88,17.27,0,0,401503.31,54.48,0
B202854,Food,12,500000.0,378050.02,24.39,1,0,90889.37,53.74,0
B202132,Manufacturing,46,500000.0,367610.43,26.48,1,0,63151.37,45.26,0
B203579,Services,10,500000.0,419455.06,16.11,0,0,43139.75,57.52,0
B201589,Retail,39,759224.88,625736.14,17.58,0,0,77796.91,53.55,0
B208378,Retail,28,500000.0,318436.6,36.31,0,0,114185.45,53.41,0
B207322,Healthcare,14,500000.0,417882.03,16.42,0,0,74317.68,50.85,0
B204958,Retail,24,500000.0,378442.9,24.31,0,0,87029.88,52.61,0
B200259,Healthcare,3,500000.0,370281.78,25.94,0,0,61005.51,49.58,0
B205941,Healthcare,40,500000.0,368408.38,26.32,0,0,127604.14,55.48,0
B203533,Retail,54,500000.0,372521.84,25.5,1,0,95614.49,55.94,0
B207016,Retail,33,500000.0,408289.38,,0,0,100962.85,51.74,0
B202003,Food,49,500000.0,420439.35,15.91,0,0,62308.68,56.44,0
B209077,IT,35,500000.0,345498.5,,0,0,129099.41,41.99,0
B202125,Retail,42,500000.0,415629.37,16.87,0,0,31426.77,54.12,0
B205805,Retail,24,500000.0,383374.05,23.33,1,0,75641.19,45.02,0
B207587,Food,23,500000.0,451506.25,9.7,0,0,17082.86,63.22,1
B200649,Services,31,500000.0,329936.3,34.01,0,0,,51.65,0
B207632,Manufacturing,36,500000.0,363700.83,27.26,1,0,77206.99,52.98,0
B201985,Retail,24,500000.0,430623.24,13.88,0,0,56933.91,63.91,1
B207206,Services,8,500000.0,340252.54,31.95,0,0,61303.73,40.64,0
B209630,Services,21,500000.0,370274.1,25.95,0,0,68214.75,41.18,0
B204448,Services,8,500000.0,344504.62,31.1,0,0,122946.23,48.83,0
B202689,Retail,29,500000.0,444670.93,11.07,1,1,77041.71,69.01,1
B201432,Services,10,500000.0,368110.65,26.38,0,0,101089.54,52.5,0
B203848,Food,24,500000.0,411462.77,17.71,0,0,104398.87,51.94,0
B207237,Food,16,500000.0,359626.34,28.07,1,0,68717.84,44.12,0
B201630,retail,39,500000.0,335860.24,32.83,0,0,57810.99,37.71,0
B200369,Services,3,500000.0,409447.75,18.11,0,0,27555.64,54.53,0
B204350,Retail,18,500000.0,447023.4,10.6,1,1,51130.96,70.34,1
B201030,Retail,59,500000.0,385840.22,22.83,0,0,89156.12,51.77,0
B201315,Manufacturing,48,500000.0,358988.41,28.2,1,1,51903.39,64.17,1
B200748,Services,27,500000.0,360747.36,27.85,0,0,,50.49,0
B200946,Services,11,500000.0,352484.39,29.5,0,0,118396.17,56.71,0
B205642,Manufacturing,59,500000.0,342560.17,31.49,1,1,80832.7,56.01,0
B205113,Retail,12,500000.0,447978.5,,1,0,43787.84,55.11,0
B208664,Retail,52,2646393.49,433754.39,13.25,0,0,94050.32,49.39,0
B205211,Food,44,500000.0,425553.76,14.89,0,0,34737.23,58.63,0
B200860,Food,16,500000.0,386168.17,22.77,0,0,72145.64,40.41,0
B206672,Manufacturing,33,500000.0,410186.97,17.96,0,0,83159.45,50.07,0
B205854,Retail,22,500000.0,406795.71,18.64,1,0,61882.08,48.99,0
B209159,Retail,20,500000.0,421481.76,15.7,0,0,103547.87,51.06,0
B200723,IT,15,2352950.54,350409.87,29.92,1,0,64456.67,53.92,0
B204821,Healthcare,10,500000.0,396707.85,20.66,1,0,47226.31,59.47,0
B208805,,40,500000.0,361837.08,27.63,0,0,100762.88,49.08,0
B207080,Food,11,500000.0,365172.99,26.97,1,0,52583.29,45.86,0
B209963,Manufacturing,49,500000.0,383039.62,23.39,0,0,70701.29,50.45,0
B207542,Healthcare,3,500000.0,399306.15,20.14,1,0,77550.28,56.53,0
B201956,Food,7,500000.0,395585.27,20.88,0,0,95141.06,47.78,0
B208073,Manufacturing,31,500000.0,378447.76,24.31,0,0,83808.94,49.63,0
B207225,Healthcare,24,500000.0,430638.4,13.87,1,0,59792.17,57.9,0
B209654,Retail,26,500000.0,396220.57,,1,0,75091.25,54.27,0
B208483,Healthcare,25,500000.0,410642.75,17.87,1,0,95830.88,43.41,0
B204886,Manufacturing,44,500000.0,391698.51,21.66,1,1,53862.76,65.82,1
B208551,Retail,35,500000.0,370348.23,25.93,0,0,83383.91,49.52,0
B208750,Food,8,500000.0,408836.75,18.23,0,0,47103.73,50.0,0
B206772,Retail,26,500000.0,400013.23,20.0,1,0,78683.18,50.19,0
B202847,Services,32,500000.0,365363.53,26.93,1,0,60937.05,55.49,0
B207929,Manufacturing,58,500000.0,387465.91,22.51,1,0,50737.27,45.53,0
B208684,Manufacturing,52,500000.0,392641.41,21.47,0,0,78430.15,51.83,0
B201254,Food,31,500000.0,435969.96,12.81,1,1,72676.81,71.84,1
B208159,Services,3,500000.0,365332.34,26.93,0,0,46565.72,48.91,0
B205054,Healthcare,16,500000.0,397690.8,20.46,0,0,,47.44,0
B205555,Services,12,500000.0,378138.91,24.37,0,0,88629.05,44.92,0
B207930,Healthcare,31,500000.0,364090.53,27.18,0,0,76065.3,54.88,0
B202295,Retail,48,500000.0,419175.48,16.16,1,1,76333.95,65.31,1
B202333,Retail,47,500000.0,448036.9,,0,0,64472.64,48.52,0
B206228,Food,35,500000.0,373762.55,25.25,0,0,88680.62,43.69,0
B208762,Services,41,500000.0,401938.88,19.61,0,0,87275.3,59.16,0
B206674,Food,22,2648123.64,411525.98,17.69,0,0,50314.33,47.13,0
B206749,Food,18,500000.0,434719.28,13.06,0,0,36409.25,51.04,0
B202113,Services,38,500000.0,366594.34,,1,0,57038.87,50.3,0
B201957,,28,789335.7,635477.05,19.49,1,0,111609.37,48.11,0
B202321,IT,3,500000.0,346821.33,30.64,0,0,92015.88,46.07,0
B207578,IT,33,500000.0,377525.29,24.49,0,0,104282.42,47.94,0
B203694,Services,9,500000.0,341873.39,31.63,0,0,58060.89,40.76,0
B204687,Manufacturing,47,500000.0,346488.56,30.7,0,0,86257.48,46.79,0
B202834,Food,23,500000.0,394937.61,21.01,0,0,,56.91,0
B206254,Healthcare,11,655280.88,495814.66,24.34,0,0,94422.05,48.61,0
B200570,Services,26,500000.0,368166.05,26.37,0,0,72031.88,46.38,0
B208879,Services,14,500000.0,362902.94,27.42,0,0,75344.31,39.9,0
B205378,Manufacturing,62,500000.0,389234.97,22.15,1,0,68395.69,56.7,0
B204572,Services,31,500000.0,375973.41,24.81,0,0,49003.8,48.96,0
B201525,Retail,43,500000.0,415531.65,16.89,0,0,78025.01,37.52,0
B202562,Healthcare,7,500000.0,412011.06,17.6,0,0,90243.58,56.59,0
B209987,Manufacturing,52,500000.0,419133.71,16.17,0,0,23967.33,51.67,0
B201978,Manufacturing,66,545074.86,427788.57,21.52,0,0,120779.46,51.15,0
B208020,,31,500000.0,409941.89,18.01,0,0,70403.01,50.23,0
B207256,Services,19,500000.0,450704.38,9.86,0,0,91070.32,46.05,0
B209803,Manufacturing,40,500000.0,409218.31,,1,1,73949.38,68.07,1
B206552,,21,500000.0,426401.59,14.72,0,0,49808.49,57.06,0
B200037,Manufacturing,38,500000.0,377063.94,24.59,0,0,,48.79,0
B205287,IT,31,500000.0,351520.78,29.7,0,0,108174.2,39.93,0
B202114,IT,17,500000.0,358270.25,28.35,1,0,66306.9,56.17,0
B209304,Services,8,500000.0,393911.13,21.22,0,0,89755.13,51.02,0
B204871,,38,3387167.25,378146.72,24.37,0,0,100658.21,53.73,0
B201182,manufacturing,46,500000.0,347132.47,30.57,1,0,114504.28,49.96,0
B203157,Retail,34,500000.0,394350.16,21.13,0,0,73179.5,48.03,0
B206535,Retail,33,500000.0,432957.08,13.41,0,0,46120.67,45.52,0
B204279,Retail,21,500000.0,486648.3,2.67,0,0,52284.31,62.55,1
B209870,Food,25,500000.0,376886.93,24.62,0,0,64933.72,54.52,0
B209486,Manufacturing,24,500000.0,350993.95,29.8,0,0,61942.26,40.81,0
B207150,IT,23,500000.0,330235.32,33.95,0,0,,48.54,0
B202529,Services,3,500000.0,355232.56,28.95,0,0,108180.89,50.91,0
B201501,Food,33,500000.0,386250.88,22.75,0,0,,52.37,0
B205445,Retail,43,500000.0,417931.78,16.41,0,0,76805.82,50.02,0
B209348,Healthcare,14,500000.0,444488.9,11.1,0,0,51254.24,59.23,0
B203045,Retail,32,500000.0,461228.28,7.75,1,0,69668.5,58.39,0
B205803,IT,15,500000.0,401133.47,19.77,1,0,77425.98,54.26,0
B208911,Manufacturing,47,500000.0,359071.4,28.19,0,0,70080.35,39.62,0
B205077,Services,32,500000.0,358276.35,28.34,0,0,50322.86,47.7,0
B201815,Food,21,500000.0,368793.67,26.24,0,0,91142.8,42.6,0
B204072,IT,17,500000.0,354066.33,29.19,0,0,116890.48,46.5,0
B207523,Services,35,500000.0,411957.0,17.61,0,0,71883.27,57.53,0
B205205,Retail,34,500000.0,372626.43,25.47,1,0,79926.84,52.52,0
B201223,Healthcare,54,500000.0,403387.98,19.32,0,0,114359.03,48.64,0
B208527,services,33,500000.0,434568.18,13.09,1,0,78254.58,62.4,1
B207005,Food,9,500000.0,407500.92,18.5,0,0,,51.68,0
B204507,Food,24,500000.0,387486.42,22.5,0,0,11612.41,41.45,0
B205567,Retail,30,500000.0,420648.17,15.87,0,0,81787.53,71.88,1
B209996,Services,4,500877.79,375070.73,25.12,0,0,83648.19,48.84,0
B203955,Retail,52,500000.0,2787573.37,13.75,0,0,81111.49,59.36,0
B202343,IT,16,500000.0,382968.95,23.41,0,0,56805.64,51.07,0
B207459,Retail,50,500000.0,447393.95,10.52,0,0,85393.71,52.31,0
B206249,Retail,29,500000.0,364866.42,27.03,1,1,93730.91,69.5,1
B208199,Services,8,500000.0,310140.32,37.97,0,0,89183.42,43.71,0
B201558,Food,9,500000.0,366419.05,26.72,0,0,85938.61,60.39,1
B209754,Food,20,585567.06,489946.34,16.33,1,0,77664.09,47.63,0
B207974,Food,29,500000.0,387958.01,22.41,0,0,89867.79,49.15,0
B208697,IT,23,500000.0,1617104.53,27.11,0,0,65598.57,43.7,0
B208050,Healthcare,16,500000.0,346388.69,30.72,0,0,90431.93,40.53,0
B202377,Manufacturing,41,500000.0,389001.14,22.2,0,0,89079.73,51.36,0
B207291,Retail,15,500000.0,465584.79,6.88,1,0,64137.01,63.67,1
B201549,Manufacturing,52,500000.0,380263.41,23.95,1,1,83312.31,64.5,1
B205957,Food,32,500000.0,428135.07,14.37,0,0,41648.89,53.96,0
B204236,Retail,14,1019466.12,869844.94,14.68,1,1,166956.18,73.91,1
B206690,,19,1028014.67,718971.91,30.06,0,0,206653.06,45.73,0
B204490,Services,12,500000.0,383506.33,23.3,0,0,62873.28,44.89,0
B209404,Healthcare,3,500000.0,417489.44,16.5,0,0,79516.82,60.61,1
B201552,Retail,54,500000.0,435104.76,12.98,1,0,74060.43,58.82,0
B202713,Food,20,500000.0,351787.37,29.64,1,0,113800.15,52.49,0
B208223,Retail,3,500000.0,440734.25,11.85,1,0,55371.49,47.61,0
B201321,Retail,59,500000.0,415113.73,16.98,1,0,69207.51,54.18,0
B209897,Manufacturing,51,500000.0,412641.86,17.47,0,0,83369.81,53.02,0
B203141,Services,25,500000.0,336985.41,32.6,0,0,73540.32,50.58,0
B205413,Retail,20,500000.0,501635.84,-0.33,1,0,47058.09,61.41,1
B201504,Healthcare,30,500000.0,361413.85,27.72,0,0,114815.98,55.89,0
B209382,Retail,37,500000.0,417610.36,16.48,0,0,50510.66,62.58,1
B202963,Healthcare,34,500000.0,383593.51,23.28,0,0,106631.04,51.4,0
B200959,Manufacturing,37,500000.0,364180.45,27.16,0,0,68179.65,56.14,0
B202327,Services,10,500000.0,354242.69,29.15,0,0,64756.85,52.34,0
B202818,Retail,14,500000.0,391539.02,21.69,1,1,59354.45,57.62,0
B208187,Manufacturing,40,500000.0,412024.83,17.6,0,0,57479.57,48.75,0
B203930,Services,29,500000.0,360217.97,27.96,0,0,69208.72,38.36,0
B209168,IT,17,500000.0,349173.7,30.17,1,0,99924.17,50.27,0
B200273,Manufacturing,63,500000.0,354774.46,29.05,0,0,530416.7,52.72,0
B202869,IT,27,500000.0,320154.11,,0,0,97838.98,45.5,0
B201496,,21,500000.0,366178.28,26.76,0,0,63437.67,51.27,0
B201871,Food,24,500000.0,446800.81,10.64,0,0,,56.9,0
B206578,Retail,47,500000.0,427670.52,14.47,0,0,75961.82,54.41,0
B209857,Services,21,500000.0,329302.74,34.14,0,0,70272.85,37.01,0
B202014,Retail,34,500000.0,373219.24,25.36,1,0,116444.96,58.2,0
B207461,Healthcare,12,500000.0,410163.76,17.97,0,0,55330.54,51.14,0
B203409,Manufacturing,33,500000.0,378423.66,24.32,0,0,50924.99,57.72,0
B205015,Services,12,500000.0,358054.12,28.39,0,0,69469.48,39.24,0
B203577,Retail,34,500000.0,394919.05,21.02,1,0,61873.21,48.47,0
B200427,Services,7,500000.0,338983.81,32.2,0,0,86428.7,46.54,0
B206656,IT,9,500000.0,363157.72,27.37,0,0,62001.79,54.76,0
B204235,Retail,38,500000.0,413159.17,17.37,0,0,90956.95,45.57,0
B206214,Manufacturing,37,500000.0,395347.73,20.93,0,0,68534.54,50.28,0
B209504,Retail,37,500000.0,429005.59,14.2,1,0,54864.32,51.73,0
B207618,Retail,5,500000.0,393502.75,21.3,1,0,76840.13,57.15,0
B208702,Healthcare,31,500000.0,350834.42,29.83,0,0,,59.88,0
B204929,Retail,40,500000.0,427818.49,14.44,1,0,46099.2,56.25,0
B202423,Food,31,500000.0,442649.63,11.47,1,0,52618.47,47.93,0
B200642,Food,10,500000.0,376684.19,24.66,0,0,87448.43,55.79,0
B200193,Retail,32,500000.0,393280.51,21.34,0,0,93296.38,57.11,0
B200911,IT,24,500000.0,322413.0,35.52,1,0,61395.51,47.99,0
B208530,Manufacturing,49,811447.73,651607.93,19.7,0,0,476149.14,46.74,0
B204281,,4,500000.0,411714.51,17.66,0,0,58443.62,54.58,0
B207750,Manufacturing,48,500000.0,388200.48,22.36,0,0,49336.6,54.81,0
B204334,Healthcare,18,500000.0,421188.06,15.76,1,1,34501.13,71.31,1
B205218,Food,34,500000.0,345853.87,30.83,1,0,66092.69,51.86,0
B204990,Manufacturing,44,500000.0,379375.6,24.12,0,0,86566.66,57.93,0
B202319,Food,9,500000.0,417209.18,16.56,0,0,71862.15,43.53,0
B204741,Food,9,500000.0,366529.59,26.69,0,0,86877.38,37.82,0
B209659,Retail,51,500000.0,434146.38,13.17,0,0,46736.26,56.79,0
B208713,IT,20,500000.0,362291.68,,0,0,94174.16,53.44,0
B202517,IT,11,574567.26,373868.14,34.93,0,0,97477.13,45.34,0
B202848,Retail,14,534653.44,496668.19,7.1,1,0,,63.8,1
B203336,Manufacturing,34,500000.0,425045.82,14.99,0,0,82046.67,48.29,0
B201594,IT,3,500000.0,370277.23,25.94,0,0,43874.87,54.79,0
B208045,Manufacturing,33,547370.29,479919.94,12.32,0,0,,50.02,0
B203303,IT,16,500000.0,405118.97,18.98,0,0,96232.93,56.41,0
B209365,Services,19,500000.0,413614.01,17.28,0,0,44022.63,51.47,0
B209636,Retail,14,500000.0,370508.54,,1,0,101815.62,53.47,0
B200592,Services,15,500000.0,385935.42,22.81,0,0,27868.15,50.14,0
B208794,Food,19,500000.0,354859.25,29.03,0,0,98250.65,39.16,0
B208448,Food,35,500000.0,379761.43,24.05,0,0,54486.49,52.48,0
B208406,Healthcare,23,500000.0,366627.51,26.67,0,0,58968.23,45.47,0
B207623,Services,16,500000.0,409590.13,18.08,0,0,32660.75,44.84,0
B207739,Healthcare,8,500000.0,383441.25,23.31,0,0,103276.51,47.96,0
B206970,Food,20,500000.0,397046.87,20.59,0,0,93759.54,44.99,0
B202877,Retail,34,500000.0,409494.98,,0,0,,53.36,0
B204551,Healthcare,3,500000.0,399084.65,20.18,1,0,45601.21,46.56,0
B206753,Services,28,500000.0,363598.39,27.28,1,0,92157.56,48.71,0
B201987,Retail,44,500000.0,456841.37,8.63,0,0,69009.6,61.75,1
B208977,Services,19,500000.0,417717.95,16.46,0,0,71048.28,48.69,0
B206826,,26,500000.0,447430.09,10.51,1,0,44836.09,59.37,0
B201550,IT,22,737466.01,577454.88,21.7,1,0,130794.84,59.97,0
B207850,Food,36,500000.0,330471.96,33.91,0,0,131798.44,45.95,0
B206110,Retail,46,500000.0,343195.82,,0,0,105048.37,47.52,0
B207272,Services,11,500000.0,382651.62,23.47,0,0,106379.1,50.89,0
B204830,Retail,24,500000.0,441208.08,11.76,1,1,66078.15,69.46,1
B207042,Services,31,500000.0,405241.72,18.95,1,0,68521.85,50.17,0
B206701,Retail,12,500000.0,430075.36,13.98,0,0,73042.16,55.17,0
B203061,,46,500000.0,435945.58,12.81,1,0,70934.74,50.6,0
B207420,Manufacturing,23,500000.0,412615.71,17.48,1,0,50612.24,59.49,0
B208013,Services,11,500000.0,366779.39,26.64,0,0,86691.44,47.0,0
B202961,,42,500000.0,377958.02,24.41,1,0,77955.6,62.35,1
B202553,IT,34,500000.0,397869.04,20.43,0,0,41600.23,49.66,0
B202200,Services,3,500000.0,370369.94,25.93,0,0,99159.32,51.83,0
B202669,Manufacturing,14,500000.0,392390.18,21.52,0,0,96146.37,48.48,0
B202073,Healthcare,25,500000.0,335949.93,32.81,1,1,78906.38,67.17,1
B207961,services,25,500000.0,371630.25,25.67,1,0,70794.71,49.85,0
B206968,Manufacturing,59,500000.0,398955.22,,0,0,85566.9,48.8,0
B206752,Manufacturing,34,500000.0,383700.42,23.26,1,0,90802.83,52.28,0
B202083,Services,16,500000.0,372977.1,25.4,0,0,92145.87,47.22,0
B207281,services,18,500000.0,394988.8,21.0,0,0,54268.48,52.35,0
B200020,Services,23,500000.0,407648.01,18.47,0,0,108292.57,48.4,0
B201219,Manufacturing,43,500000.0,355776.7,28.84,1,1,,62.83,1
B201345,Services,15,500000.0,397971.79,20.41,0,0,60073.47,56.97,0
B205206,Retail,38,500000.0,423948.46,15.21,1,0,46515.21,47.65,0
B203335,Services,12,500000.0,332193.37,33.56,0,0,158915.29,44.41,0
B209591,Retail,35,500000.0,385681.96,22.86,0,0,87685.96,53.25,0
B205742,Manufacturing,45,500000.0,361879.7,27.62,1,1,64913.04,69.04,1
B205051,Manufacturing,59,563406.23,399028.96,29.18,0,0,65509.06,49.57,0
B202234,Manufacturing,52,500000.0,413629.52,17.27,0,0,64682.04,58.55,0
B202323,Food,28,500000.0,375926.1,24.81,0,0,119794.95,48.21,0
B202152,Manufacturing,58,500000.0,350866.18,29.83,1,0,,43.72,0
B203304,Manufacturing,47,500000.0,397264.92,20.55,0,0,124945.98,61.69,1
B201546,Healthcare,13,500000.0,417671.01,16.47,0,0,58772.1,46.02,0
B205732,Services,18,500000.0,368957.51,26.21,0,0,136048.19,46.71,0
B200889,Retail,22,548597.06,500204.1,8.82,0,0,43534.69,57.99,0
B207983,IT,15,500000.0,285766.99,42.85,1,0,57174.34,38.84,0
B208007,IT,20,500000.0,384327.78,23.13,1,0,64223.55,39.15,0
B206362,,26,500937.79,316156.93,36.89,0,0,,53.58,0
B200174,Manufacturing,32,500000.0,346916.97,30.62,1,0,94706.98,52.69,0
B203286,Healthcare,23,500000.0,381588.38,23.68,0,0,97155.1,47.62,0
B203333,Retail,41,500000.0,378999.66,24.2,0,0,79224.17,50.13,0
B204749,Manufacturing,32,500000.0,385970.99,22.81,0,0,65517.71,48.52,0
B208586,Retail,27,503152.66,392528.53,21.99,0,0,89579.01,52.33,0
B204692,Services,26,1710023.17,1237795.71,27.62,0,0,488585.98,51.04,0
B200831,,37,500000.0,375131.1,24.97,0,0,98712.7,48.07,0
B207593,Food,31,500000.0,376510.74,24.7,0,0,43729.86,58.44,0
B207986,,5,1620312.05,414742.07,17.05,0,0,69220.54,50.75,0
B208267,Retail,11,500000.0,446314.11,10.74,0,0,54252.34,49.11,0
B203224,Services,22,500000.0,382138.16,23.57,0,0,42845.08,45.45,0
B206524,IT,17,500000.0,372141.03,25.57,0,0,85267.65,51.23,0
B201455,IT,3,500000.0,382453.21,23.51,1,0,58817.28,55.25,0
B203614,Food,34,500000.0,408092.41,18.38,0,0,82277.18,59.7,0
B204199,Manufacturing,49,500000.0,366255.59,26.75,0,0,114815.67,44.78,0
B201381,Retail,10,500000.0,386767.24,,0,0,,43.75,0
B203175,Services,17,500000.0,396618.83,20.68,0,0,72897.97,52.74,0
B200754,IT,32,500000.0,372951.14,,0,0,114505.81,50.0,0
B205364,Retail,25,500000.0,416319.46,16.74,0,0,53508.06,54.13,0
B204231,IT,28,500000.0,363410.71,27.32,0,0,82851.64,41.04,0
B206064,Services,29,500000.0,394554.27,21.09,0,0,73428.88,49.36,0
B209274,Services,8,500000.0,324135.9,35.17,0,0,124047.75,44.85,0
B202150,Retail,45,500000.0,499175.55,0.16,0,0,38344.14,59.74,0
B200613,Retail,27,1661814.47,388384.58,22.32,0,0,,58.64,0
B201783,Services,11,500000.0,361592.5,27.68,0,0,73850.12,51.04,0
B206808,Food,24,500000.0,371877.91,25.62,0,0,173037.69,47.03,0
B209702,Healthcare,27,3088311.43,432550.08,13.49,1,0,63899.87,52.98,0
B202655,IT,24,1583341.23,4128449.19,30.05,1,0,294564.46,55.43,0
B206991,IT,54,512221.87,381601.43,25.5,0,0,75772.5,51.38,0
B204962,Services,28,500000.0,387888.31,22.42,0,0,74149.66,47.53,0
B207776,Services,14,977727.55,674700.78,30.99,0,0,262292.83,49.6,0
B206556,Retail,41,500000.0,447025.94,10.59,0,0,47557.35,54.53,0
B202988,healthcare,20,500000.0,450407.0,9.92,1,0,,52.28,0
B203821,Services,13,500000.0,383531.26,23.29,0,0,61949.74,52.92,0
B204091,IT,7,500000.0,347792.27,30.44,0,0,83997.82,44.42,0
B204649,Retail,13,500000.0,418903.12,16.22,0,0,67980.26,62.6,1
B206814,Retail,20,500000.0,458451.74,8.31,1,0,44823.46,57.12,0
B209257,IT,12,500000.0,337047.96,32.59,1,0,84809.85,44.31,0
B209147,Manufacturing,40,500000.0,310405.46,37.92,1,1,81644.75,63.05,1
B209852,IT,41,1371888.93,918556.56,33.04,0,0,322041.71,45.44,0
B206933,Manufacturing,58,500000.0,368883.16,26.22,0,0,56925.19,43.19,0
B200743,Retail,40,500000.0,389341.33,22.13,0,0,96961.79,54.81,0
B201861,Retail,37,500000.0,389657.06,22.07,0,0,69831.78,44.67,0
B205022,Food,26,500000.0,356521.01,28.7,0,0,89656.08,40.99,0
B204196,Retail,36,500000.0,413739.24,17.25,1,0,116371.99,56.64,0
B207701,Retail,36,500000.0,383056.98,23.39,0,0,110913.44,56.98,0
B208184,Food,24,500000.0,387058.49,22.59,0,0,51523.68,51.79,0
B205830,IT,33,500000.0,399175.76,20.16,0,0,47572.18,51.3,0
B208029,Retail,37,500000.0,430002.1,14.0,0,0,74366.7,52.45,0
B201006,Retail,49,500000.0,385867.01,22.83,0,0,106456.55,60.36,1
B204185,Retail,27,500000.0,377969.37,24.41,1,0,126885.81,55.51,0
B200545,IT,26,500000.0,305969.36,38.81,1,0,72610.58,46.37,0
B200972,Retail,22,500000.0,398258.26,20.35,1,0,60359.03,48.99,0
B201185,Food,23,500000.0,413668.15,17.27,1,0,119860.95,52.52,0
B200422,Retail,59,500000.0,440159.47,11.97,1,0,53756.75,51.39,0
B201606,Services,15,500000.0,448464.58,10.31,0,0,61745.03,53.92,0
B209481,Manufacturing,37,546757.59,400165.94,26.81,1,1,113697.68,63.81,1
B205601,Services,15,500000.0,419680.29,16.06,0,0,59015.15,53.94,0
B208707,Retail,31,500000.0,436049.51,12.79,0,0,58382.36,52.07,0
B202705,Retail,18,500000.0,405517.18,18.9,0,0,85093.18,52.39,0
B202367,Retail,16,500000.0,2393433.85,18.41,1,0,73488.14,65.97,1
B204940,it,41,500000.0,311209.3,37.76,0,0,81222.8,39.37,0
B201560,Healthcare,11,500000.0,350812.76,29.84,0,0,132905.0,53.98,0
B208150,Food,13,500000.0,353514.46,,0,0,43585.42,50.17,0
B205786,Retail,26,500000.0,402657.35,19.47,1,0,91328.09,51.99,0
B204534,Retail,37,500000.0,422671.07,15.47,1,1,62847.87,68.68,1
B206093,Services,22,529984.2,351544.42,33.67,0,0,127873.75,52.36,0
B200826,Retail,27,525607.4,475055.25,9.62,1,1,51822.89,75.23,1
B203325,Retail,7,500000.0,459692.8,8.06,0,0,51506.36,57.63,0
B206113,Retail,39,500000.0,456947.92,8.61,0,0,51745.09,45.86,0
B203845,,21,500000.0,411204.79,,0,0,266557.41,54.85,0
B207839,Retail,40,500000.0,408257.47,18.35,1,0,61067.38,51.78,0
B201333,Manufacturing,49,500000.0,438568.57,12.29,0,0,,54.67,0
B204306,Manufacturing,39,500000.0,393089.28,21.38,0,0,64626.97,49.06,0
B205619,Services,20,500000.0,389520.08,22.1,0,0,73164.77,48.48,0
B205443,,12,500000.0,376369.17,24.73,0,0,80367.8,53.02,0
B204639,Food,3,500000.0,372156.97,25.57,1,1,87688.54,60.03,1
B205200,Services,22,500000.0,382448.56,23.51,1,0,114596.69,51.9,0
B201023,Food,3,500000.0,362399.24,27.52,0,0,65582.51,53.5,0
B209170,Manufacturing,59,500000.0,324720.49,35.06,0,0,126869.1,45.09,0
B205720,Manufacturing,39,500000.0,399968.45,20.01,0,0,41002.98,48.55,0
B202177,IT,24,670433.64,488348.52,27.16,0,0,61782.46,52.96,0
B208210,Retail,43,500000.0,454778.52,9.04,1,0,75316.15,54.95,0
B203040,Food,31,595776.1,473007.01,20.61,1,0,86303.35,48.07,0
B205737,Manufacturing,21,500000.0,335918.95,32.82,1,0,254689.56,49.55,0
B206414,Manufacturing,28,500000.0,399179.61,20.16,1,0,81264.69,50.53,0
B204402,Food,5,500000.0,441317.31,11.74,1,0,72105.28,56.31,0
B203399,Healthcare,36,500000.0,421294.31,15.74,1,0,87955.55,59.24,0
B205736,Healthcare,13,500000.0,425968.33,14.81,0,0,31302.04,50.74,0
B201562,Retail,22,500000.0,443883.27,11.22,1,1,68010.27,66.57,1
B200828,Manufacturing,45,500000.0,361044.19,27.79,1,0,120289.94,53.13,0
B207698,Manufacturing,38,500000.0,361479.61,27.7,0,0,38656.87,55.06,0
B208117,Food,16,500000.0,408372.5,18.33,0,0,47862.27,49.14,0
B205047,Manufacturing,36,500000.0,438220.13,12.36,0,0,65150.97,60.79,1
B200130,Services,33,500000.0,337097.42,32.58,0,0,95993.15,45.46,0
B202513,IT,3,500000.0,387351.67,22.53,0,0,65024.9,46.3,0
B200585,Manufacturing,41,500000.0,412906.27,17.42,1,0,87022.45,49.72,0
B202118,Services,17,500000.0,401453.25,19.71,0,0,31063.9,47.18,0
B205062,Retail,9,500000.0,430604.18,13.88,1,0,62048.21,46.05,0
B201367,Services,8,500000.0,330656.87,33.87,0,0,66455.71,45.48,0
B203227,Services,28,500000.0,343326.6,31.33,0,0,,48.78,0
B200701,IT,28,961703.3,732209.01,23.86,0,0,157173.03,54.61,0
B209547,Manufacturing,71,500000.0,347890.2,30.42,1,1,57077.45,73.39,1
B203236,Food,23,500000.0,384494.64,23.1,0,0,75131.77,49.65,0
B209349,retail,15,500000.0,459774.68,8.05,0,0,59920.94,53.17,0
B201460,Services,27,500000.0,352815.67,29.44,0,0,77516.16,38.06,0
B208849,Services,26,500000.0,351574.0,29.69,1,0,69445.77,53.66,0
B208685,Services,11,500000.0,421462.06,15.71,0,0,73660.1,45.21,0
B209363,Healthcare,6,500000.0,406109.78,18.78,1,1,105793.3,61.25,1
B204802,Food,3,500000.0,337696.5,32.46,0,0,87944.38,46.93,0
B204238,Healthcare,40,500000.0,485869.82,2.83,0,0,26831.63,58.98,0
B203536,Services,17,500000.0,336262.8,32.75,0,0,62140.46,44.69,0
B207460,Manufacturing,73,500000.0,385384.51,,0,0,81756.62,47.19,0
B205193,Services,40,500000.0,398170.13,20.37,0,0,85921.7,55.34,0
B206898,Retail,35,500000.0,447929.88,10.41,1,0,45034.59,54.43,0
B209451,Services,13,500000.0,340784.56,31.84,0,0,104045.17,49.56,0
B208415,Healthcare,16,500000.0,376146.9,24.77,1,0,80627.59,50.49,0
B204657,IT,42,500000.0,354869.49,29.03,0,0,45729.43,42.4,0
B209197,Retail,19,500000.0,450688.73,9.86,0,0,34744.62,53.43,0
B209491,Services,11,500000.0,266651.6,46.67,0,0,86540.35,34.18,0
B205724,Retail,23,500000.0,385736.37,22.85,0,0,103934.22,53.34,0
B206404,Retail,15,500000.0,413349.99,17.33,1,0,30639.75,47.99,0
B203372,Healthcare,3,500000.0,382474.22,23.51,0,0,57548.37,53.74,0
B207825,Healthcare,27,500000.0,432898.62,13.42,0,0,59682.04,53.03,0
B203880,Manufacturing,52,500000.0,385778.59,22.84,1,1,21805.96,59.51,0
B208204,Manufacturing,40,500000.0,341967.76,31.61,0,0,47652.26,37.89,0
B206256,IT,8,500000.0,352154.03,29.57,0,0,115173.07,47.72,0
B204395,Retail,37,500000.0,413928.17,17.21,1,1,113633.06,72.51,1
B206748,Retail,29,500000.0,393847.76,21.23,0,0,49952.3,52.21,0
B207581,Retail,24,500000.0,2378966.84,12.48,1,1,19594.94,72.59,1
B203281,IT,34,500000.0,385745.9,22.85,0,0,82924.68,53.54,0
B201801,,23,500000.0,424433.81,,0,0,76807.94,51.11,0
B201322,Food,23,500000.0,392010.99,21.6,0,0,74043.32,54.84,0
B201033,Services,25,500000.0,401070.75,19.79,0,0,78361.09,53.9,0
B206619,Services,11,500000.0,394170.59,21.17,0,0,73395.55,45.17,0
B209971,Retail,6,500000.0,395982.19,20.8,0,0,,49.77,0
B203628,IT,12,500000.0,373154.35,25.37,0,0,42059.41,47.21,0
B200573,Food,17,2605899.13,351301.27,29.74,0,0,131352.55,49.38,0
B202531,Food,31,500000.0,359645.15,28.07,0,0,57554.14,54.8,0
B205841,IT,32,525417.48,385558.22,26.62,0,0,122981.77,40.78,0
B201906,Manufacturing,26,500000.0,430224.03,13.96,1,0,77082.2,53.4,0
B206092,IT,46,500000.0,356716.16,28.66,0,0,39488.6,49.45,0
B204338,IT,37,803024.14,537028.57,33.12,1,0,91453.09,39.32,0
B205495,food,31,500000.0,386069.28,22.79,0,0,73584.58,42.27,0
B202805,Retail,43,500000.0,411224.82,17.76,1,0,,54.02,0
B204923,services,16,500000.0,378746.83,24.25,1,1,68148.31,70.89,1
B207697,IT,36,500000.0,355593.21,28.88,0,0,24102.72,48.29,0
B208627,,29,500000.0,342026.46,31.59,0,0,87265.48,45.16,0
B206855,Retail,34,500000.0,425846.81,14.83,0,0,79807.98,55.53,0
B207786,Services,23,500000.0,360377.47,27.92,0,0,58978.93,50.47,0
B204983,IT,31,500000.0,374703.93,25.06,0,0,142995.12,43.25,0
B206839,IT,14,500000.0,341625.65,31.67,0,0,81444.16,42.18,0
B208011,Manufacturing,45,500000.0,2013117.9,22.01,0,0,,51.73,0
B205950,IT,7,500000.0,333884.46,33.22,0,0,48414.66,45.15,0
B209036,Retail,32,2052967.53,470046.04,11.16,0,0,70204.88,65.35,1
B200294,Retail,40,500000.0,451520.91,9.7,0,0,34419.7,52.69,0
B202440,Retail,36,500000.0,431842.92,13.63,0,0,57316.05,53.09,0
B206321,IT,26,500000.0,385566.86,22.89,0,0,105357.34,46.49,0
B209176,Retail,34,500000.0,477453.28,4.51,0,0,45749.78,60.72,1
B206441,Retail,39,500000.0,416728.33,16.65,0,0,78237.37,49.3,0
B205860,Healthcare,33,500000.0,348306.2,30.34,0,0,67425.41,44.34,0
B202184,Retail,24,500000.0,387562.67,22.49,0,0,45532.83,45.84,0
B201656,Retail,27,500000.0,350521.77,29.9,0,0,115694.53,43.52,0
B200595,Services,3,500000.0,357633.32,28.47,0,0,96099.67,49.87,0
B200678,Retail,32,500000.0,442754.6,11.45,0,0,53038.21,51.04,0
B205811,IT,14,500000.0,419379.18,16.12,0,0,40414.91,54.6,0
B200744,Services,28,500000.0,1395490.69,26.61,1,0,47257.97,51.25,0
B203124,Manufacturing,38,500000.0,377189.23,24.56,0,0,47203.82,48.36,0
B206646,Services,4,500000.0,379255.78,24.15,0,0,88150.48,56.2,0
B203035,Retail,41,500000.0,429138.95,14.17,1,0,42851.51,58.71,0
B205499,IT,19,500000.0,356795.89,28.64,1,0,119663.13,50.76,0
B209146,Food,24,500000.0,383972.65,23.21,0,0,105482.31,53.68,0
B206272,Retail,32,500000.0,424385.27,15.12,0,0,67299.7,46.03,0
B203091,Manufacturing,46,500000.0,395509.04,20.9,0,0,92772.62,45.07,0
B203456,Healthcare,32,500000.0,378121.37,24.38,0,0,73252.53,48.85,0
B207896,Food,36,500000.0,1880876.52,29.72,0,0,86651.89,46.15,0
B200239,Retail,35,500000.0,459342.16,8.13,1,0,64875.1,51.34,0
B202085,Retail,23,500000.0,401397.19,19.72,1,0,75376.78,56.22,0
B202483,Services,5,500000.0,296356.1,40.73,0,0,166418.23,45.82,0
B204110,IT,21,500000.0,343827.56,31.23,0,0,97381.73,53.12,0
B206011,Healthcare,24,500000.0,394146.19,21.17,0,0,54045.35,48.9,0
B208938,Food,26,500000.0,393358.22,21.33,0,0,,49.36,0
B200798,Services,35,500000.0,387128.03,22.57,0,0,,54.75,0
B205935,Healthcare,10,500000.0,397514.74,20.5,0,0,32216.7,46.95,0
B203646,Manufacturing,35,500000.0,388168.76,22.37,1,0,107165.63,54.05,0
B204777,Retail,34,500000.0,402966.72,19.41,1,0,,49.4,0
B207538,Retail,34,500000.0,380003.15,24.0,0,0,11864.21,49.74,0
B207913,Manufacturing,52,500000.0,351129.73,29.77,1,0,86772.01,40.06,0
B207751,Manufacturing,34,500000.0,372887.65,25.42,0,0,70967.44,46.58,0
B203953,Retail,31,500000.0,404499.49,19.1,0,0,64773.73,52.64,0
B208467,Food,22,500000.0,360327.07,27.93,0,0,82890.39,49.91,0
B207162,Services,15,500000.0,369709.26,26.06,0,0,79327.33,44.9,0
B205733,Retail,13,500000.0,439532.24,12.09,1,0,27331.83,59.39,0
B204555,IT,6,500000.0,321047.79,35.79,0,0,137244.48,54.28,0
B202918,Retail,38,500000.0,453710.19,9.26,1,0,66648.49,53.97,0
B206019,Food,14,500000.0,391078.5,21.78,0,0,77032.83,44.72,0
B202025,Healthcare,11,500000.0,375272.2,24.95,0,0,68612.58,40.78,0
B205543,Retail,3,500000.0,413106.69,17.38,1,1,66141.6,72.47,1
B207002,Healthcare,17,500000.0,436745.96,12.65,1,0,68764.4,57.86,0
B204355,Healthcare,31,500000.0,380214.3,23.96,0,0,60212.28,48.66,0
B206561,IT,30,500000.0,363855.49,27.23,0,0,91461.24,47.92,0
B204090,Retail,11,500000.0,450798.69,9.84,1,0,87185.94,57.43,0
B208693,Healthcare,3,500000.0,428571.26,14.29,1,0,66832.05,58.85,0
B201281,,24,500000.0,393572.38,21.29,0,0,55885.91,53.74,0
B204941,Manufacturing,30,683079.84,546288.43,20.03,1,0,91614.84,57.09,0
B208853,Food,15,500000.0,370422.02,25.92,1,0,57896.47,48.34,0
B205710,Healthcare,18,500000.0,449117.9,10.18,1,0,50389.0,57.17,0
B202030,Retail,24,500000.0,407267.3,18.55,1,0,52297.92,48.92,0
B209586,,16,500000.0,459607.68,8.08,0,0,54874.92,52.44,0
B201638,Retail,27,500000.0,369851.3,26.03,0,0,90581.87,54.58,0
B201742,Retail,45,500000.0,424225.42,15.15,1,0,61879.08,57.97,0
B200003,Food,41,500000.0,340921.08,31.82,0,0,107198.48,44.07,0
B209105,Retail,9,500000.0,381748.78,23.65,0,0,78650.79,55.46,0
B207454,Food,32,500000.0,390062.25,21.99,0,0,58174.19,51.93,0
B207667,IT,32,500000.0,337606.99,32.48,1,1,56473.83,57.69,0
B200866,Healthcare,3,500000.0,376470.26,24.71,0,0,45787.09,48.26,0
B205804,Retail,42,500000.0,442828.6,11.43,0,0,57864.56,54.51,0
B204012,Retail,41,500000.0,369011.42,26.2,1,0,71098.61,53.19,0
B204309,IT,22,540555.38,393605.76,27.18,0,0,,44.65,0
B206082,Services,21,500000.0,404975.8,19.0,0,0,51627.7,52.28,0
B202427,Food,6,500000.0,463650.84,7.27,0,0,48343.84,56.67,0
B201215,Retail,29,500000.0,457246.93,8.55,1,0,42179.3,54.3,0
B203279,Services,26,500000.0,378404.12,24.32,0,0,84914.69,45.63,0
B201934,Manufacturing,40,500000.0,390128.05,21.97,1,0,50877.62,59.13,0
B201545,Healthcare,33,500000.0,334871.35,33.03,0,0,117091.45,47.29,0
B200181,Food,13,500000.0,349859.03,30.03,0,0,94374.75,51.83,0
B208282,Healthcare,31,500000.0,376078.92,24.78,0,0,90957.87,55.9,0
B209358,,27,500000.0,295859.99,40.83,1,0,130952.94,43.62,0
B205769,Food,21,500000.0,361653.42,27.67,0,0,68825.04,48.2,0
B202596,Food,31,500000.0,311471.9,37.71,0,0,122232.18,50.76,0
B207677,Services,39,500000.0,354964.34,29.01,0,0,45738.9,44.72,0
B200625,Services,7,500000.0,382428.98,,0,0,94806.12,49.11,0
B208688,Retail,6,500000.0,413826.26,17.23,1,1,47236.77,70.06,1
B205252,Food,28,500000.0,440843.72,11.83,0,0,78772.31,44.61,0
B203535,Manufacturing,50,500000.0,393319.6,21.34,1,0,93689.73,51.84,0
B205169,IT,25,555944.21,418395.8,24.74,1,0,5609.84,51.31,0
B206257,Services,34,500000.0,421250.97,15.75,1,0,67502.49,62.03,1
B203919,Services,18,500000.0,372331.66,,0,0,101760.57,43.3,0
B201850,Services,14,500000.0,396828.94,20.63,0,0,64438.14,42.67,0
B200684,Retail,54,500000.0,403487.97,19.3,1,1,28167.68,65.86,1
B208951,Manufacturing,29,500000.0,417030.07,16.59,1,1,52111.04,66.77,1
B208585,IT,17,500000.0,327303.4,34.54,0,0,76189.91,44.38,0
B207705,Food,28,500000.0,390242.31,21.95,0,0,95621.69,58.78,0
B208595,Healthcare,16,500000.0,388994.47,22.2,1,0,77676.07,49.05,0
B204543,Food,35,792412.23,715761.69,9.67,1,0,86111.12,50.57,0
B205241,IT,31,500000.0,324109.07,35.18,1,0,104402.63,46.63,0
B201209,Food,27,500000.0,1582044.66,31.77,0,0,60413.81,45.13,0
B207433,,59,500000.0,382190.95,23.56,0,0,28976.25,50.1,0
B202769,Services,32,500000.0,351532.81,29.69,1,0,98433.14,52.3,0
B208109,Food,14,685273.26,579947.34,15.37,0,0,32673.55,53.83,0
B206354,Healthcare,6,500000.0,380134.78,23.97,0,0,50521.18,55.49,0
B200713,Services,30,500000.0,369742.51,,1,0,77476.83,51.53,0
B203041,Manufacturing,34,500000.0,363546.99,27.29,1,0,111628.45,54.21,0
B207965,Services,35,500000.0,372114.88,25.58,1,0,27576.3,48.49,0
B203098,Food,6,500000.0,358204.84,28.36,1,0,80272.02,40.3,0
B203427,Retail,23,500000.0,444345.08,11.13,1,0,68031.91,63.93,1
B203650,IT,24,500000.0,338936.75,32.21,0,0,117652.01,52.79,0
B202822,IT,19,500000.0,346281.06,,0,0,90129.63,34.24,0
B203196,Services,41,500000.0,386551.99,22.69,1,0,73251.12,49.27,0
B206777,Retail,6,500000.0,412741.55,17.45,1,0,43055.35,48.91,0
B209700,IT,17,500000.0,370311.77,25.94,1,1,55662.98,65.49,1
B202941,Services,30,500000.0,400992.83,19.8,0,0,,55.24,0
B205756,Retail,31,500000.0,454678.68,,1,0,78907.09,67.09,1
B202299,Retail,32,500000.0,470327.57,5.93,1,1,61844.32,78.53,1
B207334,Services,47,500000.0,385728.09,22.85,1,0,86440.58,42.7,0
B208587,Food,21,2989530.16,387026.81,22.59,0,0,60395.59,45.62,0
B208661,Food,13,500000.0,434389.73,,0,0,,50.95,0
B205557,Retail,25,500000.0,437013.38,12.6,0,0,66630.86,53.24,0
B204939,Services,21,500000.0,337828.32,,1,0,90670.32,48.83,0
B201104,IT,34,500000.0,375857.68,24.83,0,0,74263.05,58.12,0
B209571,Manufacturing,35,500000.0,407793.75,18.44,1,0,49033.28,61.65,1
B206391,Manufacturing,30,500000.0,364658.4,27.07,1,0,93698.02,43.02,0
B208573,Manufacturing,38,500000.0,389722.81,22.06,0,0,87288.46,47.17,0
B206209,Services,18,500000.0,372411.54,25.52,0,0,89177.49,54.14,0
B204680,IT,27,500000.0,372133.4,25.57,0,0,72202.02,47.59,0
B200242,Food,3,500000.0,431253.5,,1,0,45724.35,46.43,0
B203363,,33,500000.0,432595.99,13.48,0,0,38092.86,47.92,0
B208791,Services,18,500000.0,370219.03,25.96,0,0,82679.01,53.17,0
B206373,Services,28,500000.0,365637.18,26.87,1,0,79454.07,47.34,0
B205719,Food,16,500000.0,405159.06,18.97,0,0,76720.88,56.77,0
B200088,Retail,29,500000.0,406184.48,18.76,0,0,93261.75,55.55,0
B209330,Retail,13,500000.0,344640.98,31.07,0,0,53872.49,50.85,0
B206310,Food,30,500000.0,380921.08,23.82,1,0,101788.96,39.81,0
B201629,IT,13,500000.0,324451.34,35.11,1,0,88862.27,37.1,0
B202916,Retail,38,2451149.44,404094.38,19.18,0,0,98040.34,48.87,0
B208025,manufacturing,58,500000.0,382673.32,23.47,0,0,121083.05,47.46,0
B209624,Manufacturing,39,500000.0,405821.83,,0,0,54669.4,57.14,0
B208630,IT,19,500000.0,351267.09,29.75,1,0,68780.14,44.08,0
B209423,,26,500000.0,387329.07,22.53,1,1,79465.77,61.09,1
B204403,Services,12,500000.0,385339.7,22.93,0,0,66805.67,49.02,0
B203146,Retail,39,500000.0,435534.57,12.89,1,0,56283.6,42.97,0
B203438,Retail,22,500000.0,394879.54,21.02,0,0,64329.85,58.96,0
B202344,Services,40,500000.0,375619.26,24.88,1,0,98363.49,48.48,0
B205361,,15,729685.17,542306.25,25.68,1,1,165734.33,63.98,1
B206022,IT,44,500000.0,355139.3,28.97,0,0,93205.32,44.84,0
B208339,Healthcare,32,500000.0,379827.01,24.03,0,0,51892.71,46.18,0
B208920,Services,27,500000.0,367891.14,26.42,1,0,120457.18,47.24,0
B209726,Services,6,500000.0,417305.4,,1,0,43019.08,50.02,0
B208071,Manufacturing,57,500000.0,405422.37,18.92,1,0,106888.97,57.07,0
B202380,Retail,40,500000.0,430450.43,13.91,1,0,34689.12,54.42,0
B205048,Retail,38,500000.0,416634.59,16.67,0,0,97608.09,50.0,0
B209132,Healthcare,10,500000.0,362264.17,27.55,0,0,115088.44,50.71,0
B203599,Retail,31,500000.0,447789.84,10.44,0,0,31758.16,55.69,0
B201734,Food,22,2961923.31,451551.36,9.69,0,0,45248.74,50.24,0
B205829,Services,9,500000.0,395999.09,20.8,0,0,91935.92,54.49,0
B207411,,33,500000.0,392880.01,21.42,0,0,68377.77,47.21,0
B209499,Services,8,500000.0,385417.61,22.92,0,0,71241.43,43.81,0
B206943,Services,39,500000.0,371358.25,25.73,0,0,123457.61,56.94,0
B200993,Food,30,500000.0,423344.67,15.33,1,0,69803.24,51.93,0
B208917,Manufacturing,44,500000.0,339313.07,32.14,1,0,91113.03,45.75,0
B203973,Services,3,500000.0,355398.76,28.92,0,0,100711.05,41.79,0
B200392,IT,29,500000.0,409449.39,18.11,0,0,59443.0,63.59,1
B202917,Retail,39,500000.0,422949.06,15.41,0,0,65309.06,55.14,0
B201950,Retail,21,500000.0,410952.32,17.81,0,0,105691.12,45.18,0
B202195,Healthcare,40,500000.0,391259.99,21.75,0,0,55946.0,51.72,0
B207612,Food,14,500000.0,439820.51,12.04,0,0,48241.71,51.84,0
B206995,IT,12,500000.0,388998.36,22.2,0,0,48974.05,48.39,0
B203509,Services,45,500000.0,368028.8,26.39,0,0,94716.89,32.06,0
B209670,Services,16,532389.75,446637.56,16.11,0,0,63828.71,49.14,0
B200862,Services,3,500000.0,370774.43,25.85,0,0,,49.23,0
B208808,Food,12,500000.0,384974.4,23.01,1,0,40361.47,54.11,0
B209307,Manufacturing,39,500000.0,359952.66,28.01,1,1,92284.18,64.55,1
B202546,Services,42,918720.05,704615.09,23.3,0,0,177037.87,48.69,0
B200261,Manufacturing,46,500000.0,392067.73,21.59,0,0,59459.37,48.79,0
B200606,IT,3,500000.0,365422.86,26.92,0,0,65492.52,40.65,0
B208606,Retail,32,500000.0,434328.68,13.13,0,0,45667.02,51.03,0
B207755,Retail,16,500000.0,423066.04,15.39,0,0,53885.82,55.55,0
B209143,Food,17,500000.0,412903.49,17.42,1,0,55136.14,61.15,1
B205877,Retail,30,500000.0,403952.7,19.21,0,0,67068.82,63.32,1
B206617,IT,50,3213683.22,347839.02,30.43,0,0,116697.92,47.42,0
B208207,Manufacturing,61,500000.0,408605.23,18.28,0,0,88672.89,47.46,0
B202008,Food,41,500000.0,363680.42,27.26,1,0,25796.6,47.79,0
B202434,,66,500000.0,349149.35,30.17,1,0,90738.48,58.21,0
B209634,Manufacturing,36,500000.0,394360.81,21.13,1,0,71981.39,39.15,0
B200240,Retail,22,500000.0,432929.01,13.41,0,0,78462.54,48.23,0
B209638,IT,7,500000.0,350546.03,29.89,1,0,109297.05,45.14,0
B206279,IT,20,550465.85,384276.67,30.19,0,0,81821.22,43.09,0
B203414,Services,24,500000.0,375331.37,24.93,1,0,239505.15,53.16,0
B200885,healthcare,8,500000.0,392327.73,21.53,0,0,47866.48,49.55,0
B207211,Food,23,500000.0,354809.96,29.04,0,0,64911.32,53.2,0
B208382,Food,56,500000.0,456037.48,8.79,1,0,,52.22,0
B209795,Healthcare,10,500000.0,446503.06,10.7,1,0,33552.22,47.7,0
B204528,Food,11,500000.0,396985.12,20.6,0,0,83489.37,44.11,0
B202641,it,17,517150.05,416649.92,19.43,0,0,64199.08,48.5,0
B206693,Services,8,500000.0,309866.9,38.03,0,0,62624.43,45.34,0
B205706,Retail,14,500000.0,419799.82,16.04,0,0,73324.78,57.89,0
B208288,Manufacturing,53,500000.0,410964.26,17.81,0,0,50014.55,42.66,0
B204811,Manufacturing,45,500000.0,409750.14,18.05,1,0,68375.35,54.82,0
B206584,Manufacturing,51,500000.0,460145.73,7.97,1,0,66446.38,59.12,0
B203588,Services,35,500000.0,348945.17,30.21,0,0,91839.89,41.93,0
B200774,Manufacturing,62,500000.0,380352.21,23.93,0,0,619641.36,41.66,0
B209632,Manufacturing,51,500000.0,376295.55,24.74,0,0,90295.61,49.32,0
B201145,IT,40,500000.0,356564.93,28.69,0,0,68641.18,48.59,0
B205715,Retail,26,500000.0,436240.89,12.75,0,0,52296.06,59.25,0
B206291,Food,32,500000.0,392091.82,21.58,0,0,68243.23,48.78,0
B208347,Manufacturing,44,500000.0,407167.45,18.57,0,0,78592.72,38.96,0
B202130,Retail,38,500000.0,338637.65,32.27,0,0,95409.03,49.15,0
B205291,Healthcare,16,3031645.32,338568.78,32.29,0,0,100144.14,46.13,0
B207415,Food,39,500000.0,394614.36,21.08,0,0,96204.86,46.56,0
B205628,Services,13,500000.0,465028.17,6.99,0,0,,57.94,0
B208088,Food,10,500000.0,383808.67,23.24,0,0,72158.99,53.38,0
B203784,Manufacturing,40,500000.0,381166.18,23.77,1,0,65339.75,56.12,0
B203243,Food,23,500000.0,432629.52,13.47,0,0,82381.98,56.04,0
B207991,Services,13,515289.67,404874.91,21.43,0,0,,48.23,0
B205571,,18,530069.02,252131.28,52.43,0,0,120920.98,34.25,0
B201380,Healthcare,40,500000.0,391172.97,21.77,0,0,47267.72,46.55,0
B205550,Manufacturing,45,500000.0,384756.02,23.05,0,0,86380.95,57.95,0
B205188,Food,55,500000.0,406720.68,18.66,0,0,57181.58,60.99,1
B207820,Retail,18,500000.0,419056.69,16.19,1,0,48365.42,53.65,0
B209350,Services,47,500000.0,372164.99,25.57,1,1,84174.44,64.11,1
B208026,Food,22,500000.0,356860.45,28.63,0,0,79021.15,44.96,0
B206569,Retail,21,500000.0,422465.28,15.51,0,0,63921.74,54.02,0
B207502,Food,37,500000.0,398527.57,20.29,0,0,83659.71,47.21,0
B204141,Healthcare,41,500000.0,445072.52,10.99,0,0,52306.66,57.26,0
B203592,,32,500000.0,425628.06,14.87,1,0,58672.27,56.51,0
B209725,Food,28,500000.0,395483.97,20.9,0,0,,53.52,0
B209397,Services,15,500000.0,403346.0,19.33,1,0,36863.85,48.83,0
B206339,Retail,38,500000.0,3162417.71,6.05,0,0,53286.54,59.54,0
B201778,Food,41,500000.0,333588.6,33.28,1,0,,46.9,0
B203729,food,6,500000.0,394929.26,,0,0,57013.73,55.27,0
B205317,,25,500000.0,401905.01,19.62,0,0,110103.94,57.36,0
B203954,Services,29,500000.0,368046.28,26.39,0,0,103402.88,48.59,0
B204993,Services,43,503481.69,419443.8,16.69,1,0,61160.84,57.12,0
B200857,IT,26,500000.0,368827.27,26.23,1,0,51994.27,54.72,0
B209792,Manufacturing,60,561188.36,400672.38,28.6,0,0,63478.25,45.71,0
B202370,Manufacturing,41,500000.0,416172.41,16.77,1,0,85340.93,45.87,0
B202238,manufacturing,45,709220.95,524023.55,26.11,0,0,162724.37,53.69,0
B200825,Retail,31,500000.0,444649.9,11.07,0,0,75062.87,54.62,0
B207752,Retail,43,500000.0,460236.52,7.95,1,0,62495.12,59.92,0
B209760,Food,12,759396.46,553265.34,27.14,1,0,128836.42,51.78,0
B202568,IT,3,500000.0,352454.06,29.51,1,0,100657.72,47.49,0
B204227,IT,25,500000.0,394807.94,21.04,0,0,81263.68,50.69,0
B204606,Healthcare,13,500000.0,382545.16,23.49,0,0,88259.38,40.12,0
B201402,Services,16,500000.0,361915.04,27.62,0,0,80489.66,52.48,0
B200671,Retail,33,500000.0,414029.67,17.19,1,0,70691.08,59.74,0
B206819,,4,500000.0,375500.44,24.9,0,0,34866.54,45.35,0
B200182,Manufacturing,37,500000.0,392911.49,21.42,0,0,72766.28,48.28,0
B209575,Services,27,500000.0,393069.36,21.39,1,0,107084.75,47.62,0
B208324,Retail,46,500000.0,391448.58,21.71,0,0,96597.47,48.88,0
B204582,Healthcare,3,500000.0,338498.45,32.3,0,0,132945.22,50.89,0
B201920,Manufacturing,40,500000.0,386831.09,22.63,1,0,110940.94,55.05,0
B205422,Services,16,500000.0,333929.39,33.21,0,0,104264.56,38.84,0
B207556,Retail,24,500000.0,456619.19,,0,0,129183.36,63.45,1
B208097,,15,500000.0,388119.74,22.38,1,0,82972.0,47.67,0
B205098,Services,21,500000.0,421949.08,15.61,1,0,48269.01,59.56,0
B203828,Food,15,500000.0,452748.9,9.45,1,0,39408.79,55.06,0
B205159,Services,24,500000.0,343260.04,31.35,1,0,104032.61,46.57,0
B206565,Services,22,500000.0,375464.82,24.91,1,1,46789.64,62.69,1
B206221,Retail,39,500000.0,433465.01,13.31,0,0,78703.55,53.45,0
B207514,Retail,51,500000.0,458977.37,8.2,0,0,46546.33,52.15,0
B205976,Manufacturing,15,500000.0,380927.58,23.81,0,0,30171.24,47.63,0
B204428,Retail,3,500000.0,381981.91,23.6,0,0,83283.69,58.56,0
B208741,Manufacturing,39,500000.0,395095.99,20.98,0,0,82191.07,48.35,0
B200461,IT,57,500000.0,343481.56,31.3,0,0,74955.01,41.66,0
B202764,Healthcare,22,500000.0,472548.84,5.49,0,0,51054.82,57.79,0
B205277,Services,28,500000.0,366161.77,26.77,0,0,266374.58,52.28,0
B204579,,30,500000.0,379808.38,24.04,1,0,76544.09,49.46,0
B206134,Manufacturing,31,500000.0,407912.74,18.42,1,0,88820.33,54.58,0
B203961,Services,3,500000.0,401127.96,19.77,1,1,81290.68,64.25,1
B208488,Services,30,500000.0,417726.23,16.45,1,0,46595.96,49.84,0
B205649,Retail,7,500000.0,357532.87,28.49,1,0,73898.32,39.8,0
B202079,Retail,16,500000.0,2098725.16,23.25,0,0,62557.62,59.61,0
B209047,Food,8,500000.0,376023.56,24.8,0,0,77257.06,48.87,0
B200057,Retail,29,500000.0,383776.46,23.24,0,0,91025.29,54.31,0
B206070,Manufacturing,58,500000.0,399415.43,20.12,1,1,73985.69,71.64,1
B208517,Services,10,500000.0,418690.42,16.26,0,0,466237.09,58.53,0
B203947,Manufacturing,47,500000.0,1655898.16,13.19,1,0,77890.23,51.05,0
B205373,IT,13,500000.0,380645.26,23.87,0,0,54668.87,46.67,0
B201064,Services,18,500000.0,339714.35,32.06,0,0,121278.45,37.24,0
B207952,Retail,29,500000.0,446543.87,10.69,0,0,56244.24,51.08,0
B209947,Services,3,500000.0,345727.36,30.85,1,1,106100.01,62.1,1
B207675,Retail,29,500000.0,443380.06,11.32,0,0,86413.45,54.14,0
B200821,Retail,35,500000.0,391669.63,21.67,1,0,63154.65,51.16,0
B205623,Retail,24,500000.0,403375.48,19.32,1,0,115199.55,55.89,0
B201346,Retail,14,500000.0,418441.84,16.31,1,0,69733.9,59.88,0
B201336,Retail,13,500000.0,370374.84,25.93,0,0,26588.44,46.02,0
B203651,Services,28,500000.0,377220.37,24.56,0,0,78550.16,48.83,0
B201713,IT,27,500000.0,398227.29,20.35,0,0,121064.57,56.6,0
B205415,Retail,21,500000.0,444040.15,11.19,0,0,42946.43,53.69,0
B207194,healthcare,21,500000.0,351794.31,29.64,0,0,82285.1,50.35,0
B203889,Manufacturing,55,500000.0,381788.98,23.64,0,0,119566.19,54.26,0
B206326,Manufacturing,56,500000.0,438505.0,12.3,0,0,56941.22,48.92,0
B201707,Manufacturing,45,500000.0,364305.51,27.14,0,0,91487.52,46.1,0
B204600,Manufacturing,55,500000.0,389567.83,22.09,1,0,68496.19,54.51,0
B200668,Retail,28,500000.0,390985.93,21.8,0,0,87582.09,54.09,0
B208418,IT,34,1374359.74,1048004.68,23.75,0,0,297725.18,48.44,0
B200966,Services,24,500000.0,321468.5,35.71,0,0,115083.94,46.12,0
B204870,Food,16,500000.0,373135.61,25.37,0,0,102600.83,46.07,0
B201218,Services,33,500000.0,388908.72,22.22,1,0,129543.03,51.19,0
B204140,Manufacturing,47,500000.0,379051.93,24.19,0,0,65790.47,51.02,0
B204036,IT,18,500000.0,404021.67,19.2,0,0,52806.7,49.87,0
B209597,Manufacturing,36,500000.0,339661.11,32.07,1,0,126495.87,49.91,0
B201989,Retail,38,500000.0,425617.77,14.88,1,0,76391.37,54.08,0
B201536,Services,35,500000.0,346562.64,30.69,1,0,108586.18,40.82,0
B200721,food,16,500000.0,397085.42,20.58,0,0,51151.83,49.11,0
B202072,Retail,43,500000.0,442465.39,11.51,0,0,40159.11,55.78,0
B202728,Retail,38,500000.0,418496.43,16.3,0,0,79837.78,61.75,1
B207305,Food,26,500000.0,2538651.38,15.5,1,1,57890.98,74.31,1
B204883,Manufacturing,43,500000.0,416953.56,16.61,1,0,73598.42,49.45,0
B202204,Services,18,500000.0,369185.97,26.16,0,0,34564.5,39.13,0
B201843,Retail,3,500000.0,398051.38,20.39,0,0,,51.36,0
B203470,Services,42,500000.0,356003.81,28.8,1,0,77022.97,60.28,1
B207214,Services,8,500000.0,365317.49,26.94,0,0,48834.09,50.47,0
B204554,Services,29,500000.0,401531.98,19.69,0,0,52430.84,50.77,0
B205293,Services,3,500000.0,376220.45,24.76,0,0,70843.94,55.03,0
B202878,Services,25,500000.0,374076.51,25.18,1,0,75981.8,49.8,0
B203897,Manufacturing,35,790571.38,556856.21,29.56,1,0,143543.08,47.36,0
B209275,,35,500000.0,392075.78,21.58,0,0,57635.07,51.71,0
B205017,Food,29,500000.0,411694.78,17.66,0,0,31997.1,49.62,0
B207447,Healthcare,24,500000.0,384658.69,23.07,0,0,70038.71,43.9,0
B200081,IT,3,697851.04,455970.64,34.66,0,0,96006.04,45.59,0
B209748,Healthcare,45,500000.0,399826.15,20.03,0,0,70353.03,49.66,0
B202688,,36,500000.0,436534.76,12.69,0,0,103046.34,56.5,0
B200909,,9,500000.0,449229.45,10.15,0,0,44147.33,55.3,0
B207450,Food,20,500000.0,380955.38,23.81,0,0,78760.22,43.82,0
B206223,Services,3,500000.0,363941.91,27.21,1,1,79147.3,65.98,1
B204433,services,13,500000.0,363210.35,27.36,0,0,38793.17,46.89,0
B207579,Services,39,500000.0,347804.39,30.44,0,0,40442.75,49.96,0
B203570,Food,22,500000.0,383687.69,23.26,0,0,78874.5,46.25,0
B203134,IT,37,500000.0,337827.16,32.43,1,0,81380.28,51.45,0
B200904,IT,5,500000.0,330474.98,33.91,0,0,114377.15,46.52,0
B202129,Retail,29,500000.0,408078.16,18.38,1,0,58740.13,55.74,0
B207504,Manufacturing,41,500000.0,409407.88,18.12,1,0,84608.5,43.73,0
B205833,Manufacturing,45,500000.0,449221.19,10.16,1,0,58088.15,55.82,0
B205352,Food,3,500000.0,434919.73,13.02,0,0,57102.15,56.47,0
B206942,,40,500000.0,366601.89,26.68,1,0,49710.49,48.53,0
B208549,Retail,30,500000.0,437884.83,12.42,1,0,68302.14,57.65,0
B203521,Food,12,500000.0,385407.71,22.92,0,0,35177.4,55.93,0
B205886,Food,35,500000.0,402711.97,19.46,1,0,61292.93,54.26,0
B205072,retail,54,500000.0,372984.97,25.4,1,0,106855.54,50.53,0
B202959,Services,25,500000.0,388955.51,22.21,0,0,55751.52,60.0,0
B204838,Healthcare,10,500000.0,353426.63,29.31,0,0,83190.45,44.16,0
B203558,food,25,500000.0,408908.1,,1,0,70732.01,53.28,0
B206368,IT,17,500000.0,338900.56,32.22,0,0,82985.26,51.53,0
B200875,Healthcare,16,500000.0,367647.0,26.47,0,0,111753.41,50.31,0
B209227,Food,22,500000.0,345067.6,30.99,0,0,80249.97,40.96,0
B209347,Manufacturing,44,650863.33,542431.31,16.66,1,1,67283.25,75.93,1
B205171,Food,17,500000.0,382275.39,23.54,1,1,94470.25,67.83,1
B206232,Services,4,500000.0,391626.62,21.67,0,0,71198.84,53.4,0
B204200,Services,34,500000.0,416586.18,16.68,0,0,62894.46,52.72,0
B205490,Services,31,500000.0,403927.19,19.21,0,0,61746.62,46.06,0
B204037,Services,14,500000.0,333139.57,33.37,0,0,105523.75,46.2,0
B202491,Manufacturing,60,500000.0,347718.78,30.46,0,0,109748.65,53.39,0
B206816,manufacturing,43,500000.0,356757.6,28.65,0,0,54433.67,41.72,0
B206698,Retail,40,500000.0,430407.83,13.92,0,0,47420.66,59.29,0
B201873,IT,27,563554.73,371851.27,34.02,0,0,69762.86,45.46,0
B200472,Manufacturing,54,500000.0,366671.11,26.67,0,0,94545.16,46.32,0
B209337,Retail,35,500000.0,428617.77,14.28,1,0,42396.36,53.21,0
B204473,IT,33,500000.0,369387.68,26.12,0,0,104634.51,42.96,0
B204779,Services,20,500000.0,350322.42,29.94,0,0,78608.67,39.27,0
B206966,Food,18,500000.0,398198.77,20.36,0,0,182096.04,43.97,0
B206875,IT,14,500000.0,353249.97,29.35,0,0,26243.38,44.01,0
B205503,Healthcare,3,500000.0,371996.98,25.6,0,0,56458.94,50.4,0
B201112,Services,16,500000.0,368890.52,26.22,0,0,20745.4,45.61,0
B205810,Retail,24,500000.0,405936.43,18.81,0,0,61125.03,62.78,1
B204514,Services,18,535959.69,442632.47,17.41,0,0,68883.78,50.26,0
B206435,Retail,52,500000.0,378381.52,24.32,0,0,117596.78,60.75,1
B208173,Retail,25,500000.0,406680.9,18.66,1,0,97249.36,47.49,0
B204593,Manufacturing,57,500000.0,337252.78,32.55,0,0,59511.53,51.75,0
B202824,Services,14,500000.0,334932.77,33.01,0,0,75909.37,41.19,0
B200061,IT,21,500000.0,290797.62,41.84,0,0,64848.31,41.17,0
B208988,IT,28,500000.0,404409.01,19.12,0,0,74784.38,61.85,1
B201171,IT,41,500000.0,383743.4,23.25,0,0,92212.21,49.19,0
B202712,Services,44,500000.0,373130.07,25.37,0,0,334186.28,53.34,0
B207574,Retail,41,500000.0,406729.53,,1,0,74859.69,43.46,0
B202780,Retail,28,500000.0,435225.67,12.95,1,0,499332.62,50.79,0
B205657,Retail,34,500000.0,422791.53,15.44,0,0,76438.41,56.79,0
B203002,Healthcare,17,500000.0,368570.02,26.29,0,0,74460.04,52.5,0
B201583,Healthcare,21,500000.0,360132.55,27.97,0,0,57304.58,49.77,0
B200567,IT,38,500000.0,356473.53,28.71,0,0,91948.82,42.43,0
B202739,Healthcare,28,500000.0,342098.43,31.58,0,0,78056.34,41.09,0
B207290,Healthcare,20,500000.0,320339.42,35.93,0,0,76029.91,43.92,0
B205238,Food,34,500000.0,382245.73,23.55,0,0,93481.02,52.66,0
B209920,Services,5,3455259.96,384610.03,23.08,0,0,65322.25,56.94,0
B205001,Retail,26,500000.0,403002.15,19.4,0,0,74932.69,45.22,0
B209885,,15,500000.0,390762.49,21.85,0,0,74363.2,47.89,0
B208198,Manufacturing,43,806364.12,699523.88,,1,0,138426.19,56.1,0
B201221,Manufacturing,50,500000.0,2633085.58,14.6,0,0,39193.93,55.37,0
B200900,Services,21,500000.0,369795.94,26.04,0,0,64315.54,48.57,0
B204910,Retail,36,500000.0,1457270.44,24.02,1,0,475840.11,48.89,0
B209729,Food,7,500000.0,356687.03,28.66,0,0,75713.36,38.82,0
B209091,Manufacturing,38,500000.0,351266.02,29.75,0,0,113832.46,50.31,0
B205025,IT,3,500000.0,369295.8,26.14,0,0,58076.4,53.75,0
B203887,Services,17,500000.0,439471.56,12.11,1,0,73959.4,61.16,1
B205298,Retail,15,500000.0,418042.46,16.39,1,0,75468.64,60.33,1
B209739,Manufacturing,52,500000.0,324716.85,35.06,1,0,63318.36,40.49,0
B205703,Manufacturing,39,500000.0,330301.04,33.94,1,1,63311.41,62.24,1
B206682,,16,500000.0,368011.26,26.4,1,0,50445.09,49.91,0
B209679,Services,24,500000.0,325746.27,34.85,1,0,77859.97,47.76,0
B200625,Services,7,500000.0,382428.98,,0,0,94806.12,49.11,0
B205278,Healthcare,18,500000.0,395459.3,20.91,0,0,62496.82,54.8,0
B204721,,21,500000.0,398241.39,20.35,1,1,69805.31,76.26,1
B204471,Services,34,500000.0,434090.98,13.18,0,0,50813.95,53.43,0
B202914,Retail,24,500000.0,401106.51,19.78,1,0,84310.34,50.81,0
B208926,Manufacturing,39,500000.0,360394.89,27.92,0,0,67877.6,40.96,0
B202853,Healthcare,20,500000.0,380119.06,23.98,1,0,109747.59,48.07,0
B202353,IT,3,500000.0,399230.57,20.15,1,0,96982.1,42.71,0
B205000,Manufacturing,25,500000.0,343660.84,31.27,0,0,126772.16,46.36,0
B200728,IT,18,500000.0,359953.19,28.01,1,0,54259.83,47.05,0
B208820,Services,12,500000.0,364333.85,27.13,0,0,84813.41,44.69,0
B202404,Food,10,500000.0,356991.54,28.6,1,0,126863.66,44.59,0
B205818,Manufacturing,36,500000.0,366486.81,26.7,0,0,116342.57,58.17,0
B202649,Services,6,500000.0,423167.06,15.37,0,0,51079.98,57.01,0
B204066,Services,9,500000.0,370941.0,25.81,0,0,103311.79,48.68,0
B205084,Healthcare,31,500000.0,380013.93,24.0,1,0,105344.67,54.65,0
B209464,Retail,25,500000.0,390064.78,21.99,0,0,87898.12,53.34,0
B202140,Manufacturing,34,500000.0,371895.97,25.62,0,0,,53.29,0
B201699,Retail,19,500000.0,476485.64,4.7,0,0,53348.31,54.53,0
B208953,Services,24,500000.0,363723.77,27.26,0,0,58883.39,41.49,0
B200079,Healthcare,25,500000.0,410094.64,17.98,0,0,87083.91,63.76,1
B208076,IT,40,500000.0,362433.61,27.51,0,0,128897.39,46.72,0
B201526,Manufacturing,67,500000.0,344038.8,31.19,1,0,115068.43,51.19,0
B203424,Retail,38,500000.0,408194.42,18.36,1,0,93001.26,54.26,0
B208433,Services,16,500000.0,389066.99,22.19,0,0,55232.7,49.02,0
B209391,Manufacturing,39,500000.0,368831.44,26.23,0,0,459309.41,47.15,0
B203609,Food,25,500000.0,350232.18,29.95,0,0,107246.03,52.34,0
B207166,Services,21,527649.72,445386.57,15.59,1,0,91296.79,48.31,0
B204229,Manufacturing,40,3111673.8,419955.45,16.01,0,0,80033.25,56.83,0
B205444,Retail,30,500000.0,438743.05,12.25,0,0,465957.55,61.84,1
B203937,IT,16,500000.0,319971.52,36.01,0,0,64769.62,40.91,0
B201685,Manufacturing,61,500000.0,349183.04,30.16,0,0,46676.76,49.59,0
B203145,Services,23,500000.0,365355.29,26.93,1,1,85082.23,65.36,1
B206747,Retail,12,500000.0,438505.51,12.3,0,0,52539.98,63.67,1
B207499,,3,500000.0,339334.53,32.13,0,0,129164.35,38.76,0
B204206,IT,34,500000.0,355256.54,28.95,0,0,83441.2,49.03,0
B200762,Manufacturing,45,500000.0,400800.14,19.84,1,0,107529.97,55.41,0
B209165,Food,30,500000.0,356686.16,28.66,0,0,69214.25,47.99,0
B203479,Services,3,500000.0,293639.39,41.27,0,0,94641.93,41.1,0
B206148,Services,21,1990117.83,381578.67,23.68,0,0,48078.69,47.25,0
B207183,Food,9,821754.86,675837.44,17.76,0,0,155877.34,53.54,0
B206854,Services,3,500000.0,404499.48,19.1,0,0,71121.95,57.17,0
B209862,Food,26,500000.0,412963.28,17.41,1,0,49719.16,56.02,0
B206971,Retail,39,500000.0,403227.75,19.35,1,0,57597.42,47.1,0
B202687,Manufacturing,37,500000.0,362937.88,27.41,1,0,89894.99,41.12,0
B204358,Healthcare,17,500000.0,378126.26,24.37,1,0,66188.99,56.96,0
B207239,Services,27,500000.0,344483.9,31.1,0,0,54000.44,47.52,0
B202651,Manufacturing,63,826204.7,640682.22,22.45,0,0,141082.86,44.1,0
B202488,Healthcare,33,500000.0,396880.11,20.62,0,0,66863.39,50.43,0
B200348,nan,13,597795.98,481025.64,19.53,1,0,,59.56,0
B209581,Services,24,500000.0,344093.53,31.18,0,0,79172.87,44.93,0
B201939,Food,24,500000.0,409196.43,18.16,0,0,97941.76,45.52,0
B202592,Manufacturing,32,500000.0,425037.77,14.99,1,0,42011.47,49.56,0
B206403,Food,27,500000.0,330826.72,33.83,1,0,,33.1,0
B207054,Food,3,500000.0,368141.27,26.37,0,0,69862.29,43.57,0
B208225,Manufacturing,58,500000.0,374450.46,25.11,1,0,115847.32,37.14,0
B206618,Retail,27,500000.0,387363.01,22.53,0,0,81862.15,50.07,0
B209972,Services,32,509688.47,368511.2,27.7,0,0,144850.17,53.91,0
B209289,Services,22,500000.0,364103.47,27.18,0,0,77936.65,47.15,0
B206215,Manufacturing,28,500000.0,383466.27,23.31,0,0,77180.57,58.66,0
B209327,Retail,11,500000.0,386555.75,22.69,1,0,53871.75,47.69,0
B202757,Manufacturing,44,520483.97,416781.08,19.92,0,0,82302.02,43.83,0
B206470,Manufacturing,58,500000.0,379086.72,24.18,0,0,81390.73,50.19,0
B206645,Services,3,500000.0,372052.42,25.59,0,0,52235.19,53.86,0
B208499,Healthcare,29,500000.0,432812.99,13.44,1,0,68381.29,51.35,0
B204031,Healthcare,13,500000.0,414954.79,17.01,0,0,72516.62,51.03,0
B202726,Retail,32,500000.0,409130.49,18.17,1,0,82301.71,48.74,0
B209585,Healthcare,37,500000.0,359579.65,28.08,0,0,114920.69,50.05,0
B206173,Healthcare,27,500000.0,403846.73,19.23,0,0,48125.49,60.16,1
B205219,Retail,21,500000.0,416032.82,16.79,1,0,27836.57,52.8,0
B207265,Retail,37,500000.0,445037.31,,0,0,65487.33,56.18,0
B206770,Food,14,500000.0,417546.99,16.49,0,0,50606.75,56.09,0
B203500,Manufacturing,30,500000.0,446243.43,10.75,1,0,53081.94,58.79,0
B209406,Food,26,500000.0,353476.88,29.3,0,0,90651.95,51.83,0
B205835,Retail,39,500000.0,400289.19,19.94,1,0,58510.16,48.99,0
B204136,Food,15,500000.0,388865.96,,0,0,54626.94,53.57,0
B201272,Manufacturing,25,500000.0,393997.58,21.2,1,0,52753.63,49.58,0
B208734,Services,3,500000.0,376364.24,24.73,0,0,92024.4,56.95,0
B204364,Retail,42,1953911.03,377419.1,24.52,0,0,49882.07,47.2,0
B207006,IT,27,508536.3,374409.52,26.38,0,0,50929.82,52.57,0
B202407,Services,24,500000.0,364125.69,27.17,0,0,62194.36,45.43,0
B201919,IT,3,500000.0,359371.59,28.13,0,0,105398.63,44.77,0
B202874,Services,23,500000.0,386145.39,22.77,0,0,103512.14,56.3,0
B201002,Manufacturing,57,500000.0,416136.24,16.77,0,0,49403.87,58.84,0
B206834,Retail,39,500000.0,376488.03,24.7,0,0,47606.11,44.58,0
B200636,Retail,41,3069498.57,348798.33,30.24,0,0,57587.36,45.51,0
B202273,Healthcare,31,500000.0,396507.62,20.7,0,0,50780.64,51.19,0
B207299,IT,38,500000.0,380685.16,23.86,1,0,114609.08,56.6,0
B203144,Manufacturing,75,614016.66,493869.21,19.57,1,0,112550.42,54.44,0
B207730,Manufacturing,28,500000.0,378143.16,24.37,1,0,92018.86,51.91,0
B208100,Retail,37,500000.0,379029.56,24.19,0,0,98023.66,47.8,0
B207900,Retail,37,500000.0,428312.49,14.34,0,0,22211.74,50.39,0
B206139,Services,23,500000.0,362540.34,27.49,0,0,68697.29,45.97,0
B204564,Manufacturing,54,500000.0,352614.14,29.48,1,0,80735.09,55.23,0
B200238,Retail,17,500000.0,449933.32,10.01,0,0,58869.36,45.74,0
B203179,Services,7,500000.0,335157.03,,1,0,53243.58,46.14,0
B205463,Food,37,547511.23,454317.36,17.02,1,0,,60.15,1
B207694,Food,17,500000.0,430253.9,13.95,1,0,13526.16,59.67,0
B200683,Retail,34,500000.0,422589.19,15.48,0,0,82604.11,51.7,0
B203820,Retail,27,500000.0,403656.25,19.27,1,0,48162.57,51.52,0
B208730,Food,12,500000.0,372340.0,25.53,0,0,39295.31,46.28,0
B204369,Manufacturing,33,655024.92,558736.84,14.7,0,0,103069.51,62.45,1
B208850,Retail,56,500000.0,422407.79,,0,0,85217.72,52.64,0
B201088,,35,500000.0,376682.84,24.66,1,1,77633.18,69.36,1
B203748,Retail,30,500000.0,383002.98,23.4,0,0,38269.5,50.77,0
B204494,Food,24,500000.0,406600.46,,1,0,107905.35,54.11,0
B201022,Manufacturing,36,500000.0,360333.14,27.93,1,0,238653.08,42.83,0
B204678,Food,9,595051.12,481053.55,19.16,0,0,556022.17,56.12,0
B209462,Manufacturing,54,500000.0,382320.63,23.54,1,0,57294.23,47.23,0
B203199,Food,16,500000.0,384292.76,23.14,0,0,87476.46,49.0,0
B209209,Food,29,500000.0,387683.42,22.46,0,0,99843.58,55.52,0
B209561,,5,500000.0,402967.49,19.41,0,0,53682.81,41.38,0
B202996,Healthcare,26,500000.0,434270.46,13.15,1,1,54049.78,72.38,1
B208249,Services,16,500000.0,390794.26,21.84,0,0,38986.67,49.42,0
B200068,Retail,40,500000.0,464805.87,7.04,0,0,49535.77,52.81,0
B209329,Food,12,500000.0,390442.96,21.91,0,0,55978.2,42.39,0
B208172,Food,5,500000.0,377970.71,24.41,0,0,41842.59,49.38,0
B208534,Manufacturing,35,500000.0,423818.22,15.24,0,0,76828.92,58.31,0
B206392,Services,7,500000.0,371682.31,25.66,0,0,80742.3,50.6,0
B207142,IT,24,500000.0,363135.18,27.37,0,0,99091.71,50.2,0
B203831,Healthcare,23,500000.0,409844.02,18.03,0,0,457682.0,52.24,0
B203550,Healthcare,13,500000.0,389206.86,22.16,0,0,87944.44,50.48,0
B200520,Manufacturing,43,1534033.82,1274086.87,16.95,0,0,257090.65,46.62,0
B208385,healthcare,15,500000.0,419336.3,,0,0,57486.98,55.12,0
B200503,Manufacturing,32,500000.0,388361.47,22.33,0,0,66584.98,62.76,1
B204511,Retail,45,500000.0,381118.43,23.78,0,0,79486.92,46.51,0
B201935,Manufacturing,27,500000.0,386223.33,22.76,1,0,80312.31,41.82,0
B203313,Services,31,500000.0,370996.76,25.8,1,0,78560.27,47.77,0
B207775,Manufacturing,52,500000.0,393193.01,21.36,1,0,72273.36,50.71,0
B207928,Services,13,500000.0,343100.0,31.38,0,0,122742.34,39.77,0
B204495,Manufacturing,23,500000.0,396645.74,20.67,0,0,42678.45,46.72,0
B200837,Retail,44,500000.0,420142.08,15.97,0,0,49449.94,50.4,0
B203578,Healthcare,9,500000.0,422667.82,15.47,1,0,60270.5,60.84,1
B200840,Services,26,500000.0,349450.61,30.11,0,0,71642.3,53.59,0
B201475,IT,30,500000.0,345277.23,30.94,0,0,76916.39,43.4,0
B207136,Retail,31,500000.0,401481.62,19.7,0,0,37099.86,51.28,0
B200143,IT,31,500000.0,292253.47,41.55,1,0,168354.59,39.08,0
B204759,Services,42,500000.0,418408.24,16.32,0,0,40870.54,60.78,1
B203798,Manufacturing,50,500000.0,396624.05,20.68,0,0,75958.08,58.91,0
B206334,Food,9,500000.0,368945.27,26.21,0,0,101782.04,50.48,0
B208454,Retail,30,500000.0,410661.67,17.87,0,0,56988.07,47.96,0
B203017,Manufacturing,46,500000.0,398549.1,20.29,0,0,64724.78,55.66,0
B208226,Retail,27,500000.0,417159.9,16.57,0,0,72484.17,49.79,0
B208235,Services,28,500000.0,377111.37,24.58,1,0,68667.98,55.86,0
B202753,IT,6,714672.53,2154326.85,38.35,0,0,167383.69,42.76,0
B201800,Retail,65,3310539.83,401155.8,19.77,1,0,110579.82,61.86,1
B205286,Food,42,500000.0,392123.84,21.58,0,0,92791.47,52.72,0
B205356,IT,46,500000.0,340844.22,31.83,0,0,49106.62,50.43,0
B206149,Services,17,500000.0,411908.93,17.62,0,0,74852.1,53.35,0
B202037,it,19,500000.0,359820.11,28.04,0,0,76297.4,49.39,0
B202614,,31,500000.0,322656.98,35.47,0,0,109680.89,39.23,0
B209907,IT,33,500000.0,410520.46,17.9,1,0,53789.21,55.65,0
B207049,IT,37,500000.0,331104.54,33.78,0,0,12964.36,47.15,0
B209149,Retail,17,500000.0,429264.89,14.15,0,0,55271.98,56.25,0
B204089,IT,35,500000.0,399563.41,20.09,0,0,55656.74,58.02,0
B204158,Retail,28,500000.0,386609.04,22.68,0,0,67814.53,50.52,0
B207819,IT,31,500000.0,321133.14,35.77,1,0,80424.85,38.7,0
B204426,Food,21,500000.0,405996.91,18.8,0,0,64196.59,52.84,0
B208672,Services,13,500000.0,2803112.47,10.12,0,0,37602.24,56.35,0
B208892,IT,18,500000.0,360057.41,27.99,1,0,87775.7,50.89,0
B206168,Manufacturing,52,500000.0,365829.5,26.83,1,0,66757.43,52.84,0
B204722,Healthcare,34,500000.0,425943.89,14.81,0,0,77645.25,56.68,0
B207436,Food,27,500000.0,390589.98,21.88,0,0,69800.06,47.02,0
B204048,Healthcare,3,2445840.78,419459.57,16.11,0,0,96111.89,57.5,0
B207220,Services,25,889007.03,671761.68,24.44,1,0,117152.68,41.27,0
B202069,Food,12,500000.0,380423.66,23.92,0,0,72895.4,52.07,0
B209150,Food,8,500000.0,386030.36,22.79,1,0,89102.77,50.09,0
B201144,Food,40,500000.0,342647.45,31.47,0,0,58888.58,45.58,0
B206252,Retail,32,500000.0,417287.46,16.54,0,0,83549.33,40.25,0
B200042,retail,27,2023754.82,450818.39,9.84,0,0,60326.83,58.79,0
B208748,Services,10,500000.0,424602.56,15.08,0,0,73348.14,58.37,0
B207082,Manufacturing,50,855384.72,627415.09,26.65,0,0,141223.75,48.75,0
B200842,Retail,26,500000.0,431110.78,13.78,0,0,58350.24,52.17,0
B202126,Retail,37,500000.0,412545.64,17.49,0,0,,50.78,0
B209807,Manufacturing,45,500000.0,398417.68,20.32,0,0,101134.16,48.06,0
B204852,Services,19,500000.0,370626.75,25.87,0,0,121542.44,46.46,0
B207811,IT,33,500000.0,362287.83,27.54,0,0,58164.74,47.43,0
B204173,Food,13,500000.0,440503.72,11.9,0,0,59335.25,54.12,0
B200363,Healthcare,25,500000.0,401323.67,19.74,0,0,87699.52,50.02,0
B208004,Food,19,500000.0,375851.5,24.83,0,0,78957.02,47.6,0
B205154,Services,28,500000.0,400497.67,19.9,1,0,,46.56,0
B202902,Manufacturing,37,500000.0,354731.39,29.05,0,0,85926.38,61.61,1
B202262,Manufacturing,45,500000.0,400214.03,,0,0,72340.37,45.31,0
B204250,Retail,25,500000.0,396878.24,20.62,1,0,366636.93,50.69,0
B200672,Manufacturing,44,500000.0,394729.86,21.05,1,0,82712.62,41.95,0
B207809,Manufacturing,33,573981.17,435857.8,24.06,0,0,119316.22,55.65,0
B209832,,46,500000.0,426700.3,14.66,0,0,,48.48,0
B206049,healthcare,39,2709537.66,380410.25,23.92,0,0,87323.21,49.47,0
B204536,Services,20,500000.0,350270.94,29.95,1,0,106651.84,37.72,0
B205132,Retail,49,500000.0,404311.33,19.14,0,0,63231.21,58.16,0
B206116,Food,5,500000.0,439247.46,12.15,1,0,76416.36,61.16,1
B205030,Healthcare,33,500000.0,414835.45,17.03,0,0,53816.56,58.05,0
B200129,Manufacturing,34,500000.0,407090.66,18.58,0,0,80170.18,62.6,1
B206088,Food,24,500000.0,1417089.63,20.93,0,0,55623.02,51.65,0
B208277,Retail,33,500000.0,457694.63,8.46,0,0,49551.6,44.87,0
B207135,Retail,22,500000.0,393659.06,21.27,0,0,89237.03,46.54,0
B204049,IT,29,500000.0,372769.54,25.45,0,0,101146.77,56.19,0
B203701,Services,37,500000.0,370098.12,25.98,1,0,126627.75,49.57,0
B200374,Services,31,500000.0,358058.55,28.39,0,0,81294.86,43.55,0
B205763,Retail,13,500000.0,356353.17,28.73,0,0,76510.8,47.25,0
B202461,Services,24,500000.0,316494.02,36.7,1,0,86595.72,49.82,0
B205684,Healthcare,27,500000.0,413400.85,17.32,1,0,436351.52,61.37,1
B203574,Healthcare,12,2184071.43,419624.81,16.08,0,0,74353.33,60.35,1
B206750,Retail,14,500000.0,412151.66,17.57,1,0,67005.23,61.54,1
B205262,IT,25,500000.0,434066.14,13.19,1,0,72029.34,56.87,0
B206397,IT,7,500000.0,407426.52,18.51,1,0,35160.87,47.71,0
B202972,Manufacturing,39,500000.0,379063.5,24.19,0,0,13935.48,43.66,0
B203302,Retail,19,500000.0,478708.28,4.26,1,1,59679.64,72.91,1
B202604,Food,20,500000.0,411405.88,17.72,0,0,82588.48,52.48,0
B208692,Retail,20,500000.0,414572.16,17.09,0,0,100832.6,56.39,0
B203759,Retail,49,500000.0,361622.35,27.68,0,0,80544.13,45.6,0
B201521,Food,15,500000.0,383697.07,23.26,0,0,89713.73,38.9,0
B208616,IT,3,500000.0,389275.01,22.14,1,0,37113.48,46.34,0
B202091,Manufacturing,51,500000.0,409254.48,18.15,1,0,28027.02,52.84,0
B207841,Retail,41,500000.0,409499.49,18.1,1,0,89306.02,42.53,0
B202233,Retail,32,500000.0,438036.71,12.39,1,1,49252.29,63.05,1
B208107,Manufacturing,45,500000.0,406819.56,18.64,1,0,75837.31,48.9,0
B206632,Retail,39,704090.11,544244.62,22.7,0,0,126832.02,53.09,0
B202312,Retail,34,500000.0,314910.44,37.02,1,1,45897.57,61.21,1
B206870,Retail,27,500000.0,453594.48,9.28,1,1,43790.76,75.09,1
B203941,Services,29,500000.0,349521.77,30.1,1,0,96576.12,37.12,0
B209438,,20,500000.0,306324.93,38.74,1,0,147311.17,42.7,0
B202279,Healthcare,44,500000.0,389714.92,22.06,0,0,49024.4,45.11,0
B207325,Services,7,500000.0,378127.89,24.37,0,0,501208.28,46.59,0
B209619,Services,5,500000.0,357688.41,28.46,0,0,,47.86,0
B203455,Retail,51,500000.0,443463.77,11.31,0,0,36050.11,57.88,0
B203230,IT,39,1239599.11,904408.24,27.04,0,0,,46.6,0
B208080,Food,14,500000.0,433280.06,,0,0,41357.72,53.86,0
B209950,Services,31,500000.0,380326.11,23.93,1,0,38971.2,50.43,0
B204905,Services,10,500000.0,378584.23,24.28,0,0,88072.46,49.12,0
B204112,retail,18,500000.0,372677.82,,0,0,59022.23,49.81,0
B200048,Healthcare,22,500000.0,442357.16,11.53,0,0,77690.01,55.51,0
B203804,Healthcare,17,500000.0,406463.77,18.71,0,0,62108.34,53.12,0
B208027,Food,29,500000.0,390960.2,21.81,0,0,92910.89,49.35,0
B202139,Retail,34,500000.0,407043.14,18.59,1,0,54121.36,51.79,0
B205083,Healthcare,17,2948748.27,403205.21,19.36,0,0,53439.17,55.99,0
B205734,it,33,500000.0,375727.48,24.85,0,0,341795.71,52.85,0
B204352,Retail,21,500000.0,390038.01,21.99,0,0,81873.28,52.26,0
B209784,Services,22,500000.0,381935.72,23.61,0,0,103487.13,53.6,0
B206986,Services,32,500000.0,355040.6,28.99,0,0,70900.15,53.66,0
B207208,Services,13,500000.0,331154.64,33.77,1,0,112212.02,38.88,0
B204538,Manufacturing,64,500000.0,373881.19,25.22,0,0,114714.71,45.01,0
B206351,Manufacturing,43,500000.0,408699.85,18.26,1,0,123593.53,49.31,0
B205037,Healthcare,13,500000.0,380701.39,23.86,1,0,78093.38,46.86,0
B204362,Services,11,500000.0,379420.52,24.12,0,0,67671.94,44.57,0
B204840,Food,15,500000.0,412900.77,17.42,0,0,58475.46,52.82,0
B200706,,3,500000.0,348358.19,30.33,0,0,107554.12,48.76,0
B206147,services,10,5040017.36,578650.03,19.9,0,0,72902.73,47.8,0
B206547,Manufacturing,38,500000.0,394603.31,21.08,0,0,52581.38,48.78,0
B208431,Healthcare,29,587622.8,483937.69,17.64,0,0,73399.43,54.02,0
B205589,IT,8,500000.0,316149.69,36.77,0,0,98128.87,46.36,0
B201566,Food,4,500000.0,385354.5,22.93,1,0,61662.26,60.34,1
B200661,Retail,33,500000.0,407097.59,18.58,0,0,87496.44,44.41,0
B209493,Food,23,500000.0,385163.55,22.97,1,0,56438.4,42.94,0
B208611,Manufacturing,20,500000.0,380449.55,23.91,1,1,92099.14,61.44,1
B201915,Services,24,500000.0,352367.95,29.53,0,0,62021.81,44.19,0
B201797,Food,28,500000.0,418343.51,16.33,0,0,59190.12,51.67,0
B209926,Services,24,500000.0,379199.97,24.16,0,0,494585.7,54.66,0
B204226,Healthcare,12,500000.0,382726.9,23.45,0,0,83270.28,51.52,0
B200823,Healthcare,63,500000.0,391304.84,21.74,1,0,43681.24,48.29,0
B207683,Food,26,500000.0,420604.01,15.88,1,1,91169.9,76.59,1
B201528,Food,14,500000.0,414128.53,17.17,0,0,42215.74,58.37,0
B207977,Manufacturing,62,500000.0,419248.85,16.15,0,0,50169.71,45.41,0
B207589,Services,35,500000.0,352423.02,29.52,0,0,83959.86,54.77,0
B209648,Retail,27,500000.0,381015.78,23.8,0,0,110443.51,48.69,0
B208566,Services,22,500000.0,348630.81,30.27,1,1,,63.8,1
B200423,Food,16,500000.0,406175.37,18.76,0,0,96236.01,53.1,0
B204850,Healthcare,26,500000.0,421744.62,15.65,0,0,50785.83,57.2,0
B205301,Manufacturing,36,500000.0,363015.72,27.4,0,0,78673.13,44.51,0
B202052,Manufacturing,44,548585.47,453844.53,17.27,1,0,45794.05,52.88,0
B200070,IT,12,623180.26,394452.88,36.7,0,0,76851.68,39.64,0
B204405,Services,27,500000.0,394904.24,21.02,0,0,51064.38,47.86,0
B207805,Services,15,500000.0,378719.76,24.26,0,0,7288.98,50.01,0
B203118,IT,26,967926.32,3515506.74,35.42,1,0,230084.55,54.47,0
B208193,Services,28,500000.0,304132.74,39.17,0,0,63256.17,37.33,0
B204434,Manufacturing,52,500000.0,361517.28,27.7,1,0,64542.06,44.91,0
B205394,Retail,62,500000.0,425524.09,14.9,1,0,74541.56,53.55,0
B206595,,55,500000.0,351686.11,29.66,0,0,76599.96,46.16,0
B209953,retail,36,500000.0,419951.89,16.01,1,0,45394.47,47.86,0
B201286,Retail,5,500000.0,438782.64,12.24,0,0,79982.18,63.04,1
B205679,IT,8,500000.0,394782.78,21.04,0,0,54455.36,53.68,0
B209572,Services,31,500000.0,348503.79,30.3,0,0,,50.56,0
B205693,IT,23,500000.0,437154.05,12.57,0,0,69796.98,47.7,0
B200285,Manufacturing,57,500000.0,363280.18,27.34,1,0,90018.65,58.91,0
B205483,Manufacturing,51,500000.0,354479.71,29.1,0,0,87407.66,43.25,0
B203553,IT,19,500000.0,279823.02,44.04,0,0,114507.66,43.84,0
B204297,Manufacturing,49,500000.0,2294344.15,16.01,0,0,82630.78,60.04,1
B200403,Manufacturing,38,1226845.07,845258.17,31.1,1,0,236305.63,43.07,0
B206267,Manufacturing,54,590110.94,455308.34,22.84,0,0,102446.39,41.59,0
B204517,Healthcare,14,500000.0,327311.39,34.54,0,0,72929.76,52.69,0
B207947,Retail,17,500000.0,374682.92,25.06,1,0,100160.29,50.74,0
B207999,retail,46,500000.0,413369.92,17.33,0,0,56382.33,50.19,0
B208584,Manufacturing,27,500000.0,452916.93,9.42,1,1,62185.84,67.14,1
B204023,Healthcare,3,500000.0,378000.51,24.4,0,0,103653.74,50.51,0
B203695,Healthcare,20,500000.0,398703.42,20.26,1,0,74732.14,47.97,0
B204232,Services,22,531665.41,317775.02,40.23,0,0,100475.73,43.42,0
B209546,Manufacturing,58,533218.67,375842.65,29.51,0,0,108332.24,42.37,0
B202493,Healthcare,22,500000.0,387357.75,22.53,0,0,114027.14,46.79,0
B200761,Manufacturing,58,500000.0,361025.54,27.79,0,0,63232.97,47.24,0
B206844,Retail,28,500000.0,395203.86,20.96,0,0,46138.98,60.13,1
B205155,Retail,45,500000.0,412658.86,17.47,0,0,,60.63,1
B208558,,29,2010665.39,392386.98,37.32,0,0,108812.15,40.11,0
B202063,Manufacturing,47,500000.0,359723.68,28.06,1,0,145118.41,48.21,0
B203914,Manufacturing,40,500000.0,339094.61,32.18,0,0,60942.23,42.99,0
B201365,Services,16,500000.0,357757.09,28.45,0,0,77835.2,43.07,0
B201684,Healthcare,20,500000.0,372711.93,25.46,0,0,66405.48,43.95,0
B201758,Manufacturing,32,500000.0,397678.63,20.46,1,0,90599.08,54.17,0
B205967,Retail,35,500000.0,386439.0,22.71,0,0,81828.2,40.71,0
B206210,food,30,500000.0,401739.57,19.65,0,0,70905.81,54.08,0
B203926,IT,11,500000.0,387533.96,22.49,1,1,97398.96,60.3,1
B209301,IT,13,500000.0,342416.25,31.52,0,0,73200.69,43.94,0
B201575,Healthcare,3,500000.0,428305.89,14.34,0,0,72118.96,58.85,0
B208165,Retail,19,500000.0,397416.49,20.52,0,0,102826.49,51.67,0
B200521,Food,20,500000.0,393394.66,21.32,0,0,145894.43,47.18,0
B200859,Retail,15,500000.0,421524.23,15.7,1,0,,52.37,0
B200124,Manufacturing,38,500000.0,407792.22,18.44,1,0,86265.41,52.25,0
B207916,Retail,26,500000.0,402577.76,19.48,1,1,79393.85,64.03,1
B205891,Retail,33,500000.0,425983.73,14.8,0,0,55651.86,57.2,0
B208024,Services,10,500000.0,369599.61,26.08,0,0,94070.01,46.0,0
B202027,Retail,38,500000.0,432423.7,13.52,1,0,32150.65,54.76,0
B203575,Food,21,500000.0,395785.35,20.84,1,0,73279.59,55.29,0
B204225,,3,500000.0,358940.43,28.21,0,0,59155.46,60.08,1
B200117,Healthcare,14,548118.92,413736.58,24.52,1,0,69441.16,45.7,0
B203689,Services,28,500000.0,412901.06,17.42,1,1,351238.78,74.08,1
B202920,IT,21,500000.0,363642.75,27.27,1,0,128763.8,46.97,0
B208742,Food,14,500000.0,385641.72,22.87,0,0,62177.12,52.05,0
B201804,IT,33,500000.0,355647.21,28.87,0,0,86862.83,51.61,0
B202389,Manufacturing,31,806501.58,648129.29,19.64,0,0,137578.5,45.25,0
B207953,Food,22,500000.0,395306.11,20.94,0,0,83286.41,51.86,0
B204055,it,12,1277261.56,890822.72,30.26,0,0,1501104.23,50.95,0
B206700,,3,500000.0,363862.57,27.23,0,0,68511.2,53.57,0
B204952,Retail,36,500000.0,398970.02,20.21,1,0,110799.23,53.64,0
B201741,Services,10,500000.0,361470.11,27.71,0,0,72061.17,49.89,0
B205199,Services,18,500000.0,413212.41,17.36,1,0,54742.54,51.32,0
B208264,Services,14,500000.0,368773.9,26.25,0,0,62074.45,42.09,0
B206040,Retail,11,500000.0,447311.66,10.54,0,0,38213.82,57.3,0
B200340,Retail,39,500000.0,390422.75,21.92,0,0,96419.35,44.43,0
B203547,Retail,22,500000.0,390073.85,21.99,0,0,84613.28,51.31,0
B206717,Manufacturing,63,500000.0,391269.68,21.75,1,0,75456.37,51.29,0
B206803,Retail,24,500000.0,421044.02,15.79,1,0,75345.07,57.35,0
B204230,Manufacturing,40,500000.0,389897.4,22.02,0,0,61064.18,56.11,0
B204854,Services,30,500000.0,371097.6,25.78,1,0,85848.71,45.46,0
B207268,Retail,36,500000.0,438635.01,12.27,0,0,71969.14,56.06,0
B208787,Manufacturing,51,500000.0,375553.35,24.89,0,0,106687.82,52.1,0
B203094,Manufacturing,44,500000.0,420150.82,15.97,1,0,76073.33,45.95,0
B208620,Food,12,500000.0,411269.48,17.75,0,0,84479.03,50.69,0
B200004,Food,3,500000.0,389377.4,22.12,0,0,95427.54,51.73,0
B204633,Healthcare,15,500000.0,393925.24,21.21,0,0,,52.68,0
B200295,Healthcare,24,500000.0,422518.58,15.5,0,0,55894.68,56.68,0
B201565,Food,7,500000.0,373752.8,25.25,0,0,92347.92,51.94,0
B207696,Manufacturing,65,500000.0,377390.25,24.52,1,0,103022.93,46.75,0
B204181,Manufacturing,57,578767.56,416102.39,28.11,0,0,92917.92,44.49,0
B207233,,34,500000.0,405771.87,18.85,0,0,95329.69,53.17,0
B207441,Retail,25,500000.0,431381.01,13.72,1,0,41714.98,62.38,1
B205178,Food,15,500000.0,360614.7,27.88,0,0,54840.34,60.92,1
B209220,Manufacturing,34,832171.88,674150.28,18.99,1,0,109524.39,48.1,0
B208364,Retail,22,500000.0,397967.65,20.41,0,0,74480.38,49.1,0
B201942,Retail,43,500000.0,436873.71,12.63,1,1,52623.59,69.66,1
B202058,Healthcare,17,500000.0,418689.79,16.26,0,0,32766.95,50.61,0
B202254,Retail,38,500000.0,395555.56,20.89,0,0,82671.01,49.93,0
B202101,Healthcare,34,500000.0,376982.16,24.6,0,0,112339.11,55.92,0
B205050,IT,31,500000.0,353567.99,29.29,0,0,95793.34,57.02,0
B209686,Retail,47,503002.39,422277.74,16.05,0,0,38969.53,58.35,0
B209341,Services,35,500000.0,375776.97,24.84,0,0,94869.45,44.35,0
B208229,Food,26,1812239.75,365402.44,26.92,1,0,80154.65,52.33,0
B208516,Retail,40,500000.0,398990.27,20.2,1,0,100241.76,48.7,0
B205202,Manufacturing,36,500000.0,420409.55,15.92,0,0,39445.39,65.87,1
B206846,Services,40,500000.0,379308.64,24.14,0,0,119525.98,51.55,0
B209183,Retail,48,789079.94,716791.85,9.16,0,0,117471.11,53.14,0
B204888,Services,15,500000.0,358096.04,28.38,0,0,121922.51,44.33,0
B200524,IT,17,500000.0,358504.36,28.3,0,0,60266.18,47.98,0
B203697,Manufacturing,19,500000.0,426749.02,14.65,0,0,72649.0,58.38,0
B208598,Services,12,500000.0,416761.24,16.65,0,0,31560.73,56.38,0
B202466,Retail,41,500000.0,461449.12,7.71,0,0,55568.32,60.17,1
B208645,Services,34,500000.0,371692.27,25.66,0,0,74148.61,52.05,0
B201696,Healthcare,28,500000.0,413530.03,17.29,0,0,53863.05,53.17,0
B200537,IT,27,500000.0,328727.46,34.25,1,0,25139.55,37.92,0
B200741,,7,500000.0,357048.9,28.59,0,0,97896.03,47.75,0
B203735,,50,616052.87,478947.85,,1,0,76515.56,51.72,0
B200169,Manufacturing,53,500000.0,397566.3,20.49,0,0,59249.29,50.88,0
B203404,Food,34,500000.0,444382.04,11.12,0,0,75095.53,53.39,0
B209850,Retail,30,500000.0,414769.74,17.05,0,0,79842.98,58.37,0
B202661,Manufacturing,39,500000.0,383558.75,23.29,1,0,52616.59,50.87,0
B201445,Manufacturing,44,500000.0,408569.92,18.29,1,0,79037.88,54.22,0
B205873,IT,22,500000.0,1087100.95,33.97,1,0,75219.62,45.16,0
B205494,IT,16,500000.0,375230.0,24.95,0,0,105680.41,48.75,0
B202411,Healthcare,24,500000.0,330254.44,33.95,0,0,66715.65,43.16,0
B209465,Services,10,500000.0,355459.17,28.91,0,0,104254.11,59.66,0
B200844,Manufacturing,37,2529449.0,405913.31,18.82,1,0,45968.16,52.52,0
B206281,Services,29,500000.0,370422.01,25.92,0,0,105166.2,48.94,0
B208010,Manufacturing,36,500000.0,410266.68,17.95,1,1,40434.89,59.91,0
B206504,IT,42,500000.0,1838187.6,15.7,0,0,85991.29,53.75,0
B209516,Manufacturing,67,500000.0,412220.57,17.56,0,0,108087.73,50.77,0
B203318,Retail,23,500000.0,451511.99,9.7,0,0,77522.37,62.14,1
B206540,Healthcare,28,500000.0,393631.49,21.27,0,0,63490.86,50.31,0
B205864,Services,31,2301062.53,419841.59,16.03,1,0,36593.03,56.28,0
B205460,Manufacturing,48,500000.0,342327.53,31.53,0,0,69633.25,45.06,0
B204371,IT,43,500000.0,368266.81,26.35,0,0,63645.96,46.99,0
B208532,Services,3,500000.0,387331.94,22.53,1,0,57116.87,53.71,0
B201933,Services,15,500000.0,375546.51,,0,0,26046.86,51.25,0
B204755,healthcare,3,500000.0,383248.04,23.35,0,0,66017.24,45.91,0
B205537,Food,37,2340569.27,367402.33,26.52,0,0,50019.0,42.9,0
B209823,Manufacturing,57,584223.23,475766.0,18.56,1,0,93654.11,56.66,0
B207941,Manufacturing,44,500000.0,2828152.67,16.01,1,0,37683.75,53.7,0
B204773,,5,500000.0,373359.32,25.33,1,0,,51.44,0
B204548,nan,32,500000.0,454863.23,9.03,0,0,55158.96,52.59,0
B200373,,42,500000.0,361707.17,27.66,1,0,51642.33,42.75,0
B202803,Retail,23,500000.0,432055.79,13.59,0,0,34601.55,51.47,0
B204863,Retail,17,500000.0,395721.75,20.86,1,0,61064.88,39.52,0
B201279,Retail,20,500000.0,415087.26,16.98,0,0,67210.17,53.71,0
B208295,Manufacturing,42,500000.0,398384.24,20.32,0,0,78423.56,49.03,0
B205609,Manufacturing,30,500000.0,394420.15,21.12,1,0,62451.9,46.3,0
B200663,Retail,45,500000.0,386668.11,22.67,1,0,84955.03,45.31,0
B203515,Retail,29,500000.0,410635.4,17.87,0,0,84817.35,50.04,0
B207540,Retail,64,500000.0,378784.42,24.24,0,0,109847.16,44.39,0
B203687,Manufacturing,31,500000.0,377382.62,24.52,0,0,68585.85,38.31,0
B206420,Healthcare,29,500000.0,398332.34,20.33,0,0,72226.69,45.32,0
B200288,Manufacturing,31,500000.0,405036.05,18.99,0,0,62341.66,50.52,0
B205179,food,36,500000.0,377890.9,24.42,0,0,476948.08,56.54,0
B204686,Retail,16,500000.0,353999.53,29.2,0,0,88196.43,44.0,0
B207799,Retail,30,500000.0,472263.52,5.55,0,0,19958.69,44.16,0
B209002,Services,25,500000.0,399436.07,20.11,1,1,91538.6,57.93,0
B200694,Retail,15,500000.0,476319.08,4.74,1,0,60859.19,61.34,1
B208908,Services,3,500000.0,346786.67,30.64,0,0,324758.4,52.72,0
B208859,Retail,26,500000.0,398229.59,20.35,0,0,69057.19,53.18,0
B208166,Food,23,500000.0,420237.15,15.95,0,0,30427.51,49.55,0
B205990,Retail,46,500000.0,410368.47,17.93,0,0,75483.17,54.63,0
B206401,Retail,45,539170.34,410309.77,23.9,1,0,38825.74,47.12,0
B205600,Retail,30,500000.0,417810.91,16.44,0,0,,51.8,0
B209840,Healthcare,27,500000.0,403359.23,19.33,0,0,116961.29,56.7,0
B206775,Manufacturing,37,500000.0,394316.32,21.14,1,0,71346.64,50.89,0
B209342,Manufacturing,39,500000.0,386960.49,22.61,0,0,55559.54,49.22,0
B209721,Retail,33,500000.0,420814.36,15.84,0,0,71627.18,50.27,0
B207402,Retail,55,500000.0,366518.74,26.7,0,0,78025.6,54.67,0
B207973,Retail,57,500000.0,402870.12,19.43,0,0,46272.24,45.69,0
B200615,Food,7,500000.0,398756.6,20.25,0,0,41330.52,50.24,0
B209711,Manufacturing,50,500000.0,408740.37,18.25,0,0,88355.29,54.27,0
B208543,Services,15,500000.0,369552.18,26.09,0,0,,46.16,0
B200977,,32,500000.0,366138.05,26.77,0,0,,46.96,0
B200604,IT,31,646884.95,487738.02,24.6,1,0,129069.28,47.19,0
B205092,Retail,10,500000.0,391045.39,21.79,1,0,67041.83,42.03,0
B208956,Food,25,500000.0,349418.35,30.12,0,0,85235.91,41.54,0
B200291,Services,14,500000.0,421123.07,15.78,1,0,60534.28,52.86,0
B208086,Food,19,500000.0,389556.29,22.09,0,0,72177.8,53.75,0
B209508,Manufacturing,34,500000.0,408949.86,18.21,1,0,64509.25,50.36,0
B204562,Services,14,500000.0,406846.85,18.63,1,1,49246.06,49.88,0
B207075,Retail,36,500000.0,377897.87,24.42,0,0,104550.41,41.64,0
B209992,Manufacturing,40,500000.0,387499.24,22.5,0,0,47111.5,49.94,0
B203180,Retail,34,500000.0,422376.64,15.52,0,0,39513.83,54.51,0
B205256,Services,18,512597.58,363808.53,29.03,0,0,69395.64,43.82,0
B201453,Retail,28,500000.0,453940.5,9.21,0,0,55743.02,61.16,1
B200707,Retail,32,500000.0,402238.07,19.55,0,0,69338.08,60.22,1
B205036,Services,38,500000.0,380605.74,23.88,0,0,87190.46,49.69,0
B204557,Healthcare,16,500000.0,352846.72,29.43,1,0,93462.1,53.06,0
B204935,Services,17,502574.24,358649.53,28.64,0,0,117239.17,46.22,0
B201214,Food,24,500000.0,1874805.94,21.48,1,0,93388.5,51.72,0
B206813,Healthcare,12,500000.0,2328424.42,22.37,0,0,77904.58,53.4,0
B201556,Manufacturing,51,500000.0,408703.6,18.26,1,0,83826.77,50.56,0
B205042,Services,18,500000.0,373850.33,25.23,0,0,119519.1,46.45,0
B204182,Manufacturing,46,500000.0,436273.09,12.75,0,0,42567.52,65.59,1
B209752,,21,500000.0,440440.63,,0,0,32182.77,59.57,0
B207449,Retail,58,500000.0,420626.32,15.87,0,0,70111.24,64.53,1
B203487,Food,3,500000.0,385030.28,22.99,0,0,92786.02,50.24,0
B202703,Healthcare,20,500000.0,396659.99,20.67,0,0,45185.96,49.99,0
B208371,Services,13,500000.0,418220.57,16.36,1,0,22566.99,48.2,0
B208816,Manufacturing,57,500000.0,370352.35,25.93,0,0,336149.25,47.44,0
B204131,Manufacturing,46,500000.0,373550.62,25.29,0,0,79290.53,47.01,0
B208498,Manufacturing,35,500000.0,435655.53,12.87,0,0,52995.71,52.68,0
B201975,Services,50,500000.0,349701.15,30.06,0,0,104271.01,52.78,0
B205993,Services,6,500000.0,393380.55,21.32,0,0,81815.05,47.45,0
B203148,Services,18,500000.0,382826.02,23.43,1,0,42135.26,55.93,0
B207251,Retail,38,500000.0,402511.68,19.5,1,0,62847.17,56.95,0
B200916,,21,500000.0,325222.63,34.96,0,0,73733.29,43.67,0
B203516,Food,29,500000.0,430128.41,13.97,1,0,46566.3,52.84,0
B200861,Services,19,500000.0,355723.39,28.86,0,0,65272.95,53.36,0
B208183,food,34,500000.0,344270.12,31.15,1,0,88473.43,53.9,0
B204020,Retail,45,500000.0,414161.91,17.17,0,0,36665.02,44.37,0
B209313,Retail,20,500000.0,400279.74,19.94,1,0,42560.67,48.84,0
B205153,IT,35,500000.0,294724.65,41.06,0,0,106105.6,48.73,0
B206433,Manufacturing,43,500000.0,377669.87,24.47,0,0,52869.95,57.75,0
B204817,Manufacturing,68,760750.3,613578.92,19.35,0,0,87557.58,57.58,0
B201691,IT,26,1772709.71,408132.92,18.37,0,0,35440.49,53.08,0
B202929,Services,17,500000.0,392326.51,21.53,0,0,100691.67,53.25,0
B202019,Healthcare,16,500000.0,339496.08,32.1,0,0,103584.44,52.17,0
B201969,IT,27,500000.0,358867.07,28.23,0,0,100186.09,55.37,0
B203733,Services,15,500000.0,362719.56,27.46,0,0,121348.03,50.85,0
B202589,Manufacturing,46,500000.0,380278.89,23.94,1,0,60601.89,48.75,0
B205925,Services,13,500000.0,369298.27,26.14,1,0,68518.74,39.47,0
B200310,Healthcare,10,500000.0,350039.04,29.99,0,0,57161.77,55.56,0
B209017,Retail,23,500000.0,433622.57,13.28,1,0,47661.06,48.99,0
B202802,Services,21,500000.0,402595.21,19.48,1,0,59727.17,52.31,0
B205687,Manufacturing,30,500000.0,376520.68,24.7,1,0,77685.53,45.78,0
B205451,Services,18,500000.0,374411.74,25.12,0,0,86541.09,56.69,0
B200773,Food,40,500000.0,391897.52,21.62,1,0,89270.42,53.32,0
B202330,Retail,35,500000.0,401790.93,19.64,1,0,59599.52,57.04,0
B200893,Services,32,500000.0,338283.83,32.34,0,0,48134.68,41.83,0
B205280,Retail,22,500000.0,427209.56,14.56,0,0,93959.49,59.93,0
B202647,Manufacturing,31,780788.87,649530.3,16.81,0,0,64681.17,58.66,0
B203749,Manufacturing,73,500000.0,405789.0,18.84,1,0,100535.45,43.47,0
B201115,Retail,51,500000.0,413550.03,17.29,0,0,670417.01,52.17,0
B207773,Services,25,500000.0,446541.51,10.69,0,0,33516.01,59.39,0
B208568,Services,40,500000.0,358921.78,28.22,0,0,88599.72,60.19,1
B207619,Healthcare,15,500000.0,411769.77,,1,0,85999.57,48.01,0
B207880,IT,23,500000.0,321401.56,,1,0,81944.02,49.56,0
B202051,Healthcare,13,500000.0,369504.21,26.1,1,1,87204.54,66.52,1
B200265,retail,25,500000.0,404893.61,19.02,1,0,,61.72,1
B209968,Healthcare,13,500000.0,381840.63,23.63,0,0,79498.57,43.64,0
B209059,Manufacturing,37,729189.66,552236.4,24.27,1,0,71725.25,48.93,0
B201469,Food,40,500000.0,423517.38,15.3,1,0,91169.3,55.45,0
B204691,Manufacturing,19,500000.0,365239.11,26.95,0,0,767801.76,52.13,0
B203390,IT,15,500000.0,363814.36,27.24,0,0,58586.97,45.08,0
B204376,Manufacturing,39,500000.0,389642.27,22.07,0,0,42641.43,48.39,0
B201253,Food,4,500000.0,383482.24,23.3,0,0,70145.02,55.05,0
B204926,Retail,23,500000.0,388663.67,22.27,0,0,24041.59,49.23,0
B201929,Healthcare,9,500000.0,362636.22,27.47,0,0,90213.13,52.3,0
B202402,Services,38,500000.0,400401.22,19.92,0,0,77674.49,52.98,0
B200185,Manufacturing,45,500000.0,374773.81,25.05,0,0,95945.82,51.93,0
B209740,Services,11,500000.0,400999.78,19.8,0,0,79351.66,48.38,0
B200312,Services,18,500000.0,339047.24,32.19,1,0,118153.79,44.71,0
B204170,Healthcare,28,500000.0,419622.59,16.08,0,0,111410.24,61.56,1
B206245,Services,25,500000.0,403676.87,19.26,0,0,79404.02,51.12,0
B209205,Retail,15,500000.0,403629.96,19.27,0,0,60431.58,60.35,1
B201116,Retail,27,500000.0,405666.09,18.87,1,0,62882.19,54.79,0
B206785,Services,22,500000.0,1264849.96,30.31,1,0,77135.98,46.5,0
B204632,Healthcare,15,653652.01,475533.78,27.25,1,0,79517.17,42.02,0
B201199,Food,25,500000.0,353529.88,29.29,0,0,72499.74,53.93,0
B200179,Manufacturing,55,500000.0,360152.3,27.97,0,0,556126.99,48.82,0
B205461,Healthcare,3,500000.0,352423.89,29.52,0,0,24779.41,50.49,0
B209694,manufacturing,22,500000.0,2310694.71,11.64,1,0,29240.31,60.74,1
B200018,Manufacturing,34,500000.0,402931.18,19.41,0,0,110889.31,47.22,0
B205743,Retail,38,500000.0,423872.95,15.23,0,0,62559.76,52.57,0
B209892,Manufacturing,52,500000.0,376879.99,24.62,0,0,88191.22,57.33,0
B200579,Manufacturing,46,500000.0,402989.47,19.4,0,0,54377.64,56.6,0
B208583,,25,500000.0,353505.25,29.3,0,0,69742.08,44.57,0
B207706,IT,34,500000.0,318972.19,36.21,0,0,92260.65,41.19,0
B203636,IT,10,500000.0,395733.15,20.85,0,0,,49.73,0
B203379,Manufacturing,46,500000.0,431511.5,13.7,1,0,45859.93,46.03,0
B204783,Retail,33,500000.0,396504.9,20.7,0,0,39723.3,47.56,0
B208114,Food,5,500000.0,401287.44,19.74,0,0,55822.01,61.21,1
B202730,Manufacturing,52,500000.0,390115.13,21.98,0,0,74308.6,53.9,0
B206577,Services,27,500000.0,386409.05,22.72,0,0,67992.88,56.73,0
B205832,Manufacturing,47,500000.0,397620.99,,1,0,90106.54,60.19,1
B200367,IT,7,800130.9,508414.79,36.46,0,0,123834.2,43.77,0
B203202,IT,31,546030.59,374753.07,31.37,0,0,97149.6,53.23,0
B201877,Retail,15,500000.0,400985.12,19.8,0,0,80013.8,48.05,0
B200482,IT,21,678795.61,469819.87,30.79,1,0,140686.98,55.81,0
B200158,Food,3,500000.0,400435.14,19.91,0,0,52919.69,47.55,0
B208563,Retail,27,500000.0,422888.18,15.42,1,1,58234.45,70.4,1
B209927,,31,500000.0,446222.02,10.76,0,0,51342.91,57.5,0
B206606,Food,19,500000.0,381667.91,23.67,0,0,102118.42,57.37,0
B206453,Food,21,500000.0,407804.13,18.44,0,0,59541.42,49.94,0
B205932,Healthcare,20,500000.0,398711.6,20.26,0,0,511945.12,50.98,0
B208974,Manufacturing,38,643125.71,462344.32,28.11,0,0,87184.52,47.01,0
B204237,Retail,35,500000.0,423526.9,15.29,1,0,91502.83,55.36,0
B203349,IT,28,500000.0,389883.24,22.02,0,0,74499.24,50.96,0
B202068,Manufacturing,54,500000.0,391990.97,21.6,0,0,55052.99,54.02,0
B206948,Services,22,500000.0,363306.29,27.34,0,0,58299.62,42.29,0
B204407,Manufacturing,40,500000.0,363788.9,27.24,1,0,73913.19,49.56,0
B205177,IT,17,500000.0,402122.74,19.58,1,0,96799.33,48.03,0
B200621,Retail,40,500000.0,412429.14,17.51,1,0,69322.75,59.02,0
B201034,Food,17,500000.0,387374.03,22.53,0,0,78449.94,51.78,0
B202710,Food,24,500000.0,418410.86,16.32,0,0,63798.82,63.36,1
B202583,Retail,24,500000.0,402457.82,19.51,0,0,56318.94,51.93,0
B201693,Manufacturing,42,500000.0,403055.46,19.39,0,0,72444.16,43.28,0
B205735,,14,500000.0,426414.48,14.72,1,0,55615.53,46.97,0
B204786,Retail,15,500000.0,376047.16,24.79,1,0,70330.35,49.65,0
B201650,Healthcare,22,500000.0,392478.06,21.5,1,0,56107.68,39.41,0
B209688,retail,25,500000.0,440092.72,11.98,1,0,34755.93,59.66,0
B201559,Services,31,500000.0,367949.43,26.41,0,0,92007.08,53.35,0
B200276,Services,16,500000.0,394919.16,21.02,0,0,79891.76,51.58,0
B209979,Manufacturing,40,500000.0,372410.29,25.52,1,0,96686.67,41.01,0
B208728,IT,41,676560.66,438851.79,35.13,0,0,169885.07,39.54,0
B200102,Food,15,500000.0,352705.96,29.46,0,0,88433.6,44.77,0
B204201,Retail,23,500000.0,379829.41,24.03,1,1,61150.74,69.54,1
B200562,Food,26,500000.0,2260100.63,22.4,1,0,81807.12,49.46,0
B207474,Healthcare,18,500000.0,389650.03,22.07,1,0,72026.12,51.51,0
B208916,Retail,37,500000.0,412020.41,17.6,1,0,63415.28,46.44,0
B208213,Retail,32,500000.0,392230.81,21.55,0,0,66086.66,45.09,0
B207284,Food,3,500000.0,421496.52,15.7,0,0,79731.43,52.58,0
B201290,Services,27,500000.0,348996.63,30.2,0,0,92705.22,35.8,0
B208615,Retail,33,500000.0,372299.97,25.54,0,0,76439.08,42.23,0
B206314,IT,24,500000.0,374961.51,25.01,1,0,,55.86,0
B201709,Manufacturing,45,500000.0,404412.28,19.12,1,0,46495.83,54.69,0
B200519,Manufacturing,32,500000.0,432894.01,13.42,0,0,63682.4,61.24,1
B203443,Manufacturing,39,500000.0,441953.84,11.61,1,0,88414.69,57.21,0
B208455,Food,10,500000.0,376064.67,24.79,0,0,73514.31,49.08,0
B201674,Healthcare,6,500000.0,412619.67,17.48,0,0,82368.0,62.0,1
B207350,Food,16,500000.0,398056.4,20.39,0,0,83496.18,50.19,0
B205625,Services,3,500000.0,416958.62,16.61,1,0,59896.58,54.13,0
B200383,Retail,37,500000.0,420943.19,15.81,1,0,72432.01,51.79,0
B202862,Manufacturing,54,500000.0,371515.49,25.7,0,0,121555.18,48.77,0
B206021,it,39,500000.0,382155.57,23.57,1,1,62986.0,61.42,1
B201226,Healthcare,3,500000.0,444809.1,11.04,0,0,57335.75,52.29,0
B200735,Retail,29,500000.0,433345.04,13.33,1,0,60128.46,51.95,0
B203723,Food,36,500000.0,444900.13,11.02,0,0,59583.82,58.44,0
B204897,Retail,39,500000.0,1770875.31,8.19,1,0,66143.61,59.52,0
B203812,Retail,14,500000.0,384914.99,23.02,0,0,78609.52,58.93,0
B200128,Retail,47,500000.0,433890.81,13.22,1,0,70003.98,49.59,0
B208640,Healthcare,4,566218.06,502771.82,11.21,1,0,58939.91,58.13,0
B205324,Retail,33,500000.0,373483.22,25.3,0,0,71725.88,53.08,0
B200304,Food,32,500000.0,412143.56,17.57,0,0,78049.91,49.88,0
B202741,healthcare,20,500000.0,379943.03,24.01,1,0,79055.25,46.25,0
B201231,Services,26,500000.0,416392.75,16.72,1,0,56577.53,53.02,0
B206058,Retail,18,500000.0,410209.12,17.96,0,0,52694.54,54.75,0
B203298,Food,22,500000.0,359018.05,28.2,0,0,85496.77,46.37,0
B204828,Retail,18,2365645.8,413582.73,17.28,0,0,69544.46,54.49,0
B200733,Food,22,500000.0,355273.32,28.95,1,0,94181.16,53.18,0
B206988,Services,25,500000.0,369834.56,26.03,1,0,146667.28,53.76,0
B202588,Retail,20,500000.0,378568.59,24.29,0,0,78691.88,43.74,0
B209352,Food,15,500000.0,397375.05,20.52,0,0,48833.3,49.67,0
B200891,Services,23,500000.0,420327.61,15.93,1,0,80893.35,57.13,0
B205018,manufacturing,37,500000.0,380611.9,23.88,1,0,76115.17,46.85,0
B209321,,54,500000.0,400278.24,19.94,0,0,52267.18,50.76,0
B205442,Healthcare,12,500000.0,391675.71,21.66,0,0,73285.71,49.65,0
B201618,Retail,22,500000.0,388185.66,22.36,0,0,122170.19,47.09,0
B205227,Services,25,500000.0,426720.58,14.66,1,0,46920.96,55.63,0
B208475,Food,9,667410.71,464927.74,30.34,0,0,53114.37,45.4,0
B202787,,3,500000.0,322882.02,35.42,0,0,,41.29,0
B205323,Services,27,500000.0,361486.34,27.7,1,0,74568.72,42.87,0
B209469,Manufacturing,25,2035751.98,392440.43,21.51,1,0,52804.08,51.04,0
B208581,Food,16,500000.0,417961.33,16.41,1,0,60010.3,45.1,0
B206787,Services,10,500000.0,357181.0,28.56,0,0,100366.66,43.9,0
B209570,Food,18,776312.69,578717.42,25.45,0,0,103609.97,58.25,0
B204151,Retail,24,500000.0,396393.67,20.72,1,0,27589.58,53.33,0
B209912,Retail,18,500000.0,410388.19,17.92,0,0,471282.4,54.75,0
B201301,,50,500000.0,401862.09,19.63,0,0,54597.84,44.64,0
B201700,Retail,26,500000.0,424314.33,15.14,0,0,60631.94,55.99,0
B203875,Retail,22,500000.0,416306.16,16.74,0,0,458642.0,60.87,1
B202859,Services,22,500000.0,380185.54,,0,0,103767.6,45.82,0
B200258,Services,11,500000.0,405122.03,18.98,0,0,58283.78,49.14,0
B206515,Food,25,500000.0,449164.19,10.17,1,0,71355.52,51.66,0
B200563,Healthcare,16,500000.0,442575.24,11.48,1,1,84593.29,69.62,1
B201314,Services,7,500000.0,368487.24,26.3,0,0,103933.76,48.02,0
B209939,Manufacturing,20,500000.0,390291.75,21.94,0,0,45585.0,45.58,0
B207525,Healthcare,37,500000.0,382813.71,23.44,1,0,75971.9,47.99,0
B208914,Services,31,500000.0,386079.6,22.78,1,0,48555.88,48.77,0
B209781,Retail,48,500000.0,411450.19,17.71,0,0,45728.79,43.42,0
B208709,Retail,20,500000.0,394565.13,21.09,1,0,58429.16,52.57,0
B202038,Manufacturing,59,500000.0,394831.31,21.03,0,0,80526.99,60.03,1
B201944,Food,12,500000.0,377329.1,24.53,0,0,112249.18,43.02,0
B207636,IT,29,1124566.68,920981.85,18.1,0,0,270746.8,46.05,0
B200838,Manufacturing,48,500000.0,298695.62,40.26,0,0,100185.8,41.37,0
B206079,Food,3,500000.0,367650.54,26.47,0,0,65691.38,47.44,0
B208061,Food,30,500000.0,394217.6,,0,0,102247.57,57.62,0
B201610,Services,17,500000.0,330404.58,,0,0,147463.4,47.55,0
B203292,Healthcare,26,500000.0,391589.1,21.68,0,0,71418.5,53.85,0
B206449,Manufacturing,42,500000.0,419812.22,16.04,1,0,52736.8,53.04,0
B206744,Healthcare,52,500000.0,396225.49,20.75,0,0,79260.52,51.96,0
B201394,IT,43,500000.0,383535.55,23.29,1,0,120932.03,55.43,0
B208402,Services,23,500000.0,415867.77,16.83,0,0,68837.27,42.92,0
B204711,Food,22,500000.0,408498.89,18.3,1,1,,64.01,1
B209089,Food,32,500000.0,343979.99,31.2,0,0,81847.46,38.1,0
B200254,Retail,47,500000.0,422148.5,15.57,1,0,85843.66,50.66,0
B202090,Services,50,500000.0,367846.1,26.43,1,0,76218.25,56.0,0
B203291,Services,4,500000.0,353690.19,29.26,0,0,89063.94,44.66,0
B207380,Manufacturing,38,500000.0,443072.07,11.39,1,0,46571.56,53.52,0
B207964,Services,7,1272649.18,910721.65,28.44,1,0,260630.75,42.47,0
B202274,Healthcare,25,500000.0,365111.05,26.98,1,0,43877.19,50.99,0
B202622,Manufacturing,44,500000.0,365288.05,26.94,1,0,74077.92,54.07,0
B209366,Retail,30,748091.67,540855.48,27.7,0,0,145985.18,41.02,0
B200357,Manufacturing,33,500000.0,417092.7,16.58,0,0,58960.49,54.92,0
B204719,Retail,21,500000.0,478682.13,4.26,0,0,59014.74,58.43,0
B205215,Food,22,500000.0,365756.06,26.85,0,0,74237.6,49.64,0
B208085,Retail,38,500000.0,429875.49,14.02,0,0,50821.05,52.72,0
B204945,Manufacturing,37,500000.0,323211.5,35.36,0,0,71762.91,47.64,0
B208493,Services,18,544091.76,472401.2,13.18,1,0,46221.98,62.69,1
B204814,Retail,15,500000.0,399811.35,20.04,0,0,59969.81,61.6,1
B200877,Food,11,500000.0,391718.39,21.66,0,0,19815.83,50.69,0
B201490,IT,15,500000.0,1889028.6,21.54,0,0,52504.61,45.31,0
B209252,Manufacturing,38,500000.0,398064.68,20.39,0,0,36474.31,46.31,0
B208287,Services,3,500000.0,373751.26,25.25,0,0,49077.57,52.75,0
B202612,Food,22,500000.0,351540.35,29.69,1,0,,49.63,0
B209687,Food,26,500000.0,381159.94,23.77,1,0,93144.15,42.25,0
B200186,Manufacturing,43,500000.0,424142.2,15.17,1,0,54419.28,55.36,0
B205398,Services,21,500000.0,385784.93,22.84,0,0,40125.37,52.99,0
B204704,Healthcare,9,500000.0,365342.82,26.93,0,0,51027.49,53.16,0
B205485,IT,17,500000.0,354082.47,29.18,0,0,95386.68,54.48,0
B208772,Manufacturing,50,500000.0,389784.12,22.04,0,0,94252.48,52.36,0
B202973,Food,16,500000.0,413974.11,17.21,0,0,95510.15,45.58,0
B205143,IT,27,500000.0,331139.64,33.77,0,0,67570.33,47.9,0
B203616,Food,40,500000.0,1188654.56,37.24,0,0,132050.53,40.58,0
B208644,Services,31,500000.0,363817.21,27.24,1,0,63769.6,41.48,0
B207860,Food,39,500000.0,431113.56,13.78,0,0,80448.84,57.49,0
B202464,Food,19,500000.0,347584.1,30.48,1,0,55970.27,50.81,0
B209033,Food,7,500000.0,337730.7,32.45,1,0,86716.28,49.14,0
B202077,Food,6,500000.0,370405.24,25.92,0,0,77132.12,40.05,0
B203160,Retail,15,500000.0,473414.13,5.32,1,0,41921.5,49.46,0
B202348,Services,11,500000.0,378304.83,24.34,0,0,515004.16,39.28,0
B206303,Retail,17,500000.0,449901.24,10.02,0,0,45602.63,65.11,1
B201109,Retail,48,500000.0,398514.66,20.3,0,0,71187.13,43.58,0
B206313,Services,21,500000.0,357380.52,28.52,0,0,142348.07,51.72,0
B208491,Manufacturing,38,555560.1,411189.98,25.99,0,0,102291.11,57.22,0
B201482,Retail,40,500000.0,407319.27,18.54,0,0,113810.59,53.74,0
B204899,Services,21,500000.0,364109.4,27.18,0,0,,52.06,0
B205516,Retail,24,2399902.66,374383.19,25.12,1,0,,46.56,0
B207292,,25,663744.2,494107.34,25.56,0,0,121498.04,43.92,0
B201807,Retail,30,500000.0,441544.45,11.69,0,0,80619.18,55.54,0
B205440,Manufacturing,36,500000.0,422503.85,15.5,1,0,65388.33,56.23,0
B207279,Manufacturing,53,500000.0,446129.38,10.77,1,0,70781.49,63.75,1
B208804,IT,22,500000.0,318711.16,36.26,0,0,84337.3,46.53,0
B205449,it,21,500000.0,366987.75,26.6,0,0,40200.29,51.38,0
B205439,Food,48,500000.0,2047873.49,31.53,0,0,79527.29,55.63,0
B204512,Manufacturing,59,500000.0,372815.42,25.44,1,0,77235.05,51.65,0
B205272,Healthcare,20,500000.0,381246.92,23.75,1,0,129398.67,56.71,0
B204725,Services,14,500000.0,375920.68,24.82,0,0,102664.9,53.92,0
B201768,Manufacturing,47,500000.0,389257.82,22.15,0,0,92493.38,58.75,0
B201752,Healthcare,38,500000.0,336077.24,32.78,0,0,82369.81,48.56,0
B207586,Retail,25,500000.0,413575.75,17.28,1,0,53943.5,59.72,0
B208206,Healthcare,15,500000.0,406178.04,18.76,0,0,51250.76,56.39,0
B204654,IT,35,500000.0,318180.86,36.36,0,0,27233.08,47.43,0
B201239,Healthcare,27,500000.0,389421.88,22.12,0,0,112726.95,47.94,0
B202133,Manufacturing,52,533336.83,433155.09,,0,0,83874.86,58.98,0
B207377,Retail,20,500000.0,416391.5,16.72,0,0,64367.79,53.94,0
B208679,Manufacturing,49,500000.0,427527.39,14.49,1,0,82640.64,50.94,0
B204209,,26,500000.0,314173.49,37.17,0,0,68013.09,47.39,0
B200814,Retail,23,500000.0,365910.67,26.82,0,0,92579.18,48.11,0
B204742,Services,10,500000.0,384471.29,23.11,1,0,34764.24,59.3,0
B207168,Food,13,500000.0,391788.84,21.64,0,0,58660.79,43.47,0
B208852,Food,17,500000.0,348921.15,30.22,0,0,93898.52,51.75,0
B204100,IT,27,500000.0,319629.88,36.07,1,0,58381.81,48.39,0
B202313,Food,28,500000.0,401996.37,19.6,0,0,29834.05,53.83,0
B201867,IT,14,500000.0,326241.99,34.75,0,0,34880.9,44.35,0
B202535,Retail,28,500000.0,2375608.73,23.8,0,0,75865.79,47.31,0
B209770,Retail,29,500000.0,422397.0,15.52,1,0,79738.55,49.97,0
B200948,Manufacturing,48,500000.0,397236.34,20.55,1,0,67632.99,50.38,0
B205476,Services,40,500000.0,350756.57,29.85,0,0,65310.0,44.64,0
B203025,Retail,24,500000.0,410828.43,17.83,1,0,87097.83,51.41,0
B203860,Food,15,500000.0,421024.6,15.8,0,0,57868.72,56.54,0
B209937,Manufacturing,28,500000.0,332363.88,33.53,1,0,72903.37,44.44,0
B200961,Manufacturing,32,537515.65,408761.33,23.95,1,0,70140.46,53.69,0
B203290,Healthcare,17,509238.13,418996.58,17.72,1,0,75018.42,58.3,0
B200125,Food,15,500000.0,413224.04,17.36,0,0,53642.72,52.6,0
B201577,Retail,29,500000.0,417908.66,16.42,0,0,86780.92,48.24,0
B203886,Retail,47,500000.0,414733.14,17.05,1,0,41148.63,53.72,0
B206764,Retail,12,500000.0,389892.46,22.02,0,0,62626.08,42.32,0
B209385,Food,35,500000.0,385589.91,22.88,0,0,95040.71,55.41,0
B205672,Retail,47,500000.0,414386.63,17.12,1,0,70324.0,54.59,0
B208842,Retail,29,500000.0,425378.45,14.92,0,0,73418.56,59.52,0
B202193,IT,29,500000.0,376614.13,24.68,0,0,118166.17,40.65,0
B204398,Retail,16,500000.0,409013.25,18.2,0,0,99321.13,48.0,0
B205812,Manufacturing,32,500000.0,411349.29,17.73,1,0,92820.95,47.02,0
B200819,Retail,29,500000.0,442476.06,11.5,1,0,65855.75,53.47,0
B202766,Retail,24,500000.0,420864.09,15.83,0,0,79066.08,49.46,0
B206985,Healthcare,11,500000.0,386685.58,22.66,0,0,36977.65,51.6,0
B202220,Services,24,500000.0,337847.41,32.43,0,0,123419.07,44.15,0
B202296,IT,32,500000.0,341863.87,31.63,0,0,86185.17,43.91,0
B206454,Services,23,500000.0,406339.64,,1,0,11109.84,62.86,1
B209990,Retail,27,500000.0,436488.17,12.7,0,0,41669.59,52.37,0
B205953,IT,11,615338.11,445362.14,27.62,0,0,88274.56,58.75,0
B200874,Retail,43,500000.0,2017659.29,23.89,0,0,78909.64,51.51,0
B208396,Services,24,500000.0,387672.2,22.47,1,0,51485.55,53.41,0
B205638,,43,500000.0,457229.09,8.55,0,0,32235.08,57.09,0
B209615,Food,22,500000.0,363472.57,27.31,0,0,66012.28,46.87,0
B205405,Food,14,500000.0,396282.77,20.74,0,0,66262.39,51.93,0
B206115,IT,40,500000.0,357083.3,28.58,0,0,136258.63,52.67,0
B205402,Healthcare,3,500000.0,360978.25,27.8,0,0,91926.16,46.34,0
B201836,Manufacturing,40,500000.0,403749.0,19.25,1,0,97488.97,60.5,1
B200016,Services,20,500000.0,381368.35,23.73,0,0,67228.44,41.03,0
B203319,IT,9,500000.0,1714804.67,27.22,1,0,95254.08,50.43,0
B203150,Services,27,500000.0,322773.81,35.45,0,0,110799.13,47.44,0
B209152,Food,10,500000.0,366371.41,,0,0,66775.94,60.24,1
B209410,IT,27,500000.0,439118.26,12.18,0,0,36898.11,54.63,0
B203015,it,21,548806.96,404907.26,26.22,0,0,111463.63,45.21,0
B201831,Food,18,500000.0,436511.76,12.7,0,0,56261.4,57.37,0
B207070,Services,4,500000.0,350632.93,29.87,0,0,256920.47,47.62,0
B204607,Food,20,500000.0,361734.59,27.65,0,0,67843.08,42.72,0
B209908,Retail,23,500000.0,452311.82,9.54,1,0,49808.77,55.68,0
B207522,Food,10,500000.0,410400.88,17.92,1,0,94249.9,47.56,0
B209645,Manufacturing,39,500000.0,331479.9,33.7,1,0,92514.45,51.08,0
B205977,Retail,41,500000.0,422793.37,15.44,0,0,117625.57,52.89,0
B203126,Services,23,500000.0,349943.49,30.01,0,0,109084.74,44.81,0
B205582,Services,8,500000.0,365441.68,26.91,1,0,91879.35,50.4,0
B209014,Retail,28,500000.0,478227.01,4.35,1,0,51621.52,52.05,0
B200377,Manufacturing,56,500000.0,416151.0,,1,0,76186.96,55.42,0
B202910,Manufacturing,47,500000.0,368445.62,26.31,0,0,83558.93,44.82,0
B204033,Retail,28,500000.0,465487.56,6.9,1,0,69998.37,53.75,0
B204282,Healthcare,34,500000.0,336964.82,32.61,0,0,90243.2,39.46,0
B208519,Food,10,500000.0,371383.93,25.72,0,0,83027.14,55.32,0
B201666,Food,10,500000.0,343730.65,31.25,0,0,584623.4,45.27,0
B203447,Food,12,500000.0,393234.06,21.35,0,0,105197.96,49.45,0
B204619,Manufacturing,65,500000.0,360047.8,27.99,0,0,78834.94,43.03,0
B200100,IT,9,613741.88,443523.55,27.73,0,0,114567.0,44.88,0
B209919,Manufacturing,59,500000.0,355111.15,28.98,1,0,138247.4,40.83,0
B202832,Services,19,500000.0,396488.14,,0,0,71235.48,51.27,0
B202858,Services,27,500000.0,350443.97,29.91,0,0,108156.63,50.74,0
B207408,IT,18,500000.0,330926.08,33.81,0,0,85776.89,48.82,0
B208015,IT,21,675267.16,526922.52,21.97,0,0,108466.26,52.48,0
B207724,Retail,21,500000.0,483734.67,3.25,1,0,19055.81,56.56,0
B204095,Retail,25,500000.0,401277.12,19.74,1,0,100211.15,49.18,0
B204050,Manufacturing,56,500000.0,348097.84,30.38,1,0,39654.8,43.11,0
B200829,,31,500000.0,329025.07,34.19,0,0,83669.95,46.09,0
B209564,Food,17,500000.0,382088.98,23.58,0,0,108271.04,49.09,0
B202846,Services,35,500000.0,423515.8,15.3,1,1,52852.11,64.23,1
B208962,Services,22,500000.0,336580.31,32.68,0,0,80538.65,58.25,0
B200942,Food,20,500000.0,340430.18,31.91,1,0,53929.88,49.91,0
B208676,IT,10,500000.0,288758.27,42.25,0,0,85305.01,42.66,0
B204595,Healthcare,16,500000.0,441974.37,11.61,0,0,74650.87,51.8,0
B200297,Retail,20,500000.0,403309.36,19.34,0,0,,46.57,0
B203783,Manufacturing,50,500000.0,381711.25,23.66,0,0,63810.89,55.6,0
B201794,Food,18,500000.0,366009.56,,0,0,139900.32,57.5,0
B209153,Retail,39,500000.0,428036.45,14.39,1,0,,52.32,0
B206179,Food,9,500000.0,412845.24,17.43,1,0,50253.46,52.38,0
B205560,Retail,33,500000.0,374165.41,25.17,1,0,144432.32,45.2,0
B205639,Healthcare,30,500000.0,410299.72,17.94,1,1,72398.86,66.29,1
B209916,Food,45,500000.0,406131.7,18.77,1,0,74002.58,58.84,0
B200500,,26,500000.0,356485.77,28.7,0,0,,49.59,0
B202750,Manufacturing,20,500000.0,370558.81,25.89,0,0,88613.99,47.69,0
B203423,IT,23,882925.47,766052.41,13.24,0,0,95134.98,60.18,1
B202796,Manufacturing,41,500000.0,402208.22,19.56,1,1,61624.1,68.19,1
B202843,Food,18,500000.0,404215.34,19.16,0,0,104517.87,56.74,0
B207744,Manufacturing,62,1762682.15,341546.4,31.69,1,0,,42.89,0
B201420,Retail,36,500000.0,457583.14,8.48,0,0,16067.35,55.08,0
B202004,Retail,13,500000.0,412940.72,17.41,1,0,74250.71,54.58,0
B204503,Healthcare,9,500000.0,382692.5,23.46,0,0,108591.67,45.43,0
B200499,Retail,35,500000.0,423077.93,,0,0,57084.77,50.79,0
B208949,retail,21,500000.0,429790.78,14.04,0,0,68605.64,56.77,0
B203921,,39,500000.0,411703.93,17.66,0,0,51200.52,55.11,0
B205936,Healthcare,3,500000.0,333256.47,33.35,0,0,150870.17,44.45,0
B202748,Retail,22,500000.0,447354.92,10.53,1,1,68234.91,73.9,1
B208048,IT,41,500000.0,309229.1,38.15,1,0,102422.58,45.63,0
B201001,Retail,27,500000.0,437050.37,12.59,0,0,57571.34,52.15,0
B206650,Food,22,500000.0,384357.16,23.13,0,0,28204.18,53.38,0
B207098,Services,29,500000.0,450353.31,9.93,0,0,38053.69,53.37,0
B209616,services,17,500000.0,1752843.05,29.18,0,0,93077.6,39.96,0
B205489,,56,500000.0,381180.41,23.76,1,0,84560.22,57.94,0
B203992,Food,23,500000.0,351126.58,29.77,0,0,83374.1,54.49,0
B205564,Healthcare,29,500000.0,395016.81,21.0,0,0,76188.82,60.37,1
B209554,IT,3,500000.0,327908.37,34.42,0,0,106017.92,38.97,0
B208883,Services,8,500000.0,365505.54,26.9,0,0,29816.92,38.84,0
B203684,Services,6,500000.0,405520.4,18.9,1,0,70635.98,50.93,0
B205229,Services,34,500000.0,348387.86,30.32,0,0,93600.78,49.55,0
B200764,Manufacturing,29,500000.0,348289.91,30.34,0,0,70834.32,52.3,0
B204859,,46,500000.0,429962.55,14.01,1,1,39841.39,68.61,1
B204360,Healthcare,12,2152757.61,391919.34,21.62,0,0,46448.79,44.34,0
B208090,Food,25,500000.0,425174.06,14.97,0,0,39140.89,49.27,0
B201884,Healthcare,17,500000.0,372698.92,,1,0,99311.92,47.03,0
B208837,Retail,34,500000.0,407047.16,18.59,0,0,78826.54,52.23,0
B209433,Retail,10,500000.0,420238.09,15.95,1,0,76164.23,58.92,0
B203343,IT,23,500000.0,420555.02,15.89,0,0,53900.03,51.51,0
B209230,Food,16,3166304.34,358785.85,28.24,0,0,59712.92,48.0,0
B201623,Services,24,500000.0,390206.43,21.96,1,0,72421.63,55.04,0
B205655,Food,46,500000.0,375384.14,24.92,1,1,96696.77,56.74,0
B202399,Food,25,500000.0,393799.73,21.24,0,0,80621.41,46.23,0
B207908,Manufacturing,42,500000.0,385499.82,22.9,1,0,60725.34,54.7,0
B207023,Manufacturing,51,884136.01,780965.81,11.67,1,0,82321.08,56.22,0
B205338,Manufacturing,42,500000.0,407346.28,18.53,0,0,86323.42,55.51,0
B204303,Healthcare,6,500000.0,362258.3,27.55,1,0,112769.26,48.98,0
B203193,Retail,8,548263.6,488832.15,10.84,1,0,70401.25,60.83,1
B201599,Food,27,500000.0,365464.41,26.91,0,0,64426.33,48.19,0
B200364,Services,30,500000.0,308614.29,38.28,0,0,129831.48,44.78,0
B201834,,48,500000.0,390421.7,21.92,0,0,34339.55,56.77,0
B204487,Manufacturing,41,500000.0,372791.3,25.44,0,0,70410.3,42.95,0
B207960,Food,35,500000.0,421724.35,15.66,1,0,44261.4,54.67,0
B206234,Manufacturing,35,500000.0,392505.32,21.5,1,0,105816.25,50.91,0
B201146,Services,23,500000.0,382783.74,23.44,1,0,55347.65,47.84,0
B203498,Food,26,500000.0,431232.44,13.75,0,0,411503.77,53.99,0
B208375,Manufacturing,63,500000.0,385220.75,22.96,0,0,82249.67,53.52,0
B203862,Retail,30,500000.0,369077.52,26.18,1,0,77640.15,47.5,0
B207692,Manufacturing,52,500000.0,382305.58,23.54,0,0,88942.24,51.16,0
B200307,Healthcare,17,500000.0,2364015.1,19.28,0,0,55593.55,55.28,0
B203056,,31,500000.0,314131.01,37.17,0,0,125752.74,46.98,0
B209961,nan,42,500000.0,405332.92,18.93,0,0,,43.33,0
B203039,Services,7,500000.0,302410.45,39.52,0,0,142408.95,38.57,0
B202634,Services,10,500000.0,314730.81,37.05,1,0,109913.18,32.66,0
B209773,Manufacturing,36,500000.0,420053.68,15.99,0,0,104722.45,57.07,0
B202890,Retail,41,500000.0,407397.45,18.52,1,0,51165.82,50.93,0
B205945,Services,13,500000.0,382682.63,23.46,0,0,115342.09,53.88,0
B205253,IT,18,989670.98,733733.12,25.86,0,0,125549.1,52.55,0
B202922,Retail,45,500000.0,407527.88,18.49,0,0,67814.21,42.15,0
B206702,Services,3,500000.0,374174.37,25.17,0,0,117993.65,45.71,0
B204241,Retail,36,500000.0,453673.08,9.27,1,0,52463.24,49.91,0
B200040,IT,29,4662064.62,687440.5,27.68,0,0,163088.86,42.34,0
B209523,Manufacturing,49,500000.0,380197.46,23.96,0,0,71349.37,49.38,0
B201100,Services,20,500000.0,315368.69,36.93,1,0,80186.25,43.61,0
B203316,,32,500000.0,331674.99,33.67,1,1,110673.42,73.25,1
B203944,Services,37,500000.0,380277.08,23.94,0,0,62617.63,47.34,0
B205546,Retail,25,500000.0,412318.38,17.54,0,0,113012.5,52.95,0
B203782,,28,500000.0,354453.02,29.11,0,0,64588.24,49.25,0
B200824,IT,10,500000.0,396233.68,20.75,0,0,,55.82,0
B208244,Retail,34,500000.0,432359.55,13.53,0,0,58778.18,48.5,0
B205408,Retail,39,500000.0,351948.79,29.61,1,0,89718.6,51.74,0
B209155,Services,3,500000.0,373686.75,25.26,0,0,124209.93,49.96,0
B209151,Food,5,500000.0,332821.9,33.44,0,0,106375.39,45.16,0
B203181,Food,28,500000.0,343561.5,31.29,0,0,109964.87,44.31,0
B207068,,28,500000.0,399407.05,20.12,0,0,101856.57,56.99,0
B200015,Retail,39,500000.0,441913.53,11.62,1,0,74329.57,57.82,0
B202342,Food,9,500000.0,360600.99,27.88,0,0,65796.02,45.24,0
B206513,Retail,26,500000.0,437335.12,12.53,1,0,40925.92,52.57,0
B201698,,41,500000.0,395326.38,20.93,0,0,71424.22,53.16,0
B205368,Services,23,500000.0,291741.95,41.65,0,0,52742.06,38.1,0
B206745,Services,19,500000.0,361358.29,27.73,1,0,97944.25,44.03,0
B206128,Services,8,699850.59,575698.86,17.74,0,0,,55.68,0
B209775,Retail,54,2046457.15,387837.32,22.43,0,0,64710.69,57.23,0
B205868,Healthcare,43,500000.0,358005.65,28.4,1,0,71617.86,51.31,0
B203072,retail,12,500000.0,458240.34,8.35,0,0,32799.5,59.01,0
B203542,Food,22,653190.32,482992.8,26.06,0,0,136358.06,44.31,0
B207053,Retail,43,500000.0,406062.6,18.79,1,0,76297.52,59.16,0
B208881,Healthcare,25,500000.0,382463.91,23.51,0,0,87188.83,47.36,0
B207003,Manufacturing,56,500000.0,405798.66,18.84,1,1,58770.12,67.23,1
B206992,IT,29,500000.0,361369.82,27.73,0,0,74390.14,54.01,0
B202496,Services,24,500000.0,1941506.31,12.54,1,0,74951.93,53.44,0
B209014,Retail,28,500000.0,478227.01,4.35,1,0,51621.52,52.05,0
B200022,Retail,35,561089.88,449763.69,19.84,1,1,83680.06,68.11,1
B200220,Food,16,500000.0,396839.39,20.63,0,0,24114.11,67.29,1
B209960,Manufacturing,11,500000.0,386120.58,22.78,0,0,47911.83,44.24,0
B203789,Food,20,500000.0,396453.42,20.71,1,0,5486.11,54.91,0
B200436,Retail,25,500000.0,380220.26,23.96,0,0,77783.65,46.88,0
B201910,Services,18,500000.0,408057.84,18.39,0,0,68101.19,55.3,0
B209455,Services,34,500000.0,386209.95,22.76,0,0,21436.79,50.14,0
B204392,Food,42,500000.0,343959.69,31.21,1,1,62875.4,71.2,1
B200413,Retail,25,500000.0,381730.67,23.65,1,0,66688.43,49.02,0
B205382,Healthcare,44,500000.0,352274.46,29.55,0,0,129320.07,36.74,0
B203119,Food,28,500000.0,406005.31,18.8,1,0,81897.97,50.28,0
B207152,Retail,42,2632235.28,489975.26,2.0,0,0,35873.44,56.68,0
B202906,Services,37,500000.0,381225.02,23.75,0,0,79927.07,51.15,0
B206250,Services,37,500000.0,392450.04,21.51,0,0,58544.84,47.25,0
B207938,Retail,22,1720700.73,398851.14,20.23,1,0,55297.87,57.05,0
B206160,retail,42,500000.0,470720.72,5.86,1,0,46449.02,60.6,1
B204169,Services,24,500000.0,379229.34,24.15,0,0,43950.91,51.84,0
B208643,Retail,34,500000.0,401311.26,19.74,0,0,70126.58,43.63,0
B200141,Retail,34,500000.0,412161.45,17.57,0,0,84941.35,50.04,0
B207673,Retail,30,500000.0,428690.7,14.26,0,0,86022.8,54.28,0
B208893,Healthcare,33,500000.0,348100.0,30.38,1,0,72542.28,52.73,0
B202175,Manufacturing,27,500000.0,383277.4,23.34,0,0,88429.6,51.33,0
B201762,IT,25,3016727.95,428701.87,27.74,0,0,94998.27,50.0,0
B209604,Manufacturing,40,500000.0,334323.58,33.14,1,0,107331.79,41.84,0
B205273,Retail,25,500000.0,464678.87,7.06,1,0,58464.53,59.28,0
B205333,IT,15,500000.0,386650.34,22.67,0,0,64310.0,58.9,0
B207647,Manufacturing,43,500000.0,416429.84,16.71,0,0,74749.06,55.21,0
B207177,Retail,31,500000.0,447001.8,10.6,1,0,32089.55,59.04,0
B203607,Retail,4,500000.0,427490.18,14.5,0,0,50252.53,54.1,0
B204638,Food,16,500000.0,373449.47,25.31,0,0,78408.83,41.36,0
B200336,IT,3,500000.0,306155.69,38.77,0,0,85032.33,40.62,0
B201117,Healthcare,12,500000.0,392432.01,21.51,0,0,58572.58,47.48,0
B206184,Services,31,500000.0,344539.62,31.09,0,0,57317.46,43.92,0
B201190,Retail,18,500000.0,426047.75,14.79,1,0,62862.31,57.17,0
B206951,Services,35,500000.0,329955.5,34.01,0,0,,39.31,0
B202840,Manufacturing,48,500000.0,411949.46,17.61,0,0,67855.87,51.95,0
B204676,Services,11,500000.0,417196.75,16.56,0,0,323663.04,65.53,1
B202349,Healthcare,19,500000.0,406565.86,18.69,0,0,58428.05,44.78,0
B203088,Manufacturing,55,500000.0,433651.55,13.27,1,0,79929.25,53.64,0
B201993,IT,42,500000.0,355854.37,28.83,0,0,80418.9,55.93,0
B206222,Healthcare,9,500000.0,378998.94,24.2,0,0,97983.72,58.72,0
B203813,Retail,43,500000.0,2146343.13,9.29,1,1,30670.47,71.9,1
B206706,Manufacturing,52,500000.0,367321.74,26.54,0,0,89201.64,48.14,0
B201670,Retail,18,500000.0,413085.92,17.38,0,0,68789.24,46.05,0
B207796,Services,25,500000.0,353388.48,29.32,0,0,33284.13,47.8,0
B208413,Retail,7,500000.0,407829.23,18.43,0,0,314975.25,52.14,0
B208829,Retail,27,500000.0,390036.7,21.99,1,0,91956.39,49.52,0
B201168,Food,9,551962.94,482535.88,12.58,0,0,55812.29,61.32,1
B205793,Retail,35,500000.0,386712.85,22.66,0,0,54568.69,47.1,0
B201082,Retail,13,500000.0,408419.55,18.32,0,0,59793.1,52.39,0
B204739,IT,34,500000.0,372236.58,25.55,0,0,94906.59,55.13,0
B202786,Retail,30,500000.0,426636.9,14.67,0,0,64520.79,51.82,0
B200166,Healthcare,25,500000.0,379444.43,24.11,1,0,46287.38,41.82,0
B207996,,5,500000.0,352231.96,29.55,0,0,108035.7,46.32,0
B203177,Retail,36,500000.0,414638.8,17.07,1,0,74551.6,62.21,1
B206005,Healthcare,14,500000.0,368011.34,26.4,0,0,107479.29,53.84,0
B202992,Healthcare,26,500000.0,390133.9,21.97,1,0,87472.6,46.64,0
B206489,IT,30,500000.0,339685.86,32.06,1,1,94437.55,63.75,1
B208873,Food,37,500000.0,404924.27,19.02,0,0,,50.92,0
B209128,Food,41,500000.0,394487.4,21.1,0,0,506830.9,57.99,0
B200430,Healthcare,41,500000.0,363492.51,27.3,0,0,40312.63,57.97,0
B205815,Manufacturing,52,500000.0,385064.02,22.99,0,0,111515.21,53.62,0
B201963,Food,6,520092.61,376929.2,27.53,0,0,75443.14,41.27,0
B206759,Retail,29,500000.0,405974.07,18.81,0,0,89328.17,53.02,0
B200679,,33,500000.0,351876.11,29.62,1,0,97708.01,49.72,0
B206973,Retail,20,500000.0,424325.87,15.13,1,1,76603.78,61.66,1
B206357,Food,22,500000.0,407658.88,18.47,0,0,71094.34,50.04,0
B200705,Services,34,500000.0,361386.59,27.72,0,0,97464.47,42.21,0
B205656,IT,16,2775055.79,343014.14,31.4,0,0,76780.06,52.21,0
B204228,Services,50,500000.0,342736.06,31.45,1,0,122866.6,49.53,0
B207714,Food,24,500000.0,1587493.17,22.5,0,0,75466.67,54.72,0
B208171,Food,30,500000.0,362436.18,27.51,0,0,87975.5,58.58,0
B206034,Services,3,500000.0,386729.81,22.65,1,0,81094.58,44.74,0
B200202,IT,40,500000.0,323165.05,35.37,0,0,88967.77,49.25,0
B203773,Services,24,500000.0,1643090.52,27.19,0,0,106067.16,45.83,0
B204161,Retail,23,500000.0,424249.23,15.15,1,0,40317.82,61.14,1
B207812,Food,12,500000.0,379205.15,24.16,1,1,307543.52,70.6,1
B206904,Healthcare,15,500000.0,410062.07,17.99,0,0,66415.47,57.19,0
B201058,Retail,20,500000.0,443873.52,11.23,0,0,74038.71,58.11,0
B202444,Retail,35,500000.0,397440.79,20.51,1,0,43582.85,58.58,0
B209253,Retail,35,500000.0,398815.62,20.24,0,0,70131.49,60.81,1
B206288,Manufacturing,57,500000.0,456283.09,8.74,1,0,59947.13,63.12,1
B201671,Manufacturing,55,500000.0,416243.77,16.75,1,0,59659.21,52.8,0
B202209,Manufacturing,44,500000.0,345277.62,30.94,0,0,99598.71,52.57,0
B209845,IT,25,500000.0,323596.83,35.28,1,0,141476.54,47.68,0
B200839,Services,11,500000.0,357700.07,28.46,0,0,64768.17,43.22,0
B205156,Retail,16,500000.0,365941.57,26.81,0,0,49012.51,59.74,0
B209345,IT,34,500000.0,352162.4,29.57,0,0,102540.83,48.45,0
B206984,IT,32,500000.0,333549.3,33.29,0,0,100606.6,50.85,0
B203655,Services,26,500000.0,357581.91,28.48,0,0,,50.74,0
B203721,,52,500000.0,349127.77,30.17,0,0,61468.41,52.11,0
B207919,Healthcare,3,500000.0,388551.93,22.29,1,0,90396.28,38.61,0
B209075,Healthcare,46,500000.0,356569.45,28.69,1,1,92299.54,69.39,1
B205946,Retail,25,500000.0,422433.43,15.51,0,0,32208.1,51.33,0
B201091,Retail,34,500000.0,408144.52,18.37,1,1,32840.37,70.27,1
B207037,Healthcare,10,500000.0,2951541.9,0.53,1,1,219025.25,71.89,1
B206511,Food,35,500000.0,430234.92,13.95,1,0,34199.74,56.39,0
B201137,Manufacturing,27,500000.0,367678.66,26.46,1,0,87736.26,47.67,0
B209542,IT,45,500000.0,334276.84,33.14,0,0,139383.15,46.66,0
B207323,Food,21,500000.0,398472.91,20.31,1,1,52677.4,65.29,1
B200157,Food,27,500000.0,433020.18,13.4,1,0,186212.91,57.25,0
B203901,Manufacturing,29,500000.0,362579.12,27.48,1,0,,44.42,0
B207061,Manufacturing,28,500000.0,381299.35,23.74,1,0,82753.98,46.65,0
B202915,Manufacturing,47,500000.0,403512.42,19.3,0,0,25270.66,51.61,0
B206523,Healthcare,24,500000.0,421161.31,15.77,0,0,45458.87,49.92,0
B207862,Retail,26,500000.0,423576.75,15.28,0,0,77116.13,59.85,0
B200497,,23,500000.0,327137.61,34.57,0,0,67819.31,39.89,0
B206983,Retail,32,500000.0,378490.23,24.3,1,0,77059.67,53.3,0
B201010,Retail,34,500000.0,346975.93,30.6,0,0,69220.7,55.3,0
B208284,Manufacturing,49,500000.0,397674.46,20.47,1,0,52114.27,51.5,0
B203711,Retail,33,500000.0,441864.93,11.63,0,0,47139.53,51.51,0
B207992,Manufacturing,50,1521697.87,384032.95,23.19,1,0,38420.18,45.92,0
B207379,Food,32,500000.0,395082.05,20.98,0,0,127073.78,53.7,0
B207849,Retail,37,500000.0,447430.15,10.51,1,0,32272.84,52.39,0
B206084,Services,15,500000.0,431619.45,13.68,0,0,28256.97,45.75,0
B202477,Services,27,500000.0,402113.0,19.58,0,0,109568.43,49.94,0
B208430,,37,519561.95,378689.72,,0,0,80748.32,50.87,0
B206251,it,28,500000.0,386326.44,22.73,0,0,89432.65,41.93,0
B205290,Food,14,500000.0,335918.03,32.82,0,0,72253.04,52.25,0
B208344,Manufacturing,36,500000.0,355501.5,28.9,1,0,110636.3,46.23,0
B202142,Retail,32,500000.0,440912.24,11.82,0,0,62576.31,51.52,0
B209814,Manufacturing,36,510520.04,407963.33,20.09,0,0,98321.39,52.82,0
B204251,Services,29,500000.0,397163.54,20.57,0,0,54780.35,49.43,0
B207816,Food,33,500000.0,431475.44,13.7,1,0,61887.11,55.96,0
B207858,,24,500000.0,368678.94,26.26,0,0,80136.01,47.69,0
B200913,Retail,40,500000.0,390380.46,21.92,0,0,112012.97,45.23,0
B207365,Services,3,500000.0,355206.36,28.96,1,0,53623.93,38.9,0
B209212,Food,15,500000.0,1918471.03,30.03,0,0,114790.88,52.01,0
B206270,Retail,19,500000.0,386978.47,22.6,0,0,52682.36,49.5,0
B206733,Food,26,500000.0,369456.91,26.11,0,0,74535.37,47.11,0
B203513,IT,30,504576.83,367570.52,27.15,0,0,58680.67,56.11,0
B208970,IT,26,500000.0,375993.61,24.8,0,0,83312.59,52.53,0
B206308,Services,31,500000.0,370006.28,26.0,0,0,129191.97,51.1,0
B205839,Manufacturing,49,500000.0,385134.54,22.97,0,0,74676.48,48.08,0
B205536,Retail,45,500000.0,373618.0,25.28,1,0,75651.85,47.7,0
B201340,it,31,500000.0,404666.11,19.07,1,0,77722.07,51.99,0
B206769,Services,8,500000.0,396740.09,20.65,0,0,92876.42,50.71,0
B207148,Food,6,500000.0,379689.01,24.06,0,0,67911.23,58.44,0
B209806,Manufacturing,50,500000.0,383159.46,23.37,1,0,79866.73,54.81,0
B200033,IT,37,500000.0,404619.6,19.08,1,0,68117.18,58.48,0
B204904,Services,28,500000.0,337226.01,32.55,0,0,96194.86,43.17,0
B204354,Retail,34,500000.0,407521.61,18.5,0,0,70404.81,53.94,0
B204045,Food,13,500000.0,392299.9,21.54,0,0,11112.36,46.71,0
B205553,Retail,43,552659.99,468837.76,15.17,0,0,36019.34,58.73,0
B202247,IT,29,500000.0,353586.02,29.28,1,0,174421.08,49.27,0
B209720,Services,12,500000.0,399289.95,20.14,0,0,77005.08,56.54,0
B203164,Manufacturing,43,500000.0,393324.04,21.34,1,0,48844.49,52.22,0
B208656,Manufacturing,31,500000.0,389234.86,22.15,0,0,56960.96,58.2,0
B207201,Food,3,500000.0,377730.03,24.45,0,0,89800.21,42.55,0
B205603,Food,24,500000.0,384025.37,23.19,0,0,73695.06,53.13,0
B207333,,19,500000.0,377482.16,24.5,1,0,88095.93,46.86,0
B201202,Retail,34,500000.0,417285.25,16.54,1,0,62530.32,61.93,1
B201425,Manufacturing,55,500000.0,380564.78,,1,1,33390.48,61.5,1
B200396,Services,11,500000.0,349747.67,30.05,0,0,63803.37,44.6,0
B205165,Manufacturing,40,500000.0,335901.95,32.82,1,0,70998.77,46.52,0
B205362,Retail,39,500000.0,430988.7,13.8,1,0,79126.8,56.28,0
B208023,Services,40,500000.0,394175.48,21.16,0,0,101118.43,53.25,0
B201500,Retail,26,500000.0,393974.22,21.21,0,0,101266.09,51.42,0
B200569,IT,7,500000.0,306426.55,38.71,1,0,89969.74,42.44,0
B205529,Services,14,500000.0,346268.64,30.75,0,0,97774.05,51.57,0
B201040,IT,29,500000.0,344617.3,31.08,0,0,109640.6,49.33,0
B205106,Services,22,500000.0,351644.67,29.67,0,0,411807.66,41.44,0
B207424,Manufacturing,49,500000.0,386946.83,22.61,0,0,51965.12,54.98,0
B201723,Healthcare,27,500000.0,408584.23,18.28,1,0,44918.54,58.75,0
B203718,Manufacturing,45,500000.0,314526.16,37.09,1,0,49520.25,47.28,0
B201383,Retail,43,577455.95,450739.08,21.94,0,0,78248.3,55.61,0
B208867,Services,8,500000.0,389620.21,22.08,1,0,105109.31,51.54,0
B202408,Healthcare,20,500000.0,416349.84,16.73,0,0,49528.0,58.44,0
B204324,Manufacturing,49,500000.0,431208.17,13.76,0,0,73665.34,55.07,0
B205581,Manufacturing,55,500000.0,439655.54,12.07,0,0,101548.64,55.61,0
B207442,Food,8,500000.0,2052312.48,26.96,1,0,64173.04,49.44,0
B205900,,34,500000.0,440110.28,11.98,0,0,68384.05,48.43,0
B209607,it,12,500000.0,358719.06,28.26,0,0,158590.9,44.0,0
B201571,,47,500000.0,407059.65,18.59,0,0,41123.01,62.78,1
B201972,Services,25,500000.0,381999.38,23.6,0,0,102024.83,43.23,0
B204311,Services,8,500000.0,344246.43,31.15,0,0,49103.43,46.94,0
B207558,Retail,39,500000.0,436481.06,12.7,0,0,51820.74,56.18,0
B207651,IT,30,500000.0,340129.76,31.97,0,0,45441.45,40.51,0
B205559,Food,25,500000.0,377573.19,24.49,1,0,84130.97,42.39,0
B208355,Services,40,500000.0,385565.48,22.89,0,0,107704.67,51.19,0
B204610,Services,9,500000.0,377853.98,24.43,1,0,61109.18,47.58,0
B208862,Healthcare,11,500000.0,373943.57,25.21,0,0,76765.9,48.51,0
B207781,IT,20,500000.0,358986.14,28.2,0,0,95989.39,49.8,0
B208553,manufacturing,47,500000.0,410848.7,17.83,1,0,53867.91,50.36,0
B200279,healthcare,16,500000.0,387251.73,22.55,0,0,64237.82,48.93,0
B208546,Retail,6,500000.0,413913.84,17.22,1,0,55709.9,56.08,0
B202809,IT,47,500000.0,341636.07,31.67,0,0,67567.3,43.45,0
B205343,Food,29,500000.0,355925.71,28.81,0,0,,49.67,0
B200962,Services,3,500000.0,342986.93,31.4,0,0,,45.41,0
B204710,Food,28,500000.0,402828.49,,0,0,69716.4,49.68,0
B206728,Manufacturing,47,500000.0,1881172.77,17.66,1,0,77976.56,58.25,0
B201101,Food,24,500000.0,454322.72,9.14,0,0,109638.07,55.15,0
B200626,Retail,21,500000.0,409005.46,18.2,0,0,76174.17,61.47,1
B207373,healthcare,3,500000.0,403107.87,19.38,0,0,79789.93,53.64,0
B203069,Healthcare,20,500000.0,352664.97,29.47,0,0,52883.77,55.42,0
B205176,Healthcare,17,500000.0,420954.05,15.81,0,0,22066.15,59.71,0
B207413,Manufacturing,55,500000.0,401974.13,19.61,1,1,48034.81,66.28,1
B202266,Services,29,500000.0,368438.22,26.31,1,0,94544.47,50.25,0
B208299,Services,3,500000.0,316596.38,36.68,0,0,62144.83,44.77,0
B202630,Retail,29,500000.0,411426.14,17.71,1,1,54356.52,72.19,1
B206370,,24,500000.0,361231.84,27.75,0,0,91035.52,46.08,0
B207580,Retail,37,500000.0,446516.17,10.7,1,0,28684.97,53.95,0
B207337,Retail,31,500000.0,410689.16,17.86,0,0,100163.82,50.17,0
B206066,Services,11,500000.0,358990.0,28.2,0,0,107855.16,46.87,0
B204146,Services,22,500000.0,339312.33,,0,0,112990.34,49.09,0
B206768,Food,13,2799044.42,420620.37,15.88,0,0,77809.13,57.41,0
B200648,Services,10,500000.0,476404.4,,0,0,48172.44,62.83,1
B205962,Services,7,500000.0,422033.7,15.59,0,0,45799.22,61.49,1
B208125,Retail,10,500000.0,361244.37,27.75,1,0,70636.45,51.01,0
B200368,Retail,28,500000.0,382115.34,23.58,0,0,88139.68,54.73,0
B202610,Healthcare,15,500000.0,394970.04,21.01,1,0,,61.36,1
B201755,Services,38,500000.0,370296.22,25.94,0,0,79767.09,38.14,0
B205493,Services,17,500000.0,343695.72,31.26,0,0,64189.22,40.27,0
B206437,Food,14,500000.0,367777.1,26.44,0,0,58077.65,47.21,0
B207263,Retail,46,500000.0,407457.12,18.51,1,1,205338.29,57.07,0
B209172,Manufacturing,28,500000.0,346119.29,30.78,0,0,102847.76,50.28,0
B207693,Manufacturing,36,500000.0,402837.8,19.43,1,0,88726.05,48.2,0
B207868,Services,16,500000.0,418710.65,16.26,0,0,55670.0,53.16,0
B207564,Manufacturing,34,500000.0,438807.28,12.24,0,0,43365.18,53.84,0
B206677,Food,24,500000.0,352280.48,29.54,1,1,88615.63,66.4,1
B201636,Services,7,500000.0,2178138.24,25.98,0,0,139047.25,46.04,0
B209557,Retail,43,500000.0,442189.41,11.56,1,0,72249.73,62.39,1
B201683,Healthcare,12,500000.0,409154.17,18.17,1,0,45078.81,54.6,0
B206542,Retail,23,500000.0,416521.75,16.7,0,0,76693.11,53.27,0
B202138,Food,22,500000.0,360200.41,27.96,0,0,45221.53,54.88,0
B201395,Food,3,500000.0,388356.38,22.33,0,0,91037.81,54.19,0
B207604,Food,6,500000.0,402167.2,19.57,0,0,73912.72,49.47,0
B202995,Services,30,500000.0,334467.9,33.11,0,0,79000.2,46.33,0
B200719,Retail,58,500000.0,430207.51,13.96,0,0,93154.05,56.54,0
B206987,IT,25,500000.0,293767.37,41.25,0,0,70753.59,48.58,0
B207232,Healthcare,22,500000.0,324028.77,35.19,0,0,97457.84,51.38,0
B208778,Services,6,500000.0,384431.02,23.11,0,0,84786.8,48.46,0
B207356,IT,14,500000.0,334765.15,33.05,1,0,119029.11,40.79,0
B208556,Manufacturing,49,500000.0,397468.5,20.51,1,1,,61.51,1
B209109,Food,21,500000.0,409850.15,18.03,1,0,31179.7,54.41,0
B203842,Retail,62,500000.0,379782.01,24.04,1,0,53584.57,45.88,0
B202969,Retail,25,500000.0,425783.87,14.84,1,0,83882.12,56.67,0
B206277,Manufacturing,32,500000.0,414773.77,17.05,0,0,50330.46,53.19,0
B208300,Retail,3,500000.0,428611.74,,1,1,47451.61,63.96,1
B207699,Services,8,500000.0,438412.87,,0,0,17350.63,63.23,1
B207234,Retail,34,500000.0,452412.28,9.52,1,1,50032.61,64.91,1
B201312,food,11,500000.0,370618.76,25.88,0,0,82242.39,45.6,0
B205802,IT,25,500000.0,351697.51,29.66,1,0,69068.72,47.26,0
B202261,Food,34,500000.0,427265.21,14.55,0,0,65130.89,53.56,0
B200045,Food,10,500000.0,382177.32,23.56,0,0,50259.26,51.83,0
B200437,IT,4,500000.0,333935.97,33.21,0,0,48920.64,33.57,0
B200907,Retail,16,500000.0,389431.48,22.11,1,0,60677.17,45.84,0
B208902,Food,25,500000.0,419229.54,16.15,1,1,76595.23,67.73,1
B209965,Food,16,500000.0,405325.62,,1,0,36783.24,48.55,0
B207658,IT,11,500000.0,388171.33,22.37,0,0,63470.51,46.03,0
B207639,,46,500000.0,370991.04,25.8,1,0,,56.25,0
B209383,,23,500000.0,416053.53,16.79,1,0,73203.82,48.28,0
B203265,Food,20,500000.0,340639.17,31.87,1,0,101579.34,41.0,0
B209917,Manufacturing,22,500000.0,400194.29,,0,0,49055.06,58.61,0
B207468,IT,16,500000.0,376549.47,24.69,0,0,81018.25,50.12,0
B202572,Services,5,500000.0,381160.76,,0,0,107295.4,57.43,0
B209293,Retail,34,500000.0,406187.29,18.76,1,1,60229.11,72.9,1
B201837,Manufacturing,45,500000.0,392252.82,21.55,1,1,0.0,60.59,1
B201300,Healthcare,31,500000.0,393731.76,,0,0,67770.08,42.2,0
B202577,Healthcare,28,500000.0,405309.48,18.94,1,0,74984.84,56.98,0
B200646,Retail,33,500000.0,461184.82,7.76,0,0,41278.54,57.49,0
B202690,Services,29,500000.0,384939.82,23.01,1,0,96874.78,51.95,0
B201982,IT,34,500000.0,373987.59,25.2,0,0,104138.97,44.27,0
B201894,IT,17,1067945.11,764992.96,28.37,0,0,194998.01,34.02,0
B200327,Healthcare,27,500000.0,381591.45,23.68,0,0,105483.51,53.44,0
B206378,Manufacturing,68,500000.0,396413.36,20.72,0,0,44607.19,61.12,1
B208387,IT,15,500000.0,366440.98,26.71,0,0,,46.44,0
B204627,Food,8,500000.0,412640.95,17.47,0,0,85995.63,45.18,0
B200153,Healthcare,5,795041.78,635721.8,20.04,1,0,105531.35,48.57,0
B200315,Food,39,500000.0,411152.23,17.77,0,0,91740.88,49.84,0
B200385,IT,14,896375.18,655523.73,26.87,1,0,136394.41,49.15,0
B205523,Services,17,738793.1,631900.06,14.47,1,1,125222.56,70.69,1
B203341,Services,12,2413979.28,380491.63,23.9,1,0,39518.08,53.55,0
B205591,Retail,30,511531.41,391038.94,23.56,0,0,52028.83,50.09,0
B201349,IT,16,500000.0,323169.38,35.37,0,0,27033.62,46.26,0
B208817,Retail,28,500000.0,397863.09,20.43,0,0,46598.21,38.64,0
B201493,IT,40,500000.0,324679.32,35.06,0,0,419820.28,44.72,0
B200375,Manufacturing,41,500000.0,385451.28,22.91,0,0,66822.15,57.89,0
B207483,IT,51,500000.0,367300.97,26.54,0,0,93432.5,49.94,0
B201294,Retail,49,500000.0,418933.76,16.21,0,0,102625.71,60.3,1
B201267,Services,25,500000.0,371143.4,25.77,0,0,68479.7,50.75,0
B209545,Services,4,500000.0,369528.15,26.09,1,0,89994.79,50.68,0
B205590,Retail,31,500000.0,408471.49,18.31,1,0,42332.64,53.04,0
B208058,,28,500000.0,438717.48,12.26,0,0,60927.9,54.01,0
B203107,Manufacturing,61,554877.08,469702.94,15.35,1,0,72509.27,55.0,0
B207621,it,12,500000.0,402711.82,19.46,0,0,,53.18,0
B200513,Manufacturing,36,500000.0,420783.67,15.84,0,0,43564.98,50.9,0
B209875,Manufacturing,45,500000.0,364216.17,27.16,0,0,100255.23,51.6,0
B203952,Retail,37,500000.0,399580.87,20.08,0,0,,55.03,0
B206080,Manufacturing,41,500000.0,394606.12,21.08,0,0,83619.8,60.53,1
B203366,Healthcare,17,619508.41,452725.53,26.92,0,0,94404.95,40.2,0
B206076,retail,25,509387.56,421819.88,17.19,0,0,67889.94,51.07,0
B207546,Retail,50,500000.0,380557.31,23.89,0,0,74755.17,45.05,0
B206196,Food,20,500000.0,389439.38,22.11,0,0,118626.4,52.67,0
B209134,Healthcare,22,2639145.55,331266.19,33.75,1,0,117066.6,43.61,0
B209429,Retail,39,509950.58,425891.21,16.48,1,0,55061.35,52.13,0
B203967,Healthcare,25,500000.0,412586.08,17.48,0,0,42336.05,56.62,0
B203704,Retail,15,500000.0,458522.9,,0,0,68945.59,57.33,0
B203174,Services,41,500000.0,1512956.35,23.96,0,0,94320.95,62.04,1
B202813,Services,25,500000.0,362704.37,27.46,0,0,69692.35,46.87,0
B209810,Retail,60,500000.0,437901.95,12.42,1,0,35227.33,61.92,1
B206443,Manufacturing,79,982094.69,732201.12,25.44,1,0,,52.57,0
B202078,Manufacturing,72,500000.0,370959.63,25.81,0,0,75941.86,55.87,0
B203905,Food,26,500000.0,394860.16,21.03,0,0,61420.67,46.8,0
B205869,Healthcare,17,500000.0,384513.46,23.1,0,0,92139.18,49.51,0
B204973,Healthcare,22,500000.0,422634.98,15.47,0,0,48981.21,52.57,0
B201921,Food,25,500000.0,372481.2,,0,0,89924.68,54.8,0
B207275,Services,26,500000.0,377758.29,24.45,1,0,73217.54,49.12,0
B203114,Manufacturing,35,500000.0,366031.64,26.79,1,0,85576.97,42.87,0
B200777,Services,19,500000.0,371513.24,25.7,0,0,130562.2,39.17,0
B208803,Manufacturing,50,500000.0,384775.6,23.04,0,0,40455.12,55.19,0
B204047,Healthcare,20,500000.0,365431.16,26.91,1,0,97426.0,52.16,0
B203991,Manufacturing,46,500000.0,385444.9,22.91,0,0,82176.36,54.49,0
B202450,Manufacturing,46,549256.41,487328.18,11.27,0,0,50716.58,53.18,0
B203392,Services,28,500000.0,345649.63,30.87,0,0,43309.2,43.58,0
B202137,Services,17,500000.0,340586.65,31.88,0,0,84246.93,46.56,0
B208164,Retail,40,1393830.38,1121393.81,19.55,1,0,222277.15,48.63,0
B207185,Services,15,500000.0,370840.92,25.83,0,0,26730.76,48.81,0
B206324,Food,11,500000.0,409922.52,18.02,1,0,68479.32,60.9,1
B205265,Healthcare,23,561680.02,442896.5,21.15,0,0,73858.43,50.56,0
B203672,,14,500000.0,377511.62,24.5,1,0,398746.27,56.06,0
B200071,Food,36,500000.0,421105.44,15.78,0,0,109309.24,48.14,0
B209167,Healthcare,6,500000.0,421382.55,15.72,0,0,56852.13,53.0,0
B200688,manufacturing,72,500000.0,389134.69,22.17,0,0,116369.97,46.88,0
B204280,Services,21,500000.0,326037.09,34.79,0,0,555357.02,45.57,0
B203978,,16,500000.0,386333.0,,1,0,65424.91,59.99,0
B202000,Retail,31,500000.0,416484.72,16.7,1,0,111921.61,59.19,0
B209706,retail,36,500000.0,384661.72,23.07,0,0,,51.56,0
B202391,Services,23,500000.0,361461.33,27.71,0,0,121083.13,50.08,0
B203324,Manufacturing,51,500000.0,461007.37,7.8,0,0,36270.57,56.4,0
B202362,Food,15,500000.0,339454.87,32.11,0,0,77577.23,44.02,0
B207852,Services,11,500000.0,367198.73,26.56,0,0,,45.58,0
B209471,Healthcare,22,500000.0,402986.78,19.4,1,0,73561.51,55.67,0
B206059,Food,32,510554.99,449906.74,11.88,0,0,39656.67,63.48,1
B200565,Services,39,500000.0,406621.04,18.68,0,0,73588.75,50.3,0
B205797,Services,18,500000.0,388471.52,22.31,0,0,59512.7,48.26,0
B202056,Retail,28,500000.0,379298.48,24.14,1,1,81626.63,65.41,1
B205927,Services,34,500000.0,396604.67,20.68,0,0,99776.27,47.37,0
B209898,Manufacturing,72,500000.0,357282.11,28.54,1,0,122663.75,46.64,0
B200050,Retail,46,500000.0,400598.28,19.88,0,0,59122.87,52.51,0
B205514,Retail,36,500000.0,427361.26,14.53,0,0,61771.34,43.24,0
B209750,IT,3,1052412.42,719525.58,31.63,0,0,,45.63,0
B207172,retail,38,500000.0,430414.11,13.92,0,0,22684.05,54.52,0
B204374,Services,8,500000.0,432084.92,13.58,1,0,46539.34,47.78,0
B202935,Services,3,500000.0,380287.95,23.94,1,0,50200.15,44.88,0
B205124,Healthcare,18,500000.0,385888.45,22.82,0,0,81169.92,53.8,0
B206842,Food,24,500000.0,412775.84,17.44,0,0,45328.89,45.24,0
B207465,Manufacturing,41,500000.0,324859.07,35.03,1,0,67948.97,45.23,0
B200958,Food,16,500000.0,414754.67,17.05,1,0,36989.46,55.41,0
B208439,Food,13,500000.0,424222.7,15.16,0,0,54334.63,56.9,0
B203187,Healthcare,30,500000.0,400155.17,19.97,1,1,76184.32,69.59,1
B203215,IT,12,500000.0,339896.2,32.02,0,0,84657.61,47.38,0
B202576,Retail,23,500000.0,430884.42,13.82,1,0,,55.52,0
B209502,Food,30,500000.0,385554.99,22.89,0,0,67053.5,50.31,0
B202425,Food,3,500000.0,331049.54,33.79,0,0,131821.39,49.47,0
B202449,Retail,35,500000.0,391850.59,21.63,1,0,66718.01,43.27,0
B209534,Food,26,500000.0,408610.55,18.28,0,0,84472.17,51.71,0
B208205,IT,10,500000.0,347720.25,30.46,0,0,159239.32,45.73,0
B202210,Food,22,500000.0,325686.37,34.86,0,0,110738.25,35.55,0
B203327,Services,34,500000.0,407089.69,18.58,0,0,67321.29,54.1,0
B201135,services,39,500000.0,383956.66,23.21,1,1,57197.62,71.01,1
B204242,Manufacturing,47,500000.0,394486.19,21.1,1,0,68481.58,48.0,0
B203203,Retail,43,500000.0,409799.71,18.04,0,0,51291.3,49.37,0
B200317,Manufacturing,39,679402.81,502538.83,26.03,1,1,82930.21,62.0,1
B201520,Food,23,500000.0,325125.94,34.97,1,0,78623.63,37.27,0
B206811,Manufacturing,52,500000.0,396355.34,20.73,0,0,69858.08,53.91,0
B206616,Food,19,500000.0,386314.45,22.74,0,0,,52.17,0
B201799,Food,11,500000.0,395476.88,,0,0,50302.46,40.85,0
B201857,Retail,32,500000.0,391430.07,21.71,1,0,71917.39,53.02,0
B206445,Retail,28,500000.0,449801.85,10.04,0,0,33054.46,58.3,0
B208474,Healthcare,21,500000.0,351564.1,,0,0,114789.46,41.46,0
B209880,IT,19,745209.26,567271.1,23.88,0,0,100759.02,48.78,0
B209791,Food,9,517023.79,445531.09,13.83,0,0,50557.47,57.86,0
B204001,Retail,30,500000.0,409378.21,18.12,1,1,109058.14,68.44,1
B207058,Services,4,500000.0,371952.24,,1,0,111517.56,49.72,0
B203685,Healthcare,46,500000.0,418621.89,16.28,0,0,68433.77,62.38,1
B202643,Services,23,500000.0,375262.96,24.95,0,0,96840.03,51.35,0
B205583,Retail,16,500000.0,400621.13,19.88,1,0,26867.08,47.53,0
B205660,Healthcare,10,500000.0,352306.99,29.54,0,0,48018.12,53.03,0
B207027,,42,500000.0,381135.71,23.77,0,0,43921.12,42.65,0
B203746,Retail,27,500000.0,439442.0,12.11,1,0,26057.79,58.39,0
B208021,Services,21,600550.32,459159.04,23.54,0,0,85029.4,53.02,0
B204787,Retail,31,500000.0,441513.56,11.7,0,0,20842.75,61.25,1
B201998,IT,19,500000.0,317579.2,36.48,0,0,152029.46,38.55,0
B203634,Manufacturing,55,500000.0,405478.72,18.9,1,0,74534.19,54.6,0
B204300,Services,15,500000.0,375561.13,24.89,0,0,69762.58,50.76,0
B207029,Services,21,500000.0,403514.19,19.3,1,0,83163.89,54.04,0
B201149,Services,27,500000.0,382177.89,23.56,0,0,93467.6,46.83,0
B204096,Services,24,500000.0,307425.55,38.51,0,0,98740.88,48.37,0
B200765,Food,25,500000.0,399042.9,20.19,1,0,79950.01,47.2,0
B202185,Healthcare,3,500000.0,372292.67,25.54,0,0,91074.66,51.97,0
B201838,Healthcare,39,591936.52,487123.25,17.71,0,0,69834.11,54.83,0
B202767,Healthcare,29,500000.0,334704.72,33.06,0,0,79669.11,47.8,0
B208513,Healthcare,23,523241.99,396668.6,24.19,1,0,40216.36,59.04,0
B208290,Food,13,500000.0,431908.88,13.62,1,0,67759.06,56.49,0
B207106,Retail,23,500000.0,453732.63,9.25,1,0,56547.17,57.37,0
B206883,Food,35,500000.0,395993.24,20.8,0,0,72868.32,44.76,0
B206793,Manufacturing,40,500000.0,384246.55,23.15,0,0,60498.3,51.24,0
B209763,Manufacturing,27,500000.0,408822.04,18.24,1,0,70568.27,54.63,0
B202394,Manufacturing,40,500000.0,367178.61,26.56,0,0,68916.01,43.5,0
B202124,Manufacturing,32,500000.0,339971.15,32.01,1,0,67931.27,41.21,0
B205973,Services,18,500000.0,377701.94,24.46,0,0,93799.58,45.85,0
B207665,Healthcare,17,500000.0,353943.36,29.21,0,0,76566.2,51.42,0
B205938,Retail,26,500000.0,441479.97,11.7,0,0,50455.72,59.45,0
B204321,Food,21,809658.76,558444.7,31.03,1,0,108445.84,59.9,0
B200806,IT,64,500000.0,374647.32,25.07,0,0,107193.46,50.41,0
B209929,Manufacturing,34,500000.0,375773.81,24.85,1,0,96599.93,54.62,0
B201911,Retail,16,500000.0,404860.75,19.03,0,0,71444.95,51.23,0
B209887,Retail,35,500000.0,426346.46,14.73,1,1,75960.4,76.54,1
B206972,Services,15,500000.0,376587.26,24.68,0,0,78098.3,47.04,0
B206315,Manufacturing,68,500000.0,1290434.62,17.7,1,0,79956.74,44.91,0
B205741,IT,23,500000.0,383921.95,23.22,0,0,59118.72,50.56,0
B200883,Healthcare,31,500000.0,386274.93,22.75,0,0,67851.68,53.63,0
B206405,Retail,24,500000.0,418290.62,16.34,1,0,59899.85,62.47,1
B202924,IT,8,500000.0,326288.7,34.74,0,0,113630.38,45.5,0
B209357,Food,27,500000.0,377336.12,24.53,0,0,66610.64,49.14,0
B200171,Retail,33,500000.0,458138.25,8.37,0,0,35791.85,56.94,0
B208806,Manufacturing,44,1076163.9,793126.21,26.3,1,0,261194.18,46.69,0
B205111,Retail,32,500000.0,399841.96,20.03,0,0,51228.09,56.08,0
B204924,Manufacturing,65,500000.0,2194466.43,,0,0,45868.12,53.95,0
B208658,IT,24,500000.0,362661.62,27.47,1,0,66840.86,44.5,0
B208907,Food,10,500000.0,369105.52,26.18,0,0,90298.03,49.08,0
B207045,Services,11,680724.34,475608.95,30.13,0,0,107503.14,47.66,0
B207723,Retail,21,500000.0,390706.6,21.86,0,0,95237.23,49.18,0
B209521,Services,10,2356109.8,381306.77,23.74,1,0,68277.24,50.06,0
B203640,Services,23,500000.0,415284.75,16.94,1,0,41178.27,53.4,0
B202211,Manufacturing,31,500000.0,387725.99,22.45,0,0,80611.94,52.86,0
B202309,Retail,53,500000.0,388364.21,22.33,0,0,90326.2,47.41,0
B201879,it,34,500000.0,337344.78,32.53,1,0,473948.05,48.45,0
B200083,Food,35,500000.0,443899.93,11.22,0,0,30813.48,51.56,0
B209281,Retail,37,500000.0,390143.21,21.97,0,0,90224.15,54.43,0
B208040,Healthcare,36,500000.0,401598.36,19.68,1,0,55457.17,60.58,1
B202054,Retail,18,500000.0,414996.47,17.0,1,0,65881.3,51.11,0
B200028,,53,500000.0,2560564.0,22.87,0,0,96086.04,50.16,0
B205522,Retail,26,500000.0,399023.29,20.2,0,0,74128.98,54.11,0
B200269,Services,30,500000.0,358534.7,28.29,0,0,114287.42,50.43,0
B206166,Services,40,500000.0,361390.11,27.72,0,0,61343.46,45.52,0
B203883,Services,5,500000.0,333554.68,33.29,1,0,106557.75,48.34,0
B200812,Services,24,500000.0,404055.98,19.19,1,0,55741.18,58.78,0
B202558,Manufacturing,47,500000.0,395690.38,20.86,0,0,74846.0,51.16,0
B202896,Food,24,500000.0,417370.85,16.53,1,0,57147.25,51.91,0
B206673,Food,3,500000.0,371235.46,25.75,0,0,82420.88,56.53,0
B200463,IT,22,500000.0,331951.32,33.61,1,0,126087.98,42.48,0
B204116,Services,8,500000.0,398124.97,20.38,0,0,50128.37,50.71,0
B209663,Healthcare,29,500000.0,366346.77,26.73,0,0,105718.63,57.72,0
B204559,Retail,28,500000.0,381137.49,23.77,0,0,65473.59,46.17,0
B204344,Services,22,500000.0,294028.74,41.19,0,0,114025.86,53.48,0
B203734,retail,10,500000.0,394034.47,21.19,0,0,29560.78,55.65,0
B207945,,14,500000.0,394982.42,21.0,1,0,73050.65,51.58,0
B206152,Retail,28,500000.0,463022.88,7.4,0,0,44000.41,55.0,0
B205266,Retail,17,500000.0,1152916.63,27.73,1,0,89499.34,38.6,0
B202013,Food,30,679977.31,547697.49,19.45,1,0,113652.37,56.89,0
B203003,Retail,46,1066290.35,879774.73,17.49,1,0,,59.81,0
B205883,Manufacturing,57,500000.0,430676.82,13.86,0,0,78618.84,53.73,0
B207998,Healthcare,33,500000.0,383794.77,23.24,0,0,83889.41,44.98,0
B208682,Services,20,500000.0,357593.97,28.48,0,0,51879.49,47.02,0
B208135,Manufacturing,45,500000.0,399091.3,20.18,0,0,87736.69,48.37,0
B209312,IT,23,500000.0,358021.05,28.4,1,0,55339.71,54.45,0
B200380,Retail,30,500000.0,445613.53,10.88,0,0,50658.71,52.46,0
B203249,IT,37,500000.0,392335.74,21.53,0,0,81639.21,42.57,0
B206930,Manufacturing,54,500000.0,390438.14,21.91,0,0,64251.75,44.42,0
B202046,Retail,36,500000.0,407919.09,18.42,0,0,62789.21,56.78,0
B201052,Manufacturing,47,500000.0,1461437.35,17.05,0,0,60648.7,56.75,0
B208886,Retail,36,500000.0,408987.09,18.2,1,1,105634.12,65.7,1
B203946,Services,12,500000.0,385652.16,22.87,0,0,36755.01,55.58,0
B206434,IT,19,524740.7,396651.75,24.41,0,0,351220.91,47.69,0
B208388,Food,11,500000.0,349309.85,30.14,0,0,77517.47,50.5,0
B208655,Healthcare,38,500000.0,366548.18,26.69,0,0,81287.17,48.37,0
B206046,Healthcare,6,500000.0,366960.36,,0,0,81111.42,57.69,0
B205784,Manufacturing,69,500000.0,386487.46,22.7,0,0,92814.34,56.56,0
B204800,Services,23,500000.0,369064.22,26.19,0,0,85503.86,55.13,0
B203836,Manufacturing,74,500000.0,407865.74,18.43,0,0,71729.49,61.25,1
B201672,Retail,50,500000.0,410977.45,17.8,1,1,61177.83,71.84,1
B207565,Food,3,500000.0,377945.88,24.41,0,0,105799.05,54.72,0
B202283,Retail,48,500000.0,465613.14,6.88,0,0,68177.34,64.26,1
B201527,Manufacturing,47,500000.0,342305.96,31.54,0,0,,45.28,0
B209130,Manufacturing,45,500000.0,392994.93,21.4,1,0,70260.73,51.61,0
B204414,Manufacturing,49,500000.0,377921.03,24.42,0,0,131183.55,45.87,0
B204768,Food,10,500000.0,404087.95,19.18,0,0,100920.03,56.26,0
B207108,Manufacturing,44,500000.0,357240.24,28.55,0,0,77646.59,42.23,0
B205380,Food,23,500000.0,1491988.66,23.04,1,0,298843.27,55.18,0
B206909,Manufacturing,34,500000.0,383853.25,23.23,0,0,,50.25,0
B207883,IT,14,500000.0,358104.08,28.38,0,0,74598.6,55.45,0
B200623,Manufacturing,33,1788883.56,397909.06,20.42,0,0,71974.61,56.88,0
B209422,Services,12,532108.92,404490.79,23.98,0,0,83942.55,48.44,0
B208856,IT,38,758898.72,573005.65,24.5,0,0,55079.48,55.36,0
B203351,Retail,46,500000.0,417411.89,16.52,1,0,54492.67,57.76,0
B201507,Services,11,500000.0,384418.88,23.12,0,0,90549.49,53.16,0
B206950,Services,31,500000.0,369931.95,26.01,0,0,107774.27,53.0,0
B209805,Retail,29,511476.24,442370.89,13.51,0,0,67005.72,55.39,0
B203016,,31,500000.0,448497.75,10.3,1,0,72995.15,51.43,0
B203830,Services,23,500000.0,367315.56,,0,0,91754.53,41.47,0
B205235,Healthcare,25,500000.0,373498.77,25.3,0,0,,54.66,0
B200799,Services,7,500000.0,406969.48,18.61,1,0,44413.87,51.61,0
B201716,Manufacturing,32,500000.0,379759.89,24.05,0,0,63838.59,48.72,0
B208422,Retail,28,500000.0,433271.89,13.35,0,0,47346.5,51.07,0
B208550,Retail,48,500000.0,423846.8,15.23,0,0,,50.85,0
B205676,Manufacturing,28,500000.0,405329.88,18.93,0,0,56335.28,55.1,0
B200788,Manufacturing,46,500000.0,407370.92,18.53,0,0,32295.21,44.73,0
B208197,Retail,26,500000.0,411432.28,17.71,0,0,87429.94,54.67,0
B200328,Retail,32,500000.0,432063.14,13.59,1,0,44219.07,56.17,0
B200976,Manufacturing,38,500000.0,430773.2,13.85,1,0,63834.21,52.9,0
B200091,Healthcare,30,500000.0,371965.28,,0,0,,43.97,0
B203223,Healthcare,28,500000.0,420982.2,,0,0,53746.91,54.84,0
B204418,Food,37,500000.0,443269.73,11.35,0,0,58302.02,58.06,0
B204117,Healthcare,6,500000.0,371023.32,,1,1,89865.79,66.12,1
B203807,,38,500000.0,401253.53,19.75,0,0,51381.56,46.23,0
B201287,Food,3,500000.0,414014.14,17.2,1,0,84311.83,53.1,0
B207000,Services,30,500000.0,395937.15,,1,0,70519.73,57.6,0
B208163,Retail,38,500000.0,393407.03,21.32,0,0,60078.57,47.39,0
B206217,IT,23,500000.0,368154.77,26.37,1,0,69087.44,53.4,0
B209185,Services,15,500000.0,363813.66,27.24,0,0,104621.37,51.02,0
B201832,Retail,28,500000.0,393860.33,21.23,0,0,67563.08,51.12,0
B208314,Manufacturing,42,500000.0,358824.23,28.24,0,0,48129.76,46.72,0
B209200,Manufacturing,62,500000.0,362351.07,27.53,1,1,93834.5,62.86,1
B200391,food,35,500000.0,397337.39,20.53,0,0,219656.38,45.11,0
B208960,,38,500000.0,430995.67,13.8,1,0,41159.81,61.04,1
B200494,Manufacturing,26,500000.0,352180.3,29.56,0,0,98100.34,57.03,0
B205387,Food,18,2962630.83,405750.55,18.85,0,0,521432.95,47.49,0
B206037,Food,30,793297.93,550791.93,30.57,0,0,114673.91,46.94,0
B205705,Healthcare,12,500000.0,405091.83,18.98,0,0,98455.95,51.61,0
B206074,,33,500000.0,360955.67,27.81,0,0,121469.81,43.81,0
B204466,Manufacturing,47,500000.0,347300.28,30.54,0,0,82253.14,50.07,0
B203191,IT,30,500000.0,456970.7,8.61,1,1,25704.29,72.96,1
B206705,Services,7,500000.0,352913.98,29.42,1,0,69839.51,38.02,0
B204867,Retail,22,500000.0,421530.22,15.69,0,0,82733.16,51.93,0
B202639,Manufacturing,68,512812.85,418793.23,18.33,0,0,47295.32,49.3,0
B207817,IT,25,500000.0,406834.75,18.63,0,0,91255.79,53.36,0
B205496,Retail,38,500000.0,2362600.98,20.01,0,0,,55.28,0
B205799,Retail,37,500000.0,377887.96,24.42,1,0,63919.21,52.72,0
B208394,Food,39,500000.0,395346.25,20.93,0,0,65878.66,45.78,0
B209229,Manufacturing,32,500000.0,393699.02,21.26,1,0,77599.27,59.68,0
B204401,Food,7,2148234.91,391689.13,21.66,0,0,83560.86,49.64,0
B208078,Retail,32,500000.0,409250.03,18.15,1,0,21486.68,46.61,0
B208335,Retail,26,500000.0,419677.11,16.06,1,0,87444.75,54.0,0
B209556,Retail,50,500000.0,414667.29,17.07,1,0,45230.9,47.42,0
B206384,Retail,24,500000.0,400518.22,19.9,0,0,73155.19,51.76,0
B204053,Healthcare,26,500000.0,402084.6,19.58,1,1,130458.72,64.52,1
B206001,Retail,34,500000.0,406350.36,18.73,0,0,45616.14,66.6,1
B203387,Manufacturing,54,500000.0,354931.71,29.01,0,0,44208.06,50.35,0
B203514,Healthcare,33,500000.0,376378.67,24.72,0,0,75653.49,54.1,0
B205982,Healthcare,26,500000.0,398508.99,20.3,1,0,70394.47,44.2,0
B202280,Healthcare,42,500000.0,458674.44,8.27,0,0,45105.77,52.48,0
B207709,Services,23,500000.0,358902.3,28.22,0,0,88358.73,46.34,0
B204477,Services,39,500000.0,378644.6,24.27,0,0,66533.74,53.02,0
B200444,,11,500000.0,367736.7,26.45,0,0,,43.69,0
B209221,Food,29,500000.0,399731.22,20.05,0,0,60415.67,53.62,0
B208495,,15,500000.0,370145.83,25.97,0,0,567829.12,50.7,0
B201853,Services,16,500000.0,403814.52,19.24,0,0,73493.18,50.85,0
B203476,Retail,30,500000.0,399844.18,20.03,0,0,,49.22,0
B206343,Services,3,500000.0,394610.21,21.08,1,0,93749.95,50.34,0
B208701,Retail,15,750428.34,2005865.89,,0,0,116327.28,58.51,0
B203750,Services,31,500000.0,357487.58,28.5,0,0,87970.9,48.64,0
B202937,Food,12,500000.0,398359.67,,0,0,93208.6,55.44,0
B204082,IT,14,500000.0,2435102.65,24.9,0,0,66587.92,53.97,0
B207128,Retail,31,500000.0,408307.26,18.34,0,0,96471.41,55.84,0
B208278,Manufacturing,47,500000.0,368620.35,26.28,0,0,59081.56,44.36,0
B204764,Manufacturing,67,500000.0,354515.72,29.1,1,0,97060.74,36.07,0
B200011,Services,27,500000.0,382565.12,23.49,0,0,85120.25,46.43,0
B206978,Manufacturing,29,500000.0,389788.44,22.04,1,0,446488.61,51.16,0
B201607,IT,35,858993.04,717429.43,16.48,0,0,109469.41,46.26,0
B203754,,48,500000.0,404695.08,19.06,0,0,,50.9,0
B207341,Services,40,500000.0,383469.23,,0,0,84739.24,54.04,0
B208338,Services,20,500000.0,397800.65,20.44,0,0,53914.19,57.91,0
B208559,Food,21,500000.0,373542.34,25.29,1,0,60649.61,46.35,0
B204180,Food,17,500000.0,405949.96,18.81,0,0,89044.36,50.96,0
B204553,IT,20,676771.47,480172.86,29.05,0,0,108067.98,39.98,0
B203904,Manufacturing,49,500000.0,416799.61,16.64,0,0,84373.11,61.91,1
B200041,Retail,8,500000.0,439517.81,12.1,1,0,77402.91,64.69,1
B201990,it,3,500000.0,395737.87,20.85,0,0,39687.87,58.25,0
B206004,Services,4,500000.0,322049.33,35.59,0,0,88150.77,52.22,0
B208345,Retail,21,571141.82,515403.55,9.76,1,0,64473.13,50.68,0
B200311,Services,24,500000.0,385723.99,22.86,0,0,67109.87,42.71,0
B205855,Services,27,500000.0,383125.73,23.37,0,0,104085.95,53.0,0
B206704,retail,49,500000.0,438090.4,12.38,0,0,46718.7,53.9,0
B204738,Services,44,500000.0,384141.35,23.17,0,0,58085.73,42.66,0
B202229,IT,39,500000.0,311667.96,37.67,0,0,112533.64,47.04,0
B204927,Manufacturing,49,500000.0,382669.52,23.47,1,0,120050.17,46.37,0
B201160,Services,16,500000.0,363663.21,,1,1,110333.97,58.32,0
B209692,Manufacturing,45,500000.0,366931.32,26.61,0,0,118055.05,45.18,0
B202490,Food,19,500000.0,438954.02,12.21,0,0,290848.83,52.91,0
B203289,Manufacturing,47,536312.48,436419.05,18.63,0,0,75145.09,55.02,0
B209140,IT,13,500000.0,386791.79,22.64,0,0,89518.96,55.08,0
B205149,,26,500000.0,330954.22,33.81,1,0,104852.59,40.25,0
B209684,Retail,13,500000.0,434642.02,13.07,1,1,31115.92,67.0,1
B205086,Retail,25,606165.3,541943.8,10.59,1,0,96312.29,55.02,0
B204506,Services,3,500000.0,2277133.4,23.71,0,0,32572.66,64.74,1
B204718,Services,6,500000.0,326104.06,34.78,0,0,133729.33,44.24,0
B203186,Retail,29,500000.0,410794.22,17.84,1,0,104676.56,53.8,0
B209478,Manufacturing,53,501512.73,376583.67,24.91,0,0,73101.27,49.96,0
B207970,Services,15,500000.0,378691.1,24.26,0,0,78699.07,49.54,0
B206809,IT,27,796157.88,568726.73,28.57,1,0,160077.19,51.46,0
B207259,IT,3,500000.0,419272.65,16.15,1,0,54630.24,53.94,0
B202756,Services,32,500000.0,346984.32,30.6,1,0,93665.61,48.72,0
B209090,IT,17,500000.0,301410.96,39.72,0,0,104995.21,41.45,0
B205043,Manufacturing,36,500000.0,397868.53,20.43,0,0,33357.16,54.09,0
B209707,Food,16,500000.0,373634.25,25.27,0,0,71751.55,53.45,0
B208654,Retail,16,500000.0,426656.97,14.67,0,0,37231.38,59.06,0
B207123,Manufacturing,24,500000.0,409353.22,18.13,1,0,58046.87,52.98,0
B203265,Food,20,500000.0,340639.17,31.87,1,0,101579.34,41.0,0
B209290,Manufacturing,35,500000.0,378035.29,24.39,0,0,137095.39,58.31,0
B207099,Food,23,500000.0,373466.65,25.31,0,0,37610.86,49.43,0
B204381,Retail,45,500000.0,420210.08,15.96,0,0,72127.67,46.05,0
B200680,Retail,54,500000.0,398443.31,,0,0,117622.54,50.27,0
B208372,Services,31,500000.0,375009.05,25.0,1,0,87054.38,56.18,0
B209101,,41,861990.06,654787.47,24.04,1,0,197397.76,50.37,0
B204668,Services,17,500000.0,377485.4,24.5,1,0,71941.42,44.93,0
B201561,Services,23,500000.0,417403.76,16.52,1,0,71628.77,49.3,0
B209166,IT,27,500000.0,1118934.17,33.16,0,0,51507.36,52.28,0
B202372,Healthcare,27,500000.0,418198.89,16.36,0,0,60100.24,50.11,0
B201947,Healthcare,15,500000.0,409722.47,18.06,0,0,46298.15,62.18,1
B209830,Retail,41,500000.0,444352.31,11.13,1,1,52261.81,69.25,1
B201236,Retail,41,500000.0,396625.49,20.67,0,0,96087.84,57.23,0
B200060,Retail,18,500000.0,2055248.77,19.78,0,0,59764.62,49.95,0
B204728,Manufacturing,45,500000.0,355440.98,28.91,0,0,54809.9,48.82,0
B208414,Services,35,500000.0,389947.9,22.01,0,0,102050.85,49.1,0
B200820,Services,27,500000.0,363978.86,27.2,0,0,80064.55,46.23,0
B205191,IT,10,500000.0,327928.89,34.41,0,0,96603.63,46.32,0
B200681,Services,32,500000.0,324232.71,35.15,1,0,77589.35,43.66,0
B200729,Retail,51,500000.0,401844.37,19.63,0,0,57385.69,45.08,0
B209934,Retail,30,500000.0,384818.01,23.04,1,0,58873.92,56.47,0
B201467,Food,32,500000.0,366093.72,26.78,0,0,26200.92,49.13,0
B206262,Manufacturing,43,500000.0,363259.57,27.35,1,1,41291.25,63.27,1
B200954,IT,21,500000.0,386076.52,22.78,1,0,88564.77,52.08,0
B209731,Food,20,701162.25,576554.3,17.77,0,0,93515.51,43.8,0
B202563,Healthcare,26,500000.0,381856.07,23.63,0,0,37452.18,52.86,0
B208480,IT,20,500000.0,358709.8,28.26,0,0,,52.81,0
B206220,IT,3,500000.0,339334.24,32.13,0,0,82907.57,42.22,0
B207747,Healthcare,26,500000.0,356971.68,28.61,0,0,129754.59,52.75,0
B203822,Services,20,500000.0,328964.33,34.21,0,0,106863.98,46.34,0
B206111,Services,17,500000.0,370447.12,25.91,0,0,14181.17,43.44,0
B202387,IT,11,500000.0,367919.39,26.42,1,0,95205.77,44.13,0
B209096,Retail,24,500000.0,399967.39,20.01,0,0,66937.8,53.26,0
B203225,Retail,28,500000.0,409707.53,18.06,0,0,55561.19,53.38,0
B207666,Retail,30,500000.0,394830.16,21.03,0,0,74055.32,56.03,0
B207854,Food,33,500000.0,367760.34,26.45,0,0,71995.91,53.76,0
B205681,Retail,11,500000.0,446761.48,10.65,0,0,79607.95,58.55,0
B203676,Retail,25,500000.0,432738.25,13.45,0,0,32368.14,57.43,0
B208840,it,20,500000.0,402154.28,19.57,0,0,36074.31,53.44,0
B206940,Services,24,500000.0,375049.77,24.99,0,0,61697.49,48.93,0
B201543,Food,32,500000.0,403934.24,19.21,1,1,25759.61,65.88,1
B208341,Manufacturing,56,500000.0,370905.58,25.82,1,0,48513.59,55.15,0
B201089,Manufacturing,54,500000.0,338682.95,32.26,1,0,86001.44,46.39,0
B201756,Services,48,622589.0,416855.38,33.04,1,0,116341.29,44.22,0
B200531,Services,14,500000.0,422342.15,15.53,0,0,66713.6,54.66,0
B208133,Manufacturing,61,500000.0,434066.61,13.19,0,0,39619.79,47.79,0
B208980,Retail,47,500000.0,460342.02,7.93,0,0,26427.94,62.36,1
B203936,IT,6,500000.0,309060.04,38.19,0,0,51399.61,39.49,0
B207800,Services,19,500000.0,410918.06,17.82,0,0,58367.2,51.41,0
B206056,Services,13,500000.0,374989.15,25.0,0,0,88004.69,53.37,0
B209583,,10,500000.0,398379.29,20.32,0,0,44016.61,55.29,0
B204265,Retail,40,500000.0,423781.77,15.24,1,0,63909.78,54.04,0
B200872,Services,32,500000.0,375510.8,24.9,0,0,64839.69,48.48,0
B200201,Manufacturing,40,500000.0,1431570.56,24.89,1,0,109434.02,47.26,0
B206634,Retail,34,832017.66,725733.45,12.77,1,1,68358.23,71.86,1
B209041,Services,20,500000.0,369957.71,26.01,0,0,92952.1,45.42,0
B200654,Retail,53,500000.0,391826.01,21.63,0,0,41839.89,49.71,0
B204980,Retail,23,500000.0,406998.4,,1,0,77173.95,47.06,0
B204443,Services,7,500000.0,404464.55,19.11,0,0,110796.12,55.12,0
B208426,Healthcare,26,500000.0,374071.17,25.19,0,0,,47.79,0
B206426,Services,14,500000.0,339384.97,32.12,0,0,92843.14,39.34,0
B209498,Services,13,500000.0,370041.88,25.99,0,0,70609.72,45.76,0
B208436,Food,26,500000.0,405841.83,18.83,1,0,28379.89,61.79,1
B201183,Healthcare,15,500000.0,414632.83,17.07,0,0,78920.47,51.98,0
B201140,Food,14,500000.0,425553.39,14.89,1,0,88168.51,52.16,0
B200564,Healthcare,49,500000.0,393339.78,21.33,0,0,64923.62,47.71,0
B209826,Services,13,500000.0,390208.47,21.96,1,0,45378.52,52.41,0
B205152,IT,29,500000.0,347365.24,30.53,1,0,41908.84,41.89,0
B208539,Retail,40,500000.0,403028.84,19.39,0,0,,56.78,0
B209667,Healthcare,24,500000.0,390528.73,21.89,1,0,75366.43,53.01,0
B203907,Manufacturing,51,500000.0,365835.0,26.83,0,0,51024.72,53.18,0
B206654,IT,10,500000.0,348848.87,30.23,0,0,84305.34,47.9,0
B203466,Food,13,500000.0,429709.66,14.06,0,0,53699.35,51.42,0
B202852,Healthcare,38,500000.0,390033.7,21.99,0,0,106591.05,51.94,0
B203374,Manufacturing,53,500000.0,351294.33,29.74,1,1,76148.39,61.32,1
B201229,Services,3,500000.0,358743.35,28.25,1,0,100454.63,38.94,0
B208472,Retail,31,500000.0,373999.21,25.2,1,0,,41.97,0
B207164,Manufacturing,49,500000.0,377556.4,24.49,1,0,87823.19,49.32,0
B207001,Manufacturing,50,500000.0,374157.43,,0,0,83215.52,48.19,0
B202005,IT,14,500000.0,359294.47,28.14,0,0,91512.67,46.44,0
B208186,Healthcare,9,500000.0,341602.83,31.68,1,0,72159.96,55.08,0
B200446,Food,53,500000.0,363717.51,,1,0,72522.0,50.23,0
B200335,Services,25,500000.0,347146.84,30.57,1,0,94291.06,49.56,0
B202971,Manufacturing,48,500000.0,374947.08,25.01,1,0,107659.11,47.12,0
B206720,Healthcare,22,500000.0,357328.59,28.53,0,0,139351.76,57.39,0
B201760,Manufacturing,41,500000.0,359074.78,28.19,0,0,,53.21,0
B201153,Food,6,500000.0,397278.15,20.54,1,0,60947.3,52.69,0
B207083,Retail,17,500000.0,453095.7,9.38,1,0,61627.33,62.75,1
B201019,Manufacturing,38,500000.0,359526.97,28.09,0,0,61536.07,52.66,0
B202435,Food,20,695079.6,528399.58,23.98,1,0,69255.79,45.18,0
B209144,Healthcare,16,500000.0,382679.8,23.46,0,0,59450.96,56.39,0
B204717,Food,3,500000.0,374721.54,25.06,1,0,55084.98,47.56,0
B205041,,20,500000.0,349176.01,30.16,0,0,140490.31,55.95,0
B206666,Retail,45,500000.0,442816.05,11.44,0,0,57405.11,53.65,0
B200955,Services,37,500000.0,417769.01,,0,0,57154.96,58.5,0
B204468,Services,7,500000.0,402881.55,19.42,0,0,55970.61,55.52,0
B208729,Food,20,500000.0,421448.64,15.71,0,0,59175.91,49.83,0
B206003,Manufacturing,40,500000.0,392331.1,21.53,0,0,80321.01,46.45,0
B202430,Services,13,567301.68,456622.19,19.51,0,0,121497.89,55.73,0
B202324,Manufacturing,47,500000.0,345302.96,30.94,1,0,78186.29,48.41,0
B205381,Food,8,500000.0,410761.71,17.85,1,0,71857.89,50.62,0
B203454,Food,3,500000.0,361725.78,27.65,1,0,78485.98,49.18,0
B204062,Food,8,500000.0,444281.52,11.14,0,0,58663.87,55.54,0
B203357,Healthcare,20,500000.0,367150.57,26.57,0,0,98822.18,56.31,0
B209100,Manufacturing,48,500000.0,385673.37,,1,0,94431.37,44.8,0
B208051,,39,500000.0,390401.9,21.92,0,0,78483.2,45.48,0
B207766,Food,27,500000.0,389951.66,22.01,1,0,93968.63,52.2,0
B203442,Manufacturing,48,500000.0,367378.77,26.52,0,0,111409.48,50.69,0
B208680,Services,24,500000.0,386512.66,22.7,0,0,73507.92,43.55,0
B205224,Manufacturing,40,500000.0,396078.49,20.78,0,0,62063.64,46.57,0
B201532,Food,26,500000.0,356818.59,28.64,0,0,78905.17,54.63,0
B209673,healthcare,36,500000.0,406009.32,18.8,0,0,39358.58,49.9,0
B203777,nan,15,500000.0,400660.78,19.87,0,0,85668.52,51.33,0
B200058,Food,3,500000.0,362923.81,27.42,1,0,241753.8,43.54,0
B208996,Food,24,500000.0,359623.32,28.08,0,0,78942.13,51.0,0
B202666,Healthcare,11,500000.0,388517.52,22.3,0,0,101685.03,52.11,0
B208910,Food,20,500000.0,391640.39,21.67,1,0,76472.55,44.96,0
B200555,Retail,18,500000.0,385954.14,22.81,0,0,,49.72,0
B205613,,27,500000.0,403467.14,19.31,0,0,79591.3,51.07,0
B204329,IT,19,500000.0,346500.56,30.7,1,0,119309.07,44.67,0
B208074,Services,24,500000.0,364834.16,27.03,0,0,123726.58,50.75,0
B205130,IT,27,500000.0,357778.12,28.44,0,0,59296.39,43.15,0
B208409,Services,24,500000.0,431459.62,13.71,1,0,103000.82,48.79,0
B206979,Services,30,500000.0,396838.72,20.63,0,0,114954.25,47.94,0
B204565,Manufacturing,38,500000.0,355077.44,28.98,0,0,126276.7,54.28,0
B208782,Healthcare,16,500000.0,2399603.01,30.91,0,0,65548.63,53.32,0
B202857,Retail,36,500000.0,428681.71,14.26,0,0,53648.47,47.56,0
B207541,Retail,23,500000.0,400572.62,19.89,1,0,75833.57,48.61,0
B200480,Food,8,500000.0,354383.26,,0,0,119228.7,42.78,0
B206423,retail,52,500000.0,415792.07,16.84,1,0,56678.51,54.09,0
B208562,Healthcare,23,500000.0,371850.64,25.63,0,0,76052.99,51.98,0
B201903,Healthcare,38,500000.0,437116.57,12.58,1,0,74948.64,61.06,1
B204359,Services,14,500000.0,418100.47,16.38,1,0,48777.76,54.23,0
B203896,,36,500000.0,395840.23,20.83,1,0,338334.34,56.31,0
B208957,Manufacturing,47,500000.0,442107.73,11.58,1,0,,58.23,0
B201959,Services,15,1017974.23,762076.97,25.14,0,0,184255.2,49.5,0
B206121,IT,15,500000.0,400599.84,19.88,0,0,82586.62,50.78,0
B200118,Food,20,500000.0,411881.8,17.62,1,1,18283.41,79.43,1
B208834,Food,5,500000.0,406403.25,18.72,0,0,84847.32,54.23,0
B200112,Food,19,500000.0,330809.93,33.84,0,0,103021.65,46.68,0
B208992,Services,33,500000.0,428183.6,14.36,1,0,72291.12,52.3,0
B201017,Services,12,500000.0,351679.14,29.66,0,0,72658.85,49.34,0
B203299,Services,3,500000.0,423732.87,15.25,0,0,72096.76,51.7,0
B206226,Healthcare,16,500000.0,354119.07,29.18,0,0,67356.58,43.09,0
B205852,IT,28,500000.0,364224.8,27.16,1,0,,54.1,0
B207126,Retail,29,500000.0,451681.43,9.66,0,0,32720.31,66.32,1
B200973,Healthcare,5,500000.0,330167.01,33.97,0,0,132120.68,46.1,0
B205452,Manufacturing,29,500000.0,318492.5,36.3,1,1,75263.34,57.73,0
B208517,Services,10,500000.0,418690.42,16.26,0,0,466237.09,58.53,0
B203104,Food,26,500000.0,374902.84,25.02,0,0,85710.69,52.42,0
B205209,Retail,17,500000.0,397848.68,20.43,0,0,68359.53,53.02,0
B200458,Services,17,500000.0,365724.24,26.86,0,0,105032.4,62.27,1
B206724,Manufacturing,56,500000.0,453811.43,9.24,0,0,22811.81,51.76,0
B200947,Manufacturing,64,1861785.73,393868.68,21.23,0,0,37101.58,55.03,0
B200241,Retail,37,500000.0,414464.9,17.11,1,1,62531.09,59.34,0
B206014,Services,32,500000.0,388012.51,22.4,1,0,98860.63,43.84,0
B200711,IT,35,528024.73,353417.44,33.07,0,0,37566.75,37.87,0
B201816,Manufacturing,30,812853.53,705742.42,13.18,1,0,47253.84,60.34,1
B206976,Services,31,500000.0,377303.89,24.54,0,0,,60.11,1
B203817,Manufacturing,53,500000.0,426705.27,14.66,1,1,52236.26,74.44,1
B206283,IT,27,500000.0,351279.56,29.74,0,0,,53.87,0
B209474,Retail,21,500000.0,441859.51,11.63,0,0,35221.35,63.57,1
B205374,Retail,30,500000.0,385392.2,22.92,0,0,84747.54,54.5,0
B209409,,40,500000.0,388203.88,22.36,0,0,102546.74,51.28,0
B208651,Healthcare,11,500000.0,362383.74,27.52,1,0,74116.57,47.8,0
B202452,Services,22,541649.28,415016.45,23.38,0,0,99251.62,50.69,0
B207072,Food,24,500000.0,457527.73,8.49,1,1,235845.99,61.02,1
B206805,IT,18,500000.0,330884.84,33.82,0,0,66415.25,37.39,0
B202554,IT,15,500000.0,365318.28,26.94,0,0,82630.51,49.07,0
B202064,Retail,30,500000.0,451168.47,9.77,0,0,48666.88,53.11,0
B203253,food,3,1980333.84,373424.87,,0,0,59093.72,51.0,0
B202151,Retail,37,500000.0,440416.41,11.92,1,0,86929.93,55.96,0
B207627,Retail,21,500000.0,439862.09,12.03,0,0,49197.22,56.58,0
B206475,Manufacturing,44,1576219.72,411573.1,17.69,1,0,91922.48,54.67,0
B209563,Manufacturing,45,500000.0,408172.09,18.37,1,0,65200.91,56.82,0
B201833,,31,500000.0,365010.87,27.0,0,0,110337.83,52.7,0
B204598,Retail,16,500000.0,426527.09,14.69,1,0,68746.53,56.78,0
B203097,Retail,5,500000.0,411551.74,17.69,1,1,86207.93,60.72,1
B201712,Healthcare,13,500000.0,382714.19,23.46,0,0,74353.7,50.97,0
B201293,Manufacturing,51,711302.03,572177.74,19.56,0,0,58649.79,51.43,0
B208818,Services,24,500000.0,421038.73,15.79,0,0,69019.33,57.3,0
B207754,IT,12,500000.0,337897.8,32.42,1,0,91675.84,46.56,0
B201766,,36,500000.0,421578.41,15.68,0,0,67462.89,48.12,0
B200256,Services,5,500000.0,356913.36,28.62,0,0,80922.68,54.74,0
B209549,Retail,30,500000.0,430339.47,13.93,0,0,55391.14,57.14,0
B204295,Retail,32,500000.0,412700.46,17.46,1,1,113035.21,69.85,1
B208112,Retail,53,500000.0,452838.94,9.43,1,0,59552.39,55.07,0
B205242,IT,25,1737641.52,380411.17,23.92,0,0,71269.15,49.55,0
B200191,Services,3,500000.0,386262.69,22.75,0,0,64077.01,55.03,0
B209672,,3,500000.0,343137.44,,0,0,71788.29,38.47,0
B208544,Retail,42,500000.0,407122.57,18.58,0,0,46136.84,45.59,0
B202023,Food,17,500000.0,321377.28,35.72,0,0,113346.66,43.58,0
B201172,Services,19,500000.0,363586.29,27.28,1,0,66960.22,46.9,0
B205948,Services,5,500000.0,356266.89,28.75,0,0,84355.15,45.6,0
B206664,Retail,16,500000.0,445845.63,10.83,0,0,59266.92,50.64,0
B201161,Manufacturing,31,500000.0,393424.24,21.32,1,1,51950.47,74.37,1
B207670,Retail,33,500000.0,430950.39,13.81,1,1,55821.86,74.92,1
B207085,Healthcare,20,500000.0,387861.98,22.43,0,0,78450.48,60.0,1
B201735,Healthcare,3,500000.0,402483.16,19.5,0,0,59283.76,46.58,0
B201968,Services,37,500000.0,300580.99,39.88,0,0,105398.92,39.25,0
B203608,Services,42,500000.0,330239.5,33.95,0,0,97752.56,45.74,0
B203938,Healthcare,36,500000.0,374849.71,25.03,0,0,71284.26,50.53,0
B205584,Food,3,500000.0,419035.27,16.19,0,0,97612.41,44.87,0
B205271,Manufacturing,35,500000.0,442090.65,11.58,0,0,26702.14,52.87,0
B209596,Manufacturing,31,500000.0,396197.03,20.76,0,0,69634.54,56.83,0
B206668,Healthcare,23,500000.0,378023.75,24.4,1,0,,53.22,0
B208412,,12,500000.0,377379.84,24.52,0,0,96878.81,46.62,0
B208270,Services,19,500000.0,360304.65,27.94,0,0,47347.35,41.66,0
B206755,Retail,24,500000.0,461747.74,7.65,0,0,58406.68,61.54,1
B206560,Food,27,500000.0,413253.37,17.35,0,0,57403.93,49.95,0
B203342,IT,4,500000.0,374978.92,25.0,0,0,41406.93,52.14,0
B202074,Manufacturing,65,500000.0,436031.4,,0,0,218511.55,53.24,0
B204964,Healthcare,15,500000.0,350932.51,,0,0,,44.66,0
B206024,IT,3,500000.0,351082.29,29.78,0,0,119928.59,44.99,0
B202106,Services,11,500000.0,411128.63,17.77,1,0,36228.06,47.64,0
B201354,Services,21,500000.0,403170.16,19.37,0,0,69571.01,51.94,0
B207509,Retail,31,500000.0,459075.37,8.18,0,0,21732.8,47.02,0
B208306,Retail,26,500000.0,378986.77,24.2,0,0,102183.18,57.38,0
B202646,Retail,4,500000.0,397307.1,20.54,0,0,74606.81,48.4,0
B208712,Retail,19,509467.91,452965.74,11.09,0,0,75106.78,56.0,0
B201946,Retail,29,500000.0,376107.12,,0,0,40935.85,45.45,0
B208807,Retail,40,500000.0,419047.08,16.19,1,0,83651.95,48.12,0
B203308,IT,13,933417.59,659722.8,29.32,0,0,133578.7,55.36,0
B200920,Manufacturing,47,500000.0,339469.35,32.11,1,0,80168.21,48.03,0
B209935,Services,20,500000.0,323499.51,35.3,0,0,88098.56,45.94,0
B202032,Retail,19,500000.0,1283985.94,22.9,0,0,44073.11,41.5,0
B207103,Healthcare,12,500000.0,390645.92,21.87,0,0,86879.08,48.02,0
B208217,Manufacturing,40,500000.0,450327.78,9.93,1,0,67054.33,55.93,0
B209030,Services,34,500000.0,280588.47,43.88,0,0,141065.91,41.75,0
B202940,Food,3,500000.0,405406.83,18.92,0,0,99772.52,44.49,0
B208668,,9,500000.0,400491.89,19.9,0,0,63678.22,53.76,0
B203675,Services,13,500000.0,402068.49,19.59,1,1,91402.01,74.04,1
B202801,Manufacturing,34,688323.24,579082.31,15.87,1,0,88235.52,50.78,0
B202481,Manufacturing,41,530758.57,385847.88,27.3,0,0,110700.82,53.92,0
B207107,Healthcare,8,500000.0,362853.72,27.43,1,0,63942.49,51.46,0
B209007,Food,3,500000.0,432250.6,13.55,0,0,64276.05,66.28,1
B209315,Retail,49,500000.0,443336.2,11.33,1,0,50762.84,50.3,0
B208639,Retail,28,500000.0,392311.07,21.54,0,0,66750.48,44.4,0
B206838,Food,18,500000.0,372030.13,,0,0,45674.27,41.01,0
B202635,Retail,10,500000.0,511932.62,-2.39,0,0,38258.58,58.24,0
B203301,Retail,31,500000.0,442334.94,11.53,0,0,67631.48,65.05,1
B206436,Services,13,500000.0,419994.47,16.0,1,0,57804.44,51.43,0
B204866,IT,21,500000.0,346980.68,30.6,0,0,59693.18,51.52,0
B206665,Services,34,500000.0,398834.93,20.23,0,0,108334.05,54.12,0
B208521,Manufacturing,37,500000.0,393341.08,21.33,0,0,67027.59,50.31,0
B205915,IT,26,500000.0,353127.2,29.37,0,0,,55.76,0
B208514,Services,9,500000.0,445398.06,10.92,0,0,71486.49,60.23,1
B200887,Retail,35,500000.0,445397.41,10.92,0,0,41852.09,53.86,0
B201547,Food,15,500000.0,386623.49,,1,0,40466.63,48.46,0
B206568,Manufacturing,40,500000.0,357496.43,28.5,0,0,105455.8,46.71,0
B206686,IT,48,500000.0,351577.29,29.68,0,0,93707.72,42.49,0
B204104,Healthcare,24,500000.0,419105.53,16.18,1,0,60288.37,51.2,0
B204953,Retail,27,500000.0,452461.96,9.51,0,0,41002.48,59.5,0
B208168,Food,28,500000.0,435739.2,12.85,0,0,53780.88,53.05,0
B200558,Retail,21,500000.0,428936.96,14.21,0,0,49656.1,57.42,0
B209668,Services,25,500000.0,397559.2,,0,0,41476.33,59.07,0
B206400,Manufacturing,39,560201.75,396993.25,29.13,0,0,58897.22,49.37,0
B209515,Services,18,500000.0,376298.79,24.74,0,0,101514.12,56.33,0
B207197,Retail,19,500000.0,437969.11,12.41,0,0,51993.84,50.13,0
B208646,IT,17,500000.0,358199.52,28.36,0,0,84740.15,54.42,0
B201167,Retail,37,500000.0,389174.54,22.17,0,0,92833.04,54.33,0
B205399,Retail,33,500000.0,428735.22,14.25,1,0,72273.14,56.9,0
B209946,Retail,52,500000.0,417379.47,16.52,0,0,104729.83,54.4,0
B208945,Food,23,500000.0,380883.76,23.82,0,0,69609.58,58.15,0
B209204,Manufacturing,34,500000.0,373425.71,25.31,0,0,101740.08,50.14,0
B201912,Retail,27,500000.0,391094.16,21.78,0,0,112889.38,50.24,0
B206553,Services,6,500000.0,397765.07,20.45,0,0,,46.19,0
B201291,Services,8,500000.0,361400.63,27.72,0,0,80936.61,50.21,0
B207487,Retail,20,500000.0,416450.1,16.71,0,0,45700.8,54.57,0
B209945,Services,32,500000.0,384041.27,23.19,0,0,92616.3,47.4,0
B209057,IT,34,500000.0,354850.61,29.03,0,0,,52.61,0
B200290,Services,19,500000.0,360400.91,27.92,0,0,85388.89,43.45,0
B205745,Services,7,1236215.14,937541.92,24.16,0,0,217525.46,47.58,0
B202478,Retail,39,500000.0,379408.79,24.12,0,0,49292.94,47.87,0
B205612,Services,20,500000.0,396763.33,20.65,1,0,61244.36,46.83,0
B203159,Retail,22,500000.0,430381.53,13.92,0,0,67232.42,64.02,1
B203639,Retail,24,500000.0,426865.57,14.63,1,0,53019.94,59.49,0
B204029,Retail,29,500000.0,397308.22,20.54,0,0,104058.69,47.66,0
B200899,Retail,35,500000.0,2570304.19,22.11,0,0,24982.8,43.8,0
B200248,Services,5,500000.0,395802.98,20.84,0,0,39705.11,39.47,0
B208943,Manufacturing,19,500000.0,395076.95,20.98,0,0,78415.05,50.81,0
B204487,Manufacturing,41,500000.0,372791.3,25.44,0,0,70410.3,42.95,0
B202509,Healthcare,32,500000.0,1453116.12,36.73,0,0,87474.43,37.08,0
B208106,Food,20,500000.0,353692.25,29.26,0,0,54131.47,34.54,0
B205969,,40,500000.0,335077.88,32.98,0,0,99610.96,53.51,0
B206850,Retail,10,500000.0,453982.36,9.2,0,0,32266.57,54.24,0
B200855,Healthcare,12,500000.0,427459.05,14.51,0,0,71107.76,53.22,0
B207894,Healthcare,28,500000.0,400551.73,19.89,1,0,46482.17,51.81,0
B205195,Healthcare,3,500000.0,433446.46,13.31,1,0,81239.29,52.63,0
B207207,Manufacturing,25,500000.0,403234.71,19.35,0,0,63970.26,59.1,0
B209662,Retail,34,512464.94,445043.35,13.16,1,1,46688.09,72.94,1
B207808,Services,19,500000.0,338773.8,32.25,0,0,120827.87,47.7,0
B209210,Services,10,500000.0,333956.21,33.21,0,0,56339.6,54.59,0
B205296,Food,22,500000.0,334689.08,33.06,0,0,95169.38,43.3,0
B203314,Manufacturing,30,500000.0,388406.54,22.32,0,0,101044.96,44.86,0
B205060,Manufacturing,26,500000.0,373088.08,25.38,0,0,81195.01,45.2,0
B206044,Manufacturing,46,500000.0,377405.66,24.52,0,0,91997.1,47.55,0
B204895,Services,22,500000.0,374733.45,25.05,0,0,78295.49,47.86,0
B208603,Services,5,500000.0,313307.28,37.34,1,0,151415.39,38.88,0
B200208,Food,26,500000.0,399623.62,20.08,1,0,42669.18,51.76,0
B201539,Services,15,500000.0,408745.7,18.25,0,0,31337.55,47.59,0
B209027,Manufacturing,43,500000.0,425180.87,14.96,0,0,47298.27,58.46,0
B205814,Services,3,661772.45,502314.92,24.1,1,0,112668.79,53.2,0
B206960,Food,46,500000.0,384725.25,23.05,0,0,831878.05,47.08,0
B206730,Manufacturing,49,500000.0,416018.59,16.8,0,0,237785.31,54.5,0
B201803,Retail,20,500000.0,418129.56,16.37,0,0,73684.7,57.45,0
B201263,Retail,17,500000.0,400525.51,19.89,0,0,68370.83,54.29,0
B206604,Food,11,500000.0,401376.54,19.72,0,0,70481.89,53.63,0
B203029,IT,18,554843.77,407602.45,26.54,0,0,110720.21,57.04,0
B208927,IT,12,500000.0,376614.5,24.68,1,0,78398.86,54.41,0
B208289,Healthcare,13,500000.0,367960.84,26.41,1,0,104098.83,46.67,0
B204761,Manufacturing,32,500000.0,385731.55,22.85,0,0,95593.09,51.93,0
B202080,Retail,39,500000.0,431342.6,13.73,0,0,76869.64,52.02,0
B203659,Food,28,500000.0,340699.66,,0,0,42008.84,49.46,0
B208315,Healthcare,18,500000.0,443556.28,11.29,0,0,62674.84,52.1,0
B207104,Retail,22,500000.0,369467.39,26.11,0,0,65710.2,47.67,0
B204302,IT,17,500000.0,355164.22,28.97,0,0,102727.88,53.45,0
B209192,Food,26,500000.0,365341.39,26.93,0,0,60503.64,40.69,0
B203727,Food,14,500000.0,411552.08,17.69,0,0,39703.89,42.24,0
B207199,Services,30,500000.0,384878.33,23.02,0,0,103074.29,52.26,0
B205651,Food,25,500000.0,403679.06,,0,0,31977.67,55.21,0
B203593,Manufacturing,67,500000.0,418763.67,16.25,0,0,56845.72,44.72,0
B208504,Manufacturing,29,500000.0,395801.22,20.84,1,0,85931.18,56.12,0
B201970,,10,500000.0,420291.28,15.94,0,0,86889.71,56.51,0
B205372,Healthcare,29,500000.0,397003.68,20.6,0,0,65953.38,50.14,0
B208866,Manufacturing,37,500000.0,395920.5,20.82,1,1,59969.99,61.58,1
B200994,Healthcare,3,3177805.09,369394.54,26.12,0,0,140407.28,47.19,0
B206183,Retail,33,574480.45,439833.4,23.44,0,0,,52.38,0
B203796,IT,14,500000.0,360776.27,27.84,0,0,78727.92,36.61,0
B202310,Manufacturing,39,500000.0,383456.3,23.31,1,0,106539.04,51.4,0
B202685,IT,33,500000.0,327282.32,34.54,0,0,80198.52,44.53,0
B202365,Healthcare,3,500000.0,358657.07,28.27,0,0,74771.69,54.2,0
B202264,Manufacturing,40,500000.0,384762.92,23.05,0,0,43974.5,46.28,0
B208323,Healthcare,3,500000.0,367971.0,26.41,0,0,118340.45,44.51,0
B206293,Services,17,504267.98,385710.33,23.51,0,0,63097.24,50.76,0
B208789,,39,500000.0,429307.13,14.14,0,0,44997.91,60.2,1
B209039,Retail,28,500000.0,412440.2,17.51,0,0,71588.05,51.68,0
B200559,Retail,46,500000.0,448871.53,10.23,0,0,63077.54,55.62,0
B203755,IT,14,500000.0,356473.06,28.71,0,0,87520.24,48.19,0
B201250,Manufacturing,34,500000.0,386256.97,22.75,1,0,67266.12,59.19,0
B207741,IT,55,500000.0,350945.23,29.81,0,0,80037.0,39.05,0
B204685,Manufacturing,36,500000.0,367481.02,26.5,0,0,90532.89,41.78,0
B207244,Food,10,500000.0,448969.18,10.21,0,0,67407.06,68.92,1
B206348,Manufacturing,41,500000.0,425184.55,14.96,0,0,89340.59,50.34,0
B205627,Healthcare,23,500000.0,412891.82,17.42,0,0,73749.58,56.72,0
B207115,,22,500000.0,423449.94,15.31,0,0,65213.82,48.7,0
B209055,,15,500000.0,356080.26,28.78,0,0,63146.18,49.55,0
B209458,Food,15,500000.0,401899.24,19.62,0,0,36111.31,49.95,0
B204646,,45,500000.0,343274.14,31.35,0,0,81408.27,40.08,0
B201852,Services,24,500000.0,449858.56,10.03,1,0,51624.75,61.88,1
B202933,,20,509602.06,333932.93,34.47,0,0,97157.36,47.53,0
B204326,Food,22,500000.0,365866.28,26.83,0,0,63889.91,50.02,0
B201649,Healthcare,34,500000.0,382695.07,23.46,0,0,71138.17,50.22,0
B209790,IT,27,516510.88,373169.22,27.75,0,0,46456.89,45.93,0
B207352,Services,15,500000.0,421603.78,15.68,1,0,68613.42,51.74,0
B202907,Retail,64,500000.0,437566.28,12.49,0,0,47536.07,57.96,0
B202453,Manufacturing,47,500000.0,432799.96,13.44,0,0,65101.12,59.06,0
B206367,Retail,14,500000.0,404274.45,19.15,0,0,76514.46,57.56,0
B206810,it,6,500000.0,330526.4,33.89,1,0,61633.6,42.8,0
B203847,Healthcare,38,500000.0,374843.72,,0,0,77935.46,51.57,0
B203192,Manufacturing,40,500000.0,404575.0,19.09,0,0,59888.16,55.47,0
B200405,Retail,27,500000.0,464897.73,7.02,0,0,52632.36,71.55,1
B208246,Manufacturing,52,500000.0,369993.32,26.0,0,0,73111.73,44.5,0
B209725,Food,28,500000.0,395483.97,20.9,0,0,,53.52,0
B201898,Food,9,500000.0,385381.14,22.92,0,0,61203.65,52.05,0
B202473,Retail,45,500000.0,399007.38,20.2,1,0,87379.33,39.75,0
B202398,Manufacturing,55,556326.75,465166.67,16.39,1,1,80648.38,73.08,1
B202401,Manufacturing,28,500000.0,373912.16,25.22,1,0,92566.57,49.03,0
B201908,Services,15,746238.63,547051.72,26.69,0,0,663080.91,55.88,0
B208954,Retail,23,500000.0,415295.79,,1,0,87936.44,59.33,0
B204978,Manufacturing,46,500000.0,415028.77,16.99,0,0,293967.07,49.53,0
B205376,Manufacturing,56,500000.0,361370.25,27.73,1,0,83115.49,50.46,0
B201151,Food,3,500000.0,389910.94,22.02,1,0,100660.78,40.96,0
B202433,Services,3,500000.0,374095.97,25.18,0,0,88364.32,47.45,0
B208153,Retail,47,500000.0,414556.97,17.09,0,0,78322.31,52.69,0
B201580,Retail,12,500000.0,390234.49,21.95,0,0,105757.47,57.31,0
B205141,,17,500000.0,434025.07,13.19,1,0,72193.79,59.5,0
B204596,Food,17,500000.0,392900.46,21.42,0,0,57760.13,55.32,0
B209417,IT,23,500000.0,324390.25,35.12,0,0,78480.2,41.0,0
B209643,IT,26,505993.69,403218.81,20.31,0,0,75149.1,63.16,1
B201379,Manufacturing,18,500000.0,401224.34,19.76,1,0,31520.93,58.25,0
B208384,Services,18,500000.0,351437.62,29.71,0,0,107768.4,48.45,0
B204077,Food,32,500000.0,425949.07,14.81,1,1,,68.48,1
B208768,Healthcare,40,500000.0,370269.84,25.95,0,0,74462.85,58.56,0
B206688,Food,36,500000.0,392345.01,21.53,0,0,99600.79,43.56,0
B205284,Food,13,500000.0,410904.67,17.82,0,0,54130.27,47.08,0
B208824,Retail,39,500000.0,383369.02,23.33,0,0,70156.89,47.73,0
B202382,Food,37,500000.0,412024.96,17.6,1,0,49124.51,53.07,0
B207770,Retail,58,543268.87,431421.48,20.59,0,0,67793.33,52.83,0
B207097,Manufacturing,54,500000.0,391780.52,21.64,0,0,93836.81,53.71,0
B205491,it,13,500000.0,1823021.05,32.12,0,0,121961.5,49.23,0
B209522,Healthcare,11,564978.03,2507783.3,26.31,0,0,65822.39,42.18,0
B202455,Healthcare,3,500000.0,337645.9,32.47,0,0,116500.72,42.5,0
B206068,Healthcare,3,500000.0,367535.29,26.49,0,0,60069.73,54.24,0
B202060,Food,29,500000.0,392934.44,21.41,0,0,55931.16,54.43,0
B204944,Services,33,500000.0,384980.71,23.0,0,0,102450.25,42.06,0
B205312,Healthcare,20,500000.0,392731.38,21.45,0,0,82654.11,48.86,0
B200087,Retail,30,500000.0,363575.38,27.28,0,0,66999.96,44.28,0
B203738,Services,5,500000.0,340078.59,31.98,0,0,,43.62,0
B204123,Services,17,758924.68,520494.33,31.42,0,0,171354.51,41.94,0
B206448,Retail,28,500000.0,447047.02,10.59,1,0,39850.33,56.82,0
B206478,Retail,40,500000.0,436602.12,12.68,0,0,59480.23,53.72,0
B205778,Food,10,500000.0,392146.05,21.57,1,0,32466.52,47.23,0
B203300,Retail,3,500000.0,372507.25,25.5,1,0,69977.58,45.59,0
B204970,Manufacturing,63,500000.0,399595.48,20.08,0,0,82736.73,59.73,0
B207653,Food,11,500000.0,410465.45,17.91,0,0,69953.38,57.81,0
B205634,Services,34,500000.0,366177.09,26.76,1,0,74703.13,52.4,0
B206500,Food,25,500000.0,406622.0,18.68,1,0,69705.79,59.64,0
B204260,Food,31,500000.0,400105.73,19.98,0,0,42121.01,52.11,0
B202947,Manufacturing,62,500000.0,443950.21,11.21,1,0,43662.23,57.12,0
B202358,Services,12,500000.0,361928.49,27.61,0,0,114222.51,45.52,0
B201261,,30,500000.0,411419.42,17.72,1,0,68083.98,56.04,0
B206592,Retail,20,500000.0,432305.73,,0,0,100903.42,57.79,0
B201224,Retail,15,500000.0,380370.98,23.93,0,0,48309.63,52.42,0
B204013,Manufacturing,52,500000.0,412217.35,17.56,0,0,71179.75,56.28,0
B201775,Manufacturing,42,500000.0,333047.74,33.39,0,0,,51.55,0
B204577,Retail,11,500000.0,397411.94,20.52,1,0,80833.13,50.21,0
B203112,Manufacturing,44,500000.0,388648.92,22.27,0,0,82543.8,46.46,0
B203065,Services,13,500000.0,327354.71,34.53,0,0,85611.46,43.77,0
B204674,Manufacturing,54,500000.0,381996.07,23.6,1,0,59239.18,49.05,0
B200355,Manufacturing,33,500000.0,368826.5,26.23,0,0,121882.86,45.31,0
B209896,Retail,32,500000.0,406370.45,18.73,1,0,40399.12,50.0,0
B209156,Healthcare,18,500000.0,487098.66,2.58,0,0,29060.98,59.19,0
B207673,Retail,30,500000.0,428690.7,14.26,0,0,86022.8,54.28,0
B202898,Food,9,500000.0,403158.98,19.37,1,0,67449.57,45.6,0
B202120,Manufacturing,46,500000.0,409268.74,18.15,1,0,74805.54,60.8,1
B202325,Retail,45,500000.0,446790.58,10.64,0,0,34440.55,61.16,1
B209083,Manufacturing,29,500000.0,435542.8,12.89,1,0,66617.12,54.32,0
B200696,Food,50,500000.0,368632.79,26.27,0,0,85543.39,50.68,0
B204217,Services,24,500000.0,382648.33,23.47,1,0,64994.21,43.59,0
B200137,Services,5,500000.0,322102.1,,0,0,93396.47,42.5,0
B209981,Services,45,544029.2,389039.01,28.49,0,0,52017.81,46.65,0
B201277,Manufacturing,56,559955.68,469674.6,16.12,0,0,48009.08,52.11,0
B206880,IT,10,500000.0,354037.64,29.19,0,0,130329.77,53.06,0
B200066,Manufacturing,47,500000.0,351691.6,29.66,1,0,84895.97,42.09,0
B206528,Food,12,500000.0,437061.14,12.59,1,0,44577.36,53.94,0
B205822,retail,10,500000.0,489271.32,2.15,0,0,21282.71,62.5,1
B209978,Services,26,500000.0,344154.52,31.17,1,1,110044.95,65.1,1
B207528,Services,37,2915956.85,367968.72,26.41,0,0,78014.58,47.39,0
B207764,Services,9,567148.61,386134.02,31.92,0,0,55393.49,41.28,0
B206407,Food,17,500000.0,377107.84,24.58,0,0,92788.63,46.54,0
B209886,IT,21,500000.0,346213.47,30.76,1,0,63249.62,44.62,0
B208087,Retail,15,500000.0,388299.36,22.34,0,0,77852.58,54.6,0
B208154,Manufacturing,42,500000.0,339991.86,32.0,1,0,109391.99,44.65,0
B203284,Healthcare,13,500000.0,424452.38,15.11,1,0,51467.78,55.64,0
B209787,Services,9,500000.0,380994.11,23.8,0,0,,50.21,0
B203044,Food,3,500000.0,359736.3,28.05,0,0,69482.51,54.41,0
B201139,Food,12,500000.0,424649.85,15.07,0,0,57398.98,59.08,0
B201839,Manufacturing,31,500000.0,339722.8,32.06,1,0,,41.93,0
B205987,IT,5,500000.0,391678.33,21.66,0,0,51333.53,60.72,1
B201249,Manufacturing,58,500000.0,428759.5,14.25,1,0,84478.21,49.52,0
B201389,Food,21,500000.0,362747.52,27.45,0,0,126167.54,46.68,0
B205577,Retail,35,500000.0,437240.13,12.55,1,0,37606.31,55.09,0
B207024,Services,7,910186.85,684101.52,24.84,0,0,215693.13,56.81,0
B201442,Retail,22,500000.0,359786.61,28.04,1,1,104014.56,62.11,1
B204805,Retail,31,500000.0,390040.74,21.99,0,0,65485.53,53.22,0
B209511,Healthcare,27,500000.0,407475.24,18.5,0,0,51405.38,51.47,0
B205819,Retail,10,3361440.45,417576.91,20.84,0,0,33724.38,50.93,0
B201744,Healthcare,30,500000.0,380183.7,23.96,0,0,74939.76,51.47,0
B205157,Retail,24,500000.0,385214.55,22.96,0,0,79213.23,48.3,0
B204454,Healthcare,19,500000.0,439241.04,12.15,0,0,56189.76,48.25,0
B204584,Retail,28,500000.0,470717.96,5.86,0,0,18779.33,62.21,1
B206057,Healthcare,15,500000.0,373258.6,25.35,1,0,108205.08,48.96,0
B209477,Retail,16,500000.0,409681.59,18.06,1,0,47694.46,53.0,0
B205308,Food,24,500000.0,362609.7,27.48,1,0,85787.19,50.27,0
B205774,Healthcare,22,500000.0,458338.1,8.33,0,0,,52.21,0
B206691,Food,21,500000.0,408488.42,18.3,1,0,62622.38,46.57,0
B204437,Services,6,500000.0,359316.23,28.14,1,0,92424.55,48.11,0
B202675,Manufacturing,45,545213.65,404273.67,25.85,0,0,132481.89,50.49,0
B205359,Food,29,500000.0,421631.47,,1,0,63911.27,55.09,0
B209989,Services,20,500000.0,350222.36,29.96,0,0,291786.27,50.94,0
B201338,retail,28,500000.0,393983.46,21.2,0,0,93037.95,39.98,0
B208482,Retail,4,500000.0,418187.09,,1,0,73738.63,46.53,0
B201208,IT,23,500000.0,333084.36,33.38,1,0,131712.88,46.99,0
B206591,Manufacturing,28,500000.0,382908.59,23.42,1,0,81413.81,57.3,0
B201120,manufacturing,41,500000.0,428275.66,14.34,0,0,60737.16,54.4,0
B209340,Manufacturing,61,500000.0,393773.51,21.25,0,0,38193.95,48.35,0
B203241,Retail,18,500000.0,387496.04,22.5,1,0,113688.7,47.88,0
B209003,Food,13,500000.0,2299231.17,22.67,0,0,75281.0,53.9,0
B208380,Retail,19,500000.0,464417.76,7.12,0,0,297690.93,55.85,0
B205318,IT,32,500000.0,380628.3,23.87,1,1,62196.31,67.33,1
B209904,Manufacturing,61,500000.0,365452.49,26.91,0,0,112830.04,51.4,0
B202116,Retail,3,500000.0,425146.52,14.97,1,0,61043.17,55.41,0
B204529,Retail,42,500000.0,425341.94,14.93,0,0,40125.8,50.73,0
B209291,Food,11,555281.39,407027.61,26.7,1,0,75710.5,43.28,0
B208681,,11,500000.0,384370.76,23.13,0,0,95799.81,49.83,0
B201421,Retail,24,500000.0,377434.99,24.51,0,0,91457.61,51.96,0
B202031,IT,16,509638.6,382775.31,24.89,1,1,61556.71,57.7,0
B208044,healthcare,3,591346.85,468536.37,20.77,0,0,87856.22,56.81,0
B209157,,28,500000.0,422865.65,15.43,1,0,45011.02,51.5,0
B201247,IT,13,500000.0,363539.74,27.29,0,0,54483.75,44.95,0
B202601,Food,11,500000.0,385025.1,22.99,0,0,77511.65,50.93,0
B203190,IT,17,500000.0,370849.54,25.83,0,0,81621.02,50.21,0
B201399,Services,3,500000.0,362261.99,27.55,1,0,92421.47,46.01,0
B200989,Food,6,500000.0,405581.0,18.88,0,0,75816.95,41.27,0
B207888,Services,3,500000.0,350820.75,29.84,1,1,86701.78,54.69,0
B201230,Food,40,2286092.54,390453.87,21.91,0,0,74992.28,46.32,0
B209336,Retail,33,500000.0,452016.51,9.6,0,0,64167.19,60.24,1
B202800,Services,12,500000.0,332129.97,33.57,0,0,121361.29,45.16,0
B203132,Healthcare,8,500000.0,393939.52,21.21,0,0,50680.68,56.16,0
B207455,Services,35,500000.0,358879.75,28.22,0,0,72311.38,45.89,0
B200473,Services,29,500000.0,351643.14,29.67,0,0,60224.5,51.07,0
B208749,Services,34,500000.0,394152.46,21.17,0,0,67846.23,50.58,0
B202475,Food,44,500000.0,360448.25,27.91,0,0,89619.8,48.21,0
B207570,Food,47,500000.0,389939.76,22.01,0,0,47597.06,57.94,0
B201125,Services,12,500000.0,405421.16,18.92,0,0,39097.14,43.31,0
B207495,Retail,31,500000.0,379300.81,24.14,0,0,121332.58,51.64,0
B205281,Retail,17,500000.0,454573.27,9.09,1,0,36192.81,57.53,0
B206934,Retail,25,500000.0,401606.3,19.68,1,1,82721.98,73.44,1
B206461,Food,3,500000.0,339125.1,32.17,1,0,79899.67,49.32,0
B205118,Healthcare,39,500000.0,379127.3,24.17,0,0,68577.2,44.87,0
B200669,healthcare,33,500000.0,420267.94,15.95,0,0,65113.36,47.35,0
B208239,Manufacturing,74,500000.0,423931.25,15.21,1,0,67773.35,48.07,0
B203321,Food,19,500000.0,371898.72,25.62,1,0,87314.14,50.4,0
B207382,Retail,23,500000.0,412235.1,17.55,0,0,72932.82,53.4,0
B203347,Retail,26,500000.0,391345.81,21.73,0,0,111661.31,46.12,0
B208561,Services,21,500000.0,413734.91,17.25,1,0,,45.2,0
B201232,Services,42,500000.0,397584.87,20.48,0,0,65485.52,50.95,0
B204908,Retail,24,500000.0,439677.71,12.06,0,0,38391.16,51.5,0
B207700,Services,27,500000.0,315087.16,36.98,1,0,154037.86,46.39,0
B208313,Services,18,500000.0,340046.23,31.99,0,0,69898.11,46.55,0
B203999,Manufacturing,31,742985.77,533638.67,28.18,0,0,73642.8,49.02,0
B201319,,39,500000.0,422461.38,15.51,1,0,70553.91,54.09,0
B206185,Manufacturing,25,500000.0,398147.55,20.37,0,0,66097.52,48.39,0
B209956,Food,28,500000.0,378656.24,24.27,0,0,95295.42,51.07,0
B205981,IT,40,500000.0,372128.43,25.57,0,0,119839.49,45.83,0
B206048,Services,35,500000.0,375462.06,24.91,0,0,102306.5,54.27,0
B205196,Manufacturing,48,500000.0,438463.76,12.31,1,0,53080.84,50.55,0
B200677,Retail,17,500000.0,411917.72,17.62,1,0,56020.01,55.96,0
B209660,Services,10,500000.0,388855.47,22.23,1,0,67434.97,53.81,0
B202626,Food,35,500000.0,343844.67,31.23,0,0,68095.24,55.82,0
B207400,Healthcare,20,500000.0,382742.36,23.45,0,0,89572.52,51.83,0
B204545,Retail,36,500000.0,402103.16,19.58,1,0,85378.36,54.25,0
B203829,Manufacturing,41,500000.0,421334.54,15.73,0,0,62947.34,50.38,0
B206864,Services,23,500000.0,391642.32,21.67,0,0,69677.11,55.99,0
B201361,Manufacturing,40,500000.0,356469.79,28.71,1,0,84399.26,48.47,0
B203635,Food,37,500000.0,400892.25,19.82,0,0,58469.16,52.5,0
B209332,Retail,34,500000.0,384099.57,23.18,1,0,60249.43,51.42,0
B207366,Retail,47,500000.0,414056.71,17.19,0,0,69935.52,48.31,0
B200123,Services,24,500000.0,377269.74,24.55,0,0,,41.35,0
B209614,Food,29,500000.0,417141.23,16.57,0,0,201375.13,49.79,0
B206290,IT,3,500000.0,361339.83,27.73,1,0,264300.46,43.02,0
B209967,Healthcare,34,500000.0,404447.39,19.11,1,0,55277.29,46.49,0
B201703,Manufacturing,54,500000.0,425952.72,14.81,0,0,57086.96,59.8,0
B205840,Retail,23,3644021.73,513498.71,20.0,0,0,103238.94,46.71,0
B203071,Food,10,500000.0,380727.44,23.85,1,0,46505.31,49.82,0
B202536,Retail,43,500000.0,447693.2,10.46,0,0,70217.41,52.51,0
B200254,Retail,47,500000.0,422148.5,15.57,1,0,85843.66,50.66,0
B208054,,31,500000.0,370249.35,25.95,0,0,89303.66,37.21,0
B201067,Services,24,566312.83,398039.31,29.71,0,0,115060.42,51.49,0
B207634,Retail,34,500000.0,421405.88,15.72,1,0,61134.88,63.4,1
B204699,IT,26,500000.0,359578.23,28.08,0,0,63721.06,56.29,0
B209032,Food,29,500000.0,408312.88,18.34,1,0,60006.8,55.42,0
B200253,retail,33,500000.0,459192.02,8.16,1,0,39849.22,68.12,1
B209513,Retail,28,500000.0,424786.17,15.04,0,0,45157.48,57.79,0
B202240,IT,18,3498854.58,2023198.94,42.18,1,0,965604.74,41.58,0
B206246,retail,44,500000.0,347877.64,30.42,0,0,79125.01,50.92,0
B207629,,18,3678835.65,1654666.65,15.06,0,0,114850.08,50.1,0
B205740,Manufacturing,46,721076.35,567258.25,21.33,0,0,115356.49,50.8,0
B202082,Services,33,500000.0,397865.44,20.43,1,0,58594.89,53.48,0
B202076,Retail,12,500000.0,424465.92,15.11,0,0,67171.72,51.4,0
B207062,Healthcare,27,500000.0,433966.37,13.21,0,0,56452.99,50.15,0
B207262,Healthcare,28,520978.22,380957.87,26.88,0,0,107400.85,47.03,0
B200237,Food,24,500000.0,353027.86,29.39,0,0,57812.12,43.78,0
B205768,Services,20,500000.0,376588.86,24.68,0,0,45201.63,48.73,0
B204275,Healthcare,20,500000.0,407008.36,18.6,0,0,,56.37,0
B201881,Healthcare,15,500000.0,342880.36,31.42,0,0,95223.15,39.89,0
B201605,Retail,17,500000.0,435109.6,12.98,1,0,64716.18,57.35,0
B202889,Services,30,500000.0,365431.26,26.91,0,0,92593.05,53.1,0
B206237,Healthcare,10,500000.0,335057.27,32.99,0,0,,43.68,0
B204981,Retail,44,500000.0,387295.26,22.54,0,0,78279.08,51.6,0
B209931,,3,500000.0,374772.44,25.05,0,0,82600.71,43.9,0
B203751,Manufacturing,32,500000.0,391639.52,21.67,0,0,94698.89,46.51,0
B204156,Services,15,707701.06,473044.07,33.16,1,0,115324.95,46.44,0
B208408,Food,3,500000.0,376369.39,,0,0,115358.65,51.03,0
B204099,Food,35,500000.0,422515.14,15.5,0,0,90522.75,56.3,0
B202861,IT,31,500000.0,374077.25,25.18,0,0,63567.65,51.61,0
B206450,Manufacturing,66,500000.0,397038.89,20.59,0,0,85651.68,61.39,1
B209091,Manufacturing,38,500000.0,351266.02,29.75,0,0,113832.46,50.31,0
B207563,Healthcare,13,500000.0,370811.51,25.84,0,0,69778.06,46.24,0
B205620,Manufacturing,36,500000.0,418083.34,16.38,0,0,62143.14,53.89,0
B209420,Manufacturing,29,586569.82,508002.85,13.39,1,0,124171.01,62.98,1
B203448,Retail,31,1387971.69,1095313.57,21.09,1,1,100524.87,63.15,1
B205121,Manufacturing,36,2598042.18,360169.06,27.97,1,0,42195.42,49.49,0
B200602,services,27,500000.0,342079.08,31.58,0,0,87547.81,52.53,0
B203207,Services,32,500000.0,365856.31,26.83,1,0,112010.85,36.45,0
B201401,Healthcare,17,500000.0,338811.68,32.24,0,0,120730.17,44.02,0
B204498,Services,15,2865207.36,363646.46,27.27,1,0,69286.66,52.15,0
B203246,Services,22,500000.0,365213.02,26.96,1,0,36304.81,48.35,0
B209544,Retail,33,500000.0,513610.66,-2.72,0,0,28590.16,61.77,1
B209759,Retail,38,500000.0,419648.44,16.07,1,0,77712.61,54.51,0
B204760,Retail,24,500000.0,395323.74,20.94,0,0,59219.47,50.16,0
B205617,,13,500000.0,323754.29,35.25,1,0,117499.87,35.65,0
B204220,Services,10,500000.0,318445.24,36.31,0,0,78744.98,38.05,0
B207249,Retail,33,500000.0,445383.07,10.92,1,0,36655.24,49.0,0
B209450,Healthcare,21,500000.0,413691.78,17.26,1,0,53667.03,54.2,0
B203171,Services,3,607015.82,427947.64,29.5,0,0,127147.07,53.31,0
B209353,Manufacturing,30,500000.0,457372.79,8.53,0,0,55924.19,51.11,0
B202827,Services,18,500000.0,329270.98,34.15,0,0,121646.66,48.67,0
B208465,Retail,49,500000.0,440014.54,12.0,0,0,48304.26,51.99,0
B200353,Services,28,500000.0,345279.27,30.94,1,0,107149.58,39.65,0
B201754,Services,5,500000.0,414259.2,17.15,0,0,72858.55,59.22,0
B202830,it,36,500000.0,364366.61,27.13,0,0,103896.58,45.31,0
B207116,Manufacturing,46,500000.0,394852.81,21.03,0,0,88921.26,48.51,0
B202645,Manufacturing,43,500000.0,396430.73,20.71,1,0,99942.51,54.73,0
B208845,IT,38,500000.0,367979.93,26.4,0,0,29067.98,53.69,0
B206026,Retail,17,500000.0,440058.6,11.99,1,0,66837.47,52.67,0
B207616,Retail,31,500000.0,401106.8,19.78,1,0,51670.14,56.7,0
B203899,Retail,29,500000.0,427269.08,14.55,0,0,64371.68,55.87,0
B208077,Retail,52,500000.0,375654.8,24.87,0,0,97398.24,56.59,0
B208601,Retail,21,500000.0,425464.23,14.91,1,1,64470.17,75.96,1
B202927,Manufacturing,62,500000.0,413649.97,17.27,0,0,37388.26,52.62,0
B206510,IT,22,500000.0,337819.99,32.44,0,0,60799.31,44.97,0
B200929,Services,3,500000.0,369697.41,26.06,1,0,89834.92,49.66,0
B208216,Services,37,500000.0,398283.24,20.34,1,0,75775.32,50.17,0
B203878,,13,500000.0,403952.95,19.21,0,0,83962.44,56.2,0
B206696,IT,30,500000.0,335972.52,32.81,0,0,112917.73,52.91,0
B202154,Food,12,500000.0,402266.26,19.55,0,0,70249.31,59.59,0
B200462,Retail,26,500000.0,460239.89,,1,0,44191.8,57.32,0
B204195,,10,500000.0,375812.71,24.84,0,0,55109.07,52.45,0
B202098,Retail,31,500000.0,381946.02,23.61,0,0,112014.45,51.46,0
B209065,Manufacturing,49,500000.0,362941.26,27.41,1,0,86246.06,62.91,1
B200779,Retail,39,500000.0,421049.77,15.79,0,0,56751.58,55.33,0
B209909,Retail,41,500000.0,441438.92,11.71,1,0,59352.29,55.69,0
B203449,IT,33,500000.0,324244.69,35.15,1,0,110831.32,44.53,0
B208812,Food,12,500000.0,323272.1,35.35,1,0,61932.46,43.19,0
B204363,Food,23,500000.0,392830.24,21.43,0,0,19084.09,59.2,0
B204753,Services,21,500000.0,381899.81,23.62,0,0,63817.03,45.49,0
B209699,Services,12,500000.0,403094.29,19.38,1,0,66133.94,55.69,0
B204717,Food,3,500000.0,374721.54,25.06,1,0,55084.98,47.56,0
B200576,Retail,25,500000.0,398867.09,20.23,0,0,98661.66,57.64,0
B208691,Services,21,500000.0,377287.4,24.54,0,0,75661.73,49.9,0
B207510,Retail,5,500000.0,366635.97,26.67,1,0,47576.73,48.35,0
B202793,Retail,28,635229.74,580059.58,8.69,0,0,35625.77,58.08,0
B201928,Manufacturing,46,500000.0,445317.07,10.94,0,0,57374.33,55.9,0
B206924,Retail,34,500000.0,407175.04,18.56,0,0,53024.15,59.76,0
B202371,Food,33,500000.0,437033.92,12.59,1,0,54961.85,52.92,0
B206408,Retail,19,500000.0,3021650.91,12.92,1,0,67659.94,60.14,1
B201387,Manufacturing,41,500000.0,360193.11,27.96,0,0,61032.49,49.72,0
B209685,Manufacturing,40,500000.0,342083.95,31.58,1,0,73654.26,45.98,0
B203204,Retail,23,500000.0,447291.01,10.54,1,0,51259.85,52.13,0
B207794,Manufacturing,55,500000.0,396847.45,20.63,0,0,125922.94,54.46,0
B203615,Retail,27,500000.0,373055.06,25.39,0,0,92860.9,54.24,0
B206721,Manufacturing,51,500000.0,400595.48,19.88,1,0,363589.12,56.24,0
B204178,Healthcare,20,500000.0,387393.32,22.52,0,0,70749.83,49.81,0
B200027,Retail,19,500000.0,395763.21,20.85,1,0,85679.97,53.83,0
B205712,Healthcare,34,500000.0,381332.01,23.73,0,0,61542.38,46.28,0
B209059,Manufacturing,37,729189.66,552236.4,24.27,1,0,71725.25,48.93,0
B208241,Services,18,500000.0,402382.86,19.52,1,0,82416.31,46.79,0
B208784,Retail,41,500000.0,414449.72,17.11,1,0,96148.7,62.03,1
B200953,Services,10,500000.0,412475.08,17.5,1,0,74061.33,57.5,0
B206424,Manufacturing,44,500000.0,406528.85,18.69,0,0,95831.91,55.44,0
B209442,Healthcare,27,500000.0,381792.21,23.64,0,0,64244.9,55.93,0
B203128,Retail,31,500000.0,425624.93,14.88,0,0,56289.14,40.89,0
B201992,Services,22,500000.0,401890.95,,1,0,10984.49,51.07,0
B209360,,26,500000.0,369957.45,26.01,1,0,92747.4,47.15,0
B208792,IT,11,500000.0,350065.28,29.99,0,0,,53.36,0
B203271,Food,23,500000.0,384408.81,23.12,0,0,74589.53,48.92,0
B202460,Retail,35,500000.0,423805.1,15.24,1,0,63236.12,49.19,0
B204465,Services,13,500000.0,381134.08,23.77,0,0,63541.85,45.62,0
B206598,Manufacturing,59,500000.0,417491.32,16.5,0,0,72873.71,51.33,0
B206581,Retail,32,585582.88,479742.49,18.07,0,0,90093.42,51.93,0
B209386,Retail,29,500000.0,439958.31,12.01,0,0,49372.78,46.92,0
B200619,Retail,8,500000.0,413754.2,17.25,1,1,68242.63,71.58,1
B201032,Services,32,500000.0,376380.5,24.72,0,0,38361.78,47.1,0
B207215,Services,20,500000.0,394260.08,21.15,0,0,72194.24,57.09,0
B200204,Services,10,500000.0,374082.03,25.18,0,0,41606.15,50.41,0
B207555,Manufacturing,35,500000.0,444208.6,11.16,1,1,,71.78,1
B209400,Healthcare,13,500000.0,361078.26,27.78,1,0,383103.1,54.14,0
B203912,Services,20,588462.54,459179.29,21.97,0,0,,56.2,0
B204714,Healthcare,19,500000.0,358728.02,28.25,0,0,,51.08,0
B207545,Manufacturing,40,500000.0,373636.91,25.27,0,0,45069.79,41.78,0
B209453,Healthcare,47,500000.0,350280.25,29.94,0,0,64289.94,48.54,0
B209609,Manufacturing,47,500000.0,429416.11,14.12,0,0,76341.83,48.97,0
B205085,Healthcare,3,500000.0,376685.2,24.66,0,0,47960.64,56.29,0
B204308,it,9,500000.0,318703.37,36.26,0,0,111614.66,46.09,0
B208370,Food,34,500000.0,418480.21,16.3,1,0,74430.83,53.94,0
B205789,Food,9,500000.0,423135.82,15.37,0,0,93055.35,57.25,0
B202547,,27,500000.0,397499.51,20.5,0,0,114410.62,50.18,0
B203551,Services,34,500000.0,346571.16,30.69,1,0,106973.08,54.32,0
B203989,Services,25,500000.0,399389.87,20.12,1,0,63799.92,51.28,0
B201466,Manufacturing,50,500000.0,380173.06,23.97,0,0,43167.58,44.71,0
B205616,Services,20,500000.0,349496.7,30.1,0,0,105241.3,46.57,0
B201041,Retail,39,500000.0,393175.65,21.36,1,0,84743.13,57.91,0
B204368,Manufacturing,42,500000.0,328352.99,34.33,0,0,92566.49,46.82,0
B207034,Healthcare,10,576640.31,427715.39,25.83,0,0,9369.15,48.17,0
B202674,Retail,15,500000.0,434689.28,,1,0,40283.84,55.52,0
B202621,Services,33,500000.0,384080.55,23.18,0,0,70165.99,52.94,0
B200002,Services,34,500000.0,314819.67,37.04,0,0,84743.89,49.87,0
B203951,Manufacturing,52,650300.84,485910.89,25.28,1,0,77485.52,47.95,0
B206409,Services,15,500000.0,368287.1,26.34,0,0,71429.39,45.97,0
B200324,Manufacturing,57,500000.0,445569.48,10.89,1,0,53928.28,54.73,0
B200811,Food,3,500000.0,402767.97,19.45,0,0,62895.74,50.51,0
B206111,Services,17,500000.0,370447.12,25.91,0,0,14181.17,43.44,0
B208936,Healthcare,36,500000.0,367912.1,26.42,0,0,,53.34,0
B203843,IT,28,500000.0,327211.83,34.56,0,0,100155.2,43.88,0
B207335,Manufacturing,42,500000.0,486968.89,2.61,0,0,43674.09,52.32,0
B201668,IT,15,500000.0,340362.6,31.93,0,0,112943.19,53.71,0
B207241,Manufacturing,48,500000.0,394438.96,21.11,0,0,71140.61,45.44,0
B202467,Manufacturing,71,500000.0,438233.85,12.35,1,0,,60.03,1
B206895,Retail,12,722740.51,2352578.9,18.08,1,0,137857.48,60.53,1
B202182,Food,17,500000.0,409027.91,18.19,1,0,67292.75,53.59,0
B204617,Food,15,500000.0,409107.66,18.18,0,0,80769.21,53.34,0
B202623,,16,500000.0,328989.86,34.2,1,0,120849.66,51.06,0
B203591,Retail,23,500000.0,387826.03,22.43,1,0,62763.93,43.31,0
B209999,Healthcare,28,515964.98,437627.02,15.18,1,0,37240.34,45.87,0
B206421,Healthcare,3,758299.92,3006802.38,15.35,1,1,61751.66,72.97,1
B208031,Food,27,500000.0,457522.52,,1,0,76878.09,61.5,1
B207915,Food,3,500000.0,434900.15,,0,0,62051.86,57.38,0
B201540,Services,40,500000.0,380469.8,23.91,0,0,77107.62,49.75,0
B207650,Manufacturing,31,500000.0,356151.55,,1,0,94565.36,50.24,0
B204968,manufacturing,66,695378.64,579937.0,16.6,1,0,84305.89,50.65,0
B207731,Manufacturing,53,500000.0,379308.21,24.14,1,0,90015.23,58.92,0
B205952,Healthcare,15,500000.0,354799.3,29.04,0,0,98671.7,57.44,0
B204645,IT,24,521247.09,418009.74,19.81,1,0,53412.43,59.39,0
B206455,Retail,24,500000.0,405120.69,18.98,0,0,58552.72,59.47,0
B204803,Retail,21,500000.0,423818.97,15.24,0,0,54816.7,52.48,0
B205053,Healthcare,32,500000.0,389988.37,22.0,0,0,101569.31,52.69,0
B208710,Food,22,500000.0,369782.77,26.04,0,0,63588.66,48.22,0
B208537,Manufacturing,52,500000.0,412582.69,17.48,0,0,51142.8,53.95,0
B209949,Retail,54,500000.0,414666.27,17.07,1,1,55417.08,76.08,1
B206974,Services,28,500000.0,346122.48,30.78,0,0,87864.37,53.78,0
B201812,Retail,33,500000.0,422204.6,15.56,0,0,85225.02,57.9,0
B206499,Food,15,500000.0,378687.91,24.26,1,0,94371.01,47.01,0
B209788,IT,40,641129.01,479823.62,25.16,0,0,110726.24,43.86,0
B202704,IT,21,550484.04,432074.05,21.51,0,0,78766.79,54.58,0
B205752,Healthcare,25,500000.0,430514.44,13.9,0,0,68899.36,58.27,0
B207180,IT,40,500000.0,376937.81,24.61,0,0,111491.62,51.56,0
B209539,Manufacturing,48,500000.0,364494.96,27.1,1,0,62871.01,48.24,0
B204287,Manufacturing,44,500000.0,393823.47,21.24,1,0,74832.72,46.01,0
B206897,Food,22,500000.0,397870.95,20.43,1,0,78634.82,56.05,0
B200095,Retail,11,500000.0,391792.44,21.64,0,0,91688.54,42.38,0
B200115,IT,34,3432995.49,351666.71,29.67,1,0,58079.51,47.96,0
B205377,Services,34,500000.0,366363.59,26.73,0,0,92524.45,50.84,0
B203158,Retail,24,500000.0,385714.68,22.86,1,1,18244.64,71.38,1
B201840,Manufacturing,49,500000.0,437765.4,,1,0,51145.09,57.23,0
B203858,Retail,43,500000.0,401981.98,19.6,1,0,73193.64,47.98,0
B209954,Retail,49,500000.0,403783.2,19.24,1,0,75992.33,50.12,0
B202011,IT,28,500000.0,361442.71,27.71,0,0,88199.66,42.57,0
B208941,Manufacturing,44,500000.0,436846.99,12.63,1,0,55007.71,56.46,0
B205970,Manufacturing,39,500000.0,348376.51,30.32,1,0,129277.17,39.26,0
B208486,retail,15,500000.0,509567.81,-1.91,1,0,47324.91,56.96,0
B206699,Food,9,2369265.18,428889.26,14.22,0,0,47420.5,53.99,0
B201854,Retail,25,500000.0,414646.47,17.07,1,0,90406.27,56.0,0
B208743,Retail,32,597998.64,457208.64,23.54,0,0,,60.91,1
B209236,Retail,24,500000.0,426352.35,14.73,0,0,90724.29,52.97,0
B209495,Healthcare,26,500000.0,317750.88,,1,0,139333.75,49.55,0
B207927,Retail,32,569582.54,478062.54,16.07,1,0,68929.69,54.17,0
B205701,Retail,3,500000.0,448606.29,10.28,0,0,37838.26,56.53,0
B205663,Manufacturing,47,500000.0,413643.48,,1,0,69743.15,54.68,0
B202658,Retail,19,500000.0,381477.26,,1,0,64238.17,46.1,0
B208481,Healthcare,11,500000.0,385881.42,22.82,0,0,24806.04,49.25,0
B200738,Retail,46,500000.0,390167.68,21.97,0,0,57639.98,53.52,0
B203030,Healthcare,35,500000.0,361216.27,27.76,0,0,55093.47,53.99,0
B209323,Services,10,500000.0,398044.4,20.39,0,0,47694.34,50.14,0
B203906,Services,3,500000.0,373200.12,25.36,0,0,106768.57,47.24,0
B207631,Retail,18,500000.0,2423033.48,18.09,0,0,50997.36,57.04,0
B205217,Food,26,500000.0,421402.2,15.72,0,0,65741.81,57.34,0
B206649,Food,13,526222.72,352957.5,32.93,0,0,68558.36,37.73,0
B208357,IT,3,500000.0,367963.84,26.41,0,0,53303.81,57.05,0
B202864,Retail,29,500000.0,440161.82,11.97,1,1,41343.83,79.12,1
B200809,IT,14,500000.0,366330.7,26.73,0,0,90581.37,47.14,0
B209657,Services,3,500000.0,360158.82,27.97,0,0,103536.98,49.55,0
B204071,Food,26,500000.0,364078.13,27.18,1,0,82842.69,47.25,0
B202388,Manufacturing,38,598044.78,429897.73,28.12,0,0,102270.64,49.49,0
B202278,Food,3,500000.0,400979.15,19.8,0,0,63426.36,48.63,0
B208935,Food,3,500000.0,399018.17,20.2,0,0,105745.88,52.56,0
B202034,Services,28,500000.0,319039.43,36.19,0,0,58657.37,38.01,0
B209371,Healthcare,8,500000.0,385982.54,22.8,0,0,58746.12,49.35,0
B203268,Services,3,500000.0,400763.56,19.85,1,0,30738.33,53.95,0
B209962,IT,36,500000.0,1642523.46,32.23,0,0,87452.56,42.98,0
B208149,Food,22,500000.0,421040.84,15.79,0,0,80112.86,54.13,0
B205863,IT,41,500000.0,354318.86,29.14,1,0,63250.44,42.6,0
B207216,Food,14,500000.0,405841.87,18.83,0,0,88004.32,41.49,0
B202919,Food,6,500000.0,397463.32,20.51,0,0,45453.61,51.91,0
B207113,Retail,26,500000.0,2205712.87,13.87,1,0,63736.99,57.74,0
B200305,Services,24,500000.0,360600.38,27.88,0,0,91942.62,42.32,0
B206087,Healthcare,31,500000.0,353686.94,29.26,0,0,14206.48,47.02,0
B209631,services,3,500000.0,392702.79,21.46,1,0,95743.32,50.35,0
B202093,Retail,16,500000.0,384041.27,23.19,0,0,58908.22,55.99,0
B206054,Retail,16,500000.0,470961.97,5.81,1,1,40508.08,67.12,1
B207931,Services,33,500000.0,322357.64,35.53,0,0,121649.37,52.5,0
B206879,Healthcare,34,500000.0,435847.05,12.83,1,1,46871.73,67.36,1
B200747,Services,16,500000.0,357596.46,28.48,0,0,135541.37,51.88,0
B203108,Services,18,500000.0,368452.63,26.31,1,0,63288.37,48.47,0
B202510,Services,28,2824505.41,405137.35,18.97,0,0,80244.65,52.34,0
B206430,Food,17,805464.58,628237.9,22.0,0,0,103680.37,52.98,0
B206644,Services,10,500000.0,341756.05,31.65,0,0,133205.35,51.55,0
B208196,Healthcare,22,500000.0,401729.97,19.65,0,0,70260.08,55.62,0
B204456,Food,3,500000.0,394764.46,21.05,0,0,120694.32,50.71,0
B203014,Services,22,500000.0,338590.57,32.28,0,0,86150.74,48.87,0
B204612,Retail,17,500000.0,410234.18,17.95,1,0,38861.07,61.53,1
B204064,IT,11,500000.0,376624.09,24.68,0,0,74194.58,43.82,0
B200386,IT,20,500000.0,401721.22,19.66,0,0,53090.19,53.74,0
B205783,Retail,36,500000.0,465754.27,6.85,0,0,43563.45,51.29,0
B208610,Food,36,500000.0,382970.06,23.41,0,0,98657.77,51.49,0
B206868,Services,33,500000.0,2101180.44,23.63,0,0,571425.39,56.75,0
B207485,Manufacturing,24,500000.0,392352.28,21.53,0,0,65220.35,54.31,0
B206190,Healthcare,28,500000.0,359569.75,28.09,1,0,74135.54,31.93,0
B209799,IT,3,500000.0,324471.05,35.11,0,0,101999.48,45.37,0
B208637,Manufacturing,37,530767.95,434525.66,18.13,0,0,,55.17,0
B208919,Manufacturing,21,500000.0,465457.98,6.91,0,0,,55.7,0
B207871,IT,27,511061.43,348590.81,31.79,0,0,103375.09,42.26,0
B201620,Food,33,500000.0,390772.61,21.85,0,0,51621.29,52.39,0
B200224,Services,27,500000.0,319439.18,36.11,0,0,14905.83,46.17,0
B200072,Healthcare,30,500000.0,372965.73,25.41,0,0,86000.95,53.38,0
B207169,Services,10,500000.0,378367.09,24.33,0,0,70511.42,52.84,0
B201203,Manufacturing,43,500000.0,353668.84,29.27,0,0,106580.24,58.77,0
B207398,Services,9,2338546.12,569186.04,16.45,0,0,97542.7,47.04,0
B202931,Healthcare,3,500000.0,373623.15,25.28,0,0,72107.46,43.37,0
B209446,Manufacturing,72,671429.95,505174.8,24.76,1,0,73793.28,46.45,0
B204703,Manufacturing,51,589687.8,448386.44,23.96,1,0,78964.76,51.7,0
B202997,Retail,40,500000.0,398270.9,20.35,1,0,74729.57,48.41,0
B209578,Healthcare,21,500000.0,381305.47,23.74,0,0,120681.39,55.65,0
B207923,Retail,37,500000.0,381169.96,23.77,0,0,69133.79,56.62,0
B201966,Food,6,500000.0,429501.48,14.1,1,0,47017.22,50.33,0
B207533,IT,9,500000.0,311319.06,37.74,0,0,107511.93,44.54,0
B207803,Food,3,500000.0,414251.73,17.15,0,0,66498.99,52.33,0
B204778,Food,16,500000.0,361836.61,27.63,0,0,88476.64,44.18,0
B206483,Food,10,500000.0,335400.14,32.92,1,0,88984.02,43.4,0
B200963,Manufacturing,50,500000.0,408165.32,18.37,1,0,56860.39,51.78,0
B202224,,23,500000.0,454999.64,9.0,0,0,67396.24,55.37,0
B207224,,16,500000.0,364563.08,27.09,0,0,,54.97,0
B208449,IT,15,500000.0,374331.24,25.13,0,0,131038.07,41.5,0
B206274,Retail,24,500000.0,1948046.49,30.02,1,0,89627.81,41.81,0
B206681,Food,38,559328.97,418636.54,25.15,0,0,110765.5,62.85,1
B201406,Retail,31,500000.0,401266.67,19.75,0,0,58200.67,52.78,0
B202186,,20,642901.94,473777.31,26.31,0,0,76969.75,35.19,0
B202392,IT,27,500000.0,365173.41,26.97,0,0,73978.59,56.96,0
B207909,Food,14,500000.0,367213.39,26.56,0,0,72394.4,50.95,0
B201176,Manufacturing,54,500000.0,399689.03,20.06,0,0,81019.53,48.98,0
B209893,Retail,34,500000.0,397283.12,20.54,0,0,,45.84,0
B201537,Manufacturing,47,500000.0,378752.0,24.25,0,0,87568.75,44.52,0
B206653,Healthcare,40,500000.0,408679.01,18.26,0,0,,58.48,0
B200769,Food,27,500000.0,361588.97,27.68,0,0,47555.63,48.5,0
B209269,Retail,24,500000.0,434792.17,13.04,1,0,57325.32,55.52,0
B206374,Manufacturing,26,500000.0,464025.23,7.19,1,0,48923.86,47.38,0
B209804,Manufacturing,64,500000.0,351485.4,29.7,0,0,479312.69,48.1,0
B206425,Food,18,500000.0,400936.35,19.81,0,0,69170.29,46.75,0
B205723,IT,14,500000.0,329520.76,34.1,0,0,75470.12,47.71,0
B203691,Services,30,500717.81,405368.52,19.04,0,0,57707.03,45.11,0
B207041,Retail,34,500000.0,385732.57,22.85,1,0,106158.93,57.51,0
B205671,Retail,8,500000.0,466231.68,6.75,0,0,51760.84,54.45,0
B207369,Retail,46,500000.0,396335.27,20.73,1,0,54941.66,51.53,0
B208019,Manufacturing,58,500000.0,376513.76,24.7,1,0,39460.0,58.32,0
B201913,Services,46,500000.0,329954.81,34.01,1,0,88641.79,48.04,0
B203482,Manufacturing,62,500000.0,373350.53,25.33,0,0,78468.34,50.85,0
B201447,Food,19,500000.0,338194.33,32.36,0,0,88556.91,52.37,0
B202328,Retail,42,500000.0,429757.39,14.05,0,0,63016.31,45.16,0
B204409,food,44,500000.0,397695.13,20.46,0,0,104357.22,52.19,0
B204745,Services,27,500000.0,360030.96,27.99,1,0,16453.47,56.3,0
B209359,Food,13,500000.0,433952.44,13.21,1,0,56897.4,59.49,0
B202231,Food,3,500000.0,404204.52,19.16,0,0,116096.22,57.15,0
B209124,Manufacturing,57,500000.0,429551.86,14.09,1,0,53073.54,54.2,0
B201350,IT,25,500000.0,369190.87,26.16,0,0,71407.75,55.04,0
B207193,Healthcare,32,500000.0,380042.25,23.99,0,0,62224.52,43.65,0
B202168,Retail,32,500000.0,373626.07,25.27,0,0,96191.4,59.73,0
B203478,Manufacturing,21,500000.0,389527.13,22.09,0,0,51677.58,56.63,0
B207469,,23,500000.0,372079.29,25.58,0,0,74754.14,53.3,0
B201664,Food,25,500000.0,368832.8,26.23,1,1,93893.72,71.27,1
B203997,Retail,37,500000.0,428405.56,14.32,0,0,65808.06,47.87,0
B207435,,29,500000.0,392672.44,,1,0,80908.15,54.64,0
B204313,Healthcare,3,500000.0,396088.58,20.78,0,0,73222.98,45.78,0
B200834,Healthcare,25,500000.0,369306.5,26.14,0,0,91147.54,53.52,0
B208302,Healthcare,21,500000.0,377799.58,24.44,0,0,,51.53,0
B207293,IT,17,500000.0,2746195.19,19.2,0,0,77476.74,47.2,0
B208237,Retail,8,500000.0,449394.98,10.12,0,0,65296.69,57.83,0
B204695,Services,45,500000.0,320853.66,35.83,0,0,100288.77,51.32,0
B209372,Services,3,500000.0,347392.23,30.52,0,0,,39.73,0
B201740,Manufacturing,30,500000.0,394507.26,21.1,0,0,88893.39,47.57,0
B207669,services,25,500000.0,397086.52,20.58,1,0,109057.82,42.61,0
B206990,IT,22,500000.0,348654.66,30.27,0,0,109202.29,54.49,0
B209838,Manufacturing,38,500000.0,2662981.74,,0,0,79425.75,49.15,0
B200341,Manufacturing,39,518785.2,342070.07,34.06,1,1,125604.02,64.36,1
B208593,Manufacturing,55,500000.0,357317.88,28.54,0,0,79092.87,52.6,0
B202619,Retail,16,500000.0,486576.4,2.68,0,0,41997.47,58.11,0
B203503,Services,19,500000.0,373681.55,25.26,0,0,48170.74,56.05,0
B202758,Services,33,500000.0,415744.55,16.85,1,0,79669.25,63.25,1
B200952,Healthcare,18,500000.0,336783.08,32.64,0,0,129824.53,45.43,0
B206835,Retail,29,500000.0,417950.91,16.41,0,0,40623.4,55.23,0
B206851,retail,36,500000.0,407009.0,18.6,1,1,80523.25,67.98,1
B209798,Food,3,500000.0,404314.24,19.14,1,0,48598.65,59.29,0
B209375,Manufacturing,32,500000.0,434190.25,13.16,0,0,38101.93,50.53,0
B204205,Manufacturing,58,500000.0,400114.92,19.98,1,0,28740.84,53.12,0
B206989,Retail,29,500000.0,410579.94,17.88,1,0,58341.43,59.65,0
B201844,Retail,23,500000.0,375430.34,24.91,0,0,52959.1,52.5,0
B209492,Manufacturing,44,500000.0,390598.71,21.88,1,0,57171.05,52.37,0
B203793,Retail,15,500000.0,446079.16,10.78,0,0,41028.56,50.88,0
B205192,IT,12,500000.0,1206932.57,,0,0,128509.84,51.58,0
B204015,IT,26,500000.0,1982157.08,28.78,0,0,78371.02,44.52,0
B208303,healthcare,26,500000.0,388157.16,22.37,0,0,85929.05,49.56,0
B205049,Healthcare,25,500000.0,411616.38,17.68,1,0,61264.36,49.37,0
B205596,Retail,27,500000.0,378932.1,24.21,0,0,82475.68,56.55,0
B208190,Manufacturing,42,500000.0,348563.05,30.29,0,0,78643.84,43.34,0
B201330,Healthcare,13,500000.0,389448.42,22.11,1,0,248111.52,53.66,0
B204625,Retail,37,500000.0,480949.64,3.81,0,0,54829.7,45.98,0
B206574,Services,24,500000.0,429980.15,14.0,0,0,54576.71,58.88,0
B200880,Healthcare,15,500000.0,387284.2,22.54,0,0,95052.71,48.92,0
B209334,Food,20,500000.0,375060.29,24.99,0,0,101567.42,57.97,0
B206294,Food,3,500000.0,392058.33,21.59,0,0,65826.52,58.59,0
B207167,Services,23,500000.0,392906.07,21.42,0,0,86255.15,52.96,0
B207376,IT,13,500000.0,373625.98,25.27,0,0,67375.87,47.44,0
B207625,Manufacturing,40,500000.0,373678.08,25.26,0,0,82284.07,45.58,0
B204693,Healthcare,12,500000.0,420058.99,15.99,0,0,22985.94,45.09,0
B207806,Retail,22,500000.0,396131.53,20.77,1,0,28446.11,49.52,0
B205026,Retail,36,500000.0,393696.64,21.26,1,0,87388.34,50.98,0
B205857,Food,10,500000.0,402569.75,19.49,0,0,74008.26,47.98,0
B208169,Food,16,500000.0,397697.19,20.46,0,0,73655.58,54.42,0
B209901,Food,26,500000.0,412317.5,17.54,1,0,80796.41,49.77,0
B208256,Manufacturing,56,500000.0,396273.96,20.75,0,0,117274.91,48.59,0
B206789,Manufacturing,54,500000.0,374002.85,25.2,0,0,115422.73,43.82,0
B209943,Manufacturing,18,840980.56,690673.35,17.87,1,1,71587.83,70.97,1
B200192,Retail,46,500000.0,415462.49,16.91,1,1,49476.39,64.31,1
B208042,IT,16,500000.0,342966.52,31.41,0,0,76210.39,49.17,0
B202040,Retail,25,500000.0,439167.21,12.17,1,0,66925.4,57.88,0
B206812,Services,33,500000.0,365165.07,26.97,0,0,526280.38,49.36,0
B205091,Retail,23,500000.0,414489.74,17.1,0,0,62118.37,55.95,0
B207870,Retail,36,500000.0,452218.14,9.56,0,0,48675.03,57.89,0
B205052,Manufacturing,54,725623.77,575748.17,20.65,0,0,512897.02,50.59,0
B200936,Food,10,500000.0,415108.25,16.98,0,0,252991.86,53.56,0
B200514,Food,38,500000.0,401543.79,19.69,0,0,76347.58,49.56,0
B203213,Retail,20,500000.0,423487.57,15.3,1,0,39031.9,50.98,0
B206098,Services,33,500000.0,393146.52,21.37,0,0,67397.95,53.72,0
B206903,Retail,31,500000.0,446785.9,10.64,0,0,65118.08,55.39,0
B207198,Services,8,500000.0,357246.97,28.55,0,0,44521.79,47.73,0
B209577,Services,33,602908.8,417095.04,30.82,0,0,101212.1,49.9,0
B208822,Food,18,500000.0,374706.45,25.06,1,1,44024.35,66.65,1
B206687,retail,12,500000.0,419985.91,16.0,1,0,51348.65,56.66,0
B207704,Retail,20,500000.0,437262.14,12.55,0,0,57979.1,55.28,0
B200411,Retail,20,500000.0,445024.08,11.0,0,0,41962.3,63.44,1
B208823,IT,27,500000.0,380756.91,23.85,0,0,90706.74,48.31,0
B205979,Services,3,500000.0,376419.26,24.72,0,0,113373.92,47.43,0
B200142,Services,41,500000.0,342944.99,31.41,0,0,80325.89,40.99,0
B205824,Services,34,500000.0,1481378.7,29.08,1,0,88846.69,43.79,0
B204063,,41,500000.0,400170.43,19.97,0,0,85438.12,48.53,0
B208275,Healthcare,8,500000.0,430322.58,13.94,0,0,71005.02,55.76,0
B206477,Retail,37,500000.0,418006.51,16.4,1,0,66020.67,54.98,0
B200337,Retail,49,500000.0,421592.87,15.68,0,0,60558.2,56.75,0
B206558,Healthcare,21,500000.0,391702.13,21.66,1,0,101799.1,50.43,0
B202740,IT,29,500000.0,356411.67,28.72,0,0,101044.86,46.34,0
B200084,Retail,32,500000.0,421903.3,15.62,1,0,72509.65,56.5,0
B207125,Manufacturing,39,500000.0,386999.08,22.6,0,0,64235.36,56.57,0
B204041,Manufacturing,53,500000.0,389352.86,22.13,0,0,76764.16,55.02,0
B204493,IT,25,500000.0,371697.28,25.66,0,0,69751.89,50.33,0
B207394,Retail,37,500000.0,415212.12,,0,0,43825.08,49.15,0
B200491,Healthcare,3,500000.0,368220.46,26.36,0,0,85668.33,49.44,0
B200371,Retail,31,500000.0,2294072.06,14.2,0,0,27737.92,44.58,0
B202777,IT,13,500000.0,356308.69,28.74,1,0,98812.34,56.62,0
B208755,Manufacturing,45,500000.0,369611.14,26.08,0,0,81904.53,53.52,0
B206603,Manufacturing,61,500000.0,408893.66,18.22,1,0,102102.06,52.49,0
B203865,Manufacturing,54,500000.0,404565.08,19.09,0,0,70976.68,55.23,0
B205674,Services,26,500000.0,343814.07,31.24,0,0,91613.2,50.03,0
B205813,IT,31,500000.0,391568.51,21.69,0,0,108497.1,49.5,0
B203761,Retail,18,500000.0,431350.93,13.73,1,1,90984.23,73.1,1
B208557,Food,23,500000.0,361698.71,27.66,0,0,46767.26,48.64,0
B200778,Retail,37,500000.0,381055.29,23.79,1,0,52135.24,47.57,0
B206925,Retail,20,500000.0,445233.64,10.95,0,0,52214.89,53.84,0
B205996,Retail,25,500000.0,377468.6,24.51,1,0,50276.83,47.9,0
B200344,Retail,30,500000.0,396599.05,20.68,1,0,88411.32,54.87,0
B201637,Services,11,500000.0,446356.54,10.73,0,0,52428.08,53.13,0
B202246,IT,25,500000.0,322274.64,35.55,0,0,151958.71,44.78,0
B208200,Food,8,500000.0,381048.01,23.79,0,0,97838.71,53.13,0
B207878,,16,500000.0,338818.92,32.24,0,0,98141.28,59.23,0
B204353,Retail,19,500000.0,375337.75,24.93,0,0,64690.31,51.95,0
B200257,Services,31,500000.0,399332.71,20.13,0,0,68068.91,49.89,0
B209779,Food,7,625622.03,500718.18,19.96,1,0,52024.75,52.9,0
B206067,Manufacturing,23,587846.13,425706.34,27.58,1,0,93194.7,42.68,0
B201557,Retail,36,500000.0,439641.55,12.07,0,0,49678.12,52.4,0
B209048,IT,15,500000.0,357051.96,28.59,0,0,89305.23,49.83,0
B204757,Healthcare,12,500000.0,386436.0,22.71,1,0,60276.35,53.89,0
B204792,Retail,21,500000.0,1263790.54,23.87,0,0,96507.62,47.11,0
B200448,Manufacturing,44,500000.0,341911.1,31.62,1,1,33951.24,66.67,1
B201436,Food,3,500000.0,403221.51,19.36,0,0,,58.27,0
B208221,IT,25,500000.0,338147.35,32.37,0,0,105415.47,50.18,0
B202284,Services,31,562675.4,398994.23,29.09,0,0,121074.82,48.53,0
B203548,Manufacturing,28,500000.0,386146.62,22.77,0,0,111991.61,56.89,0
B207606,Retail,31,500000.0,400166.22,19.97,1,1,97957.87,60.82,1
B206275,Services,33,500000.0,386320.54,22.74,0,0,64501.42,58.21,0
B203488,Food,20,500000.0,374334.21,25.13,1,0,116533.73,51.0,0
B204843,IT,36,500000.0,361616.97,27.68,1,0,77899.47,50.21,0
B200236,Food,17,500000.0,381554.98,23.69,0,0,109835.65,55.18,0
B201627,Manufacturing,36,500000.0,349440.39,30.11,1,0,73811.81,32.58,0
B209103,IT,31,2863395.51,384175.58,23.16,0,0,66818.54,46.48,0
B208913,Retail,43,500000.0,423649.68,15.27,0,0,63153.81,50.66,0
B203757,Healthcare,35,500000.0,369143.83,26.17,0,0,75265.37,47.42,0
B206533,Retail,31,500000.0,361427.67,27.71,0,0,70744.39,54.93,0
B208895,Food,10,500000.0,445121.12,10.98,0,0,51016.23,50.93,0
B206377,Retail,20,500000.0,413110.84,17.38,1,0,66169.09,52.43,0
B204417,Services,30,500000.0,401300.56,19.74,0,0,91263.19,53.35,0
B201829,IT,26,500000.0,361368.32,27.73,1,0,73233.25,48.24,0
B204900,manufacturing,46,500000.0,405771.61,18.85,1,0,51506.5,51.78,0
B205274,Retail,7,500000.0,433817.2,13.24,1,0,12664.38,55.67,0
B204194,Manufacturing,32,500000.0,328263.78,34.35,1,0,58271.27,47.62,0
B204208,Manufacturing,64,500000.0,369096.13,26.18,0,0,70268.98,46.62,0
B200121,Services,28,500000.0,384975.98,23.0,0,0,68023.86,44.81,0
B201892,,14,500000.0,363110.07,27.38,0,0,97397.67,51.4,0
B201187,Services,17,500000.0,354775.2,29.04,0,0,38620.71,49.24,0
B205871,,36,500000.0,411582.61,17.68,0,0,269323.49,51.41,0
B200902,Services,15,643409.3,460013.35,28.5,0,0,73548.88,51.45,0
B201317,Food,29,500000.0,346573.83,30.69,0,0,92976.41,44.14,0
B208542,Manufacturing,60,500000.0,427679.87,14.46,0,0,,59.4,0
B208133,Manufacturing,61,500000.0,434066.61,13.19,0,0,39619.79,47.79,0
B205370,Food,32,500000.0,378435.65,24.31,0,0,84736.36,55.84,0
B202842,IT,7,500000.0,390598.9,21.88,0,0,124288.06,50.27,0
B207444,Retail,48,500000.0,424692.79,15.06,1,0,45804.41,55.68,0
B206507,Manufacturing,54,500000.0,362954.08,,1,0,99959.76,50.25,0
B203753,Retail,31,576136.75,489572.02,15.03,0,0,60272.62,59.64,0
B208134,Food,34,500000.0,435622.66,12.88,0,0,86638.59,50.67,0
B203214,Food,27,500000.0,2403686.72,28.91,0,0,100417.89,46.74,0
B201437,Services,37,500000.0,340401.09,31.92,0,0,49553.36,40.36,0
B201933,Services,15,500000.0,375546.51,,0,0,26046.86,51.25,0
B202867,Healthcare,10,500000.0,418956.55,16.21,0,0,74958.08,47.78,0
B204035,IT,29,500000.0,1589443.48,37.77,0,0,95885.12,47.95,0
B204754,Healthcare,18,500000.0,382524.21,23.5,0,0,,45.34,0
B202179,IT,35,500000.0,346837.91,30.63,0,0,58567.81,43.98,0
B206783,Retail,22,500000.0,445117.32,10.98,1,0,63238.46,55.04,0
B204986,Retail,29,500000.0,398416.51,20.32,0,0,69302.66,57.18,0
B209434,retail,29,500000.0,452438.73,9.51,1,0,42696.29,49.92,0
B209535,Food,3,500000.0,348844.53,30.23,1,0,67572.04,51.52,0
B206319,Retail,26,500000.0,395112.1,20.98,1,1,40131.46,68.51,1
B203519,Services,12,560139.51,432778.47,22.74,0,0,124049.78,56.28,0
B207218,Retail,4,500000.0,445127.94,,0,0,70342.97,51.59,0
B204164,Services,21,537418.01,395657.46,26.38,0,0,133824.54,48.96,0
B200107,Services,22,500000.0,380885.56,23.82,0,0,70635.91,47.99,0
B201689,,41,500000.0,381628.85,23.67,0,0,96361.27,45.54,0
B209855,Services,24,500000.0,359140.06,28.17,0,0,103259.67,45.62,0
B206605,Manufacturing,48,500000.0,402992.17,19.4,0,0,731893.44,56.29,0
B209067,Food,28,500000.0,414427.07,17.11,0,0,46687.21,48.23,0
B205090,Retail,44,500000.0,414320.52,17.14,0,0,,53.64,0
B205486,Manufacturing,44,500000.0,387028.47,22.59,0,0,76880.82,49.24,0
B209825,Services,24,500000.0,451185.7,9.76,0,0,62643.65,62.31,1
B206349,Services,27,500000.0,329894.62,34.02,1,0,71713.49,47.68,0
B200541,,25,500000.0,360887.13,27.82,0,0,87864.74,55.66,0
B201048,Food,3,500000.0,346086.56,30.78,0,0,114586.63,52.82,0
B208751,Retail,29,500000.0,476007.17,4.8,0,0,,57.3,0
B207240,Food,39,500000.0,429007.71,14.2,1,0,76227.82,51.36,0
B204367,Retail,20,500000.0,1508091.48,13.73,0,0,42482.59,51.92,0
B209620,IT,27,500000.0,364880.04,27.02,1,1,53062.76,57.57,0
B203023,Manufacturing,53,557003.75,432161.76,22.41,0,0,108101.68,38.63,0
B200451,Food,12,500000.0,370788.17,25.84,0,0,40536.97,52.01,0
B204513,Food,25,500000.0,396724.92,20.66,0,0,56252.63,59.6,0
B203210,IT,38,500000.0,330583.15,33.88,0,0,28230.62,46.2,0
B207968,Healthcare,42,1627414.8,1781474.51,20.12,0,0,78445.44,45.13,0
B209078,Food,17,500000.0,370923.69,25.82,0,0,70004.37,57.82,0
B201842,Healthcare,3,500000.0,436574.49,12.69,0,0,87555.14,51.73,0
B200389,Retail,29,500000.0,423563.02,15.29,0,0,83228.13,55.83,0
B206631,Services,12,584171.08,445875.53,23.67,0,0,121137.46,60.43,1
B201015,Services,15,500000.0,355599.82,28.88,1,0,46837.06,50.96,0
B201706,Services,21,601741.7,431277.94,28.33,0,0,118415.76,44.15,0
B204491,Retail,35,500000.0,458273.44,8.35,0,0,76238.42,54.2,0
B204296,IT,31,1124723.8,773457.46,31.23,0,0,215549.24,46.84,0
B201241,IT,30,500000.0,352820.79,29.44,0,0,112850.14,46.56,0
B202845,Healthcare,13,500000.0,414551.03,17.09,1,1,28913.9,70.54,1
B206332,Food,34,500000.0,380129.69,23.97,0,0,57690.56,45.73,0
B205541,Services,29,500000.0,409736.25,18.05,0,0,71570.56,58.96,0
B202041,Retail,28,500000.0,2474272.53,25.48,1,0,78779.71,46.78,0
B204614,Services,23,500000.0,414049.54,17.19,0,0,48797.84,45.17,0
B202314,services,19,500000.0,389479.18,22.1,0,0,79550.07,39.84,0
B204105,IT,21,500000.0,342969.24,31.41,0,0,74388.43,43.32,0
B206380,,24,500000.0,379206.34,24.16,1,0,113352.68,49.25,0
B200013,Retail,28,500000.0,362490.98,27.5,0,0,47711.25,60.27,1
B203775,,19,500000.0,429831.8,14.03,1,0,61039.4,57.0,0
B206967,Services,44,500000.0,402041.57,19.59,0,0,,50.05,0
B202698,healthcare,40,500000.0,372870.15,25.43,0,0,83381.04,52.75,0
B200540,Services,18,500000.0,414250.29,17.15,1,0,76614.04,53.86,0
B202223,Retail,28,500000.0,403470.5,19.31,1,0,82464.51,46.03,0
B201835,manufacturing,66,500000.0,406100.49,18.78,0,0,343128.73,57.5,0
B204018,,23,500000.0,429899.85,14.02,0,0,66008.6,60.87,1
B200133,Food,20,500000.0,360380.06,27.92,1,0,123493.11,52.49,0
B207205,Services,17,500000.0,309487.94,38.1,0,0,,43.13,0
B201722,Retail,13,500000.0,429474.37,14.11,1,0,54983.09,58.62,0
B205580,Healthcare,32,500000.0,363016.88,,1,0,99379.13,46.65,0
B206255,Retail,10,500000.0,448606.21,10.28,0,0,92571.38,57.16,0
B201352,Manufacturing,60,500000.0,366249.43,26.75,0,0,69131.53,47.16,0
B208719,Retail,30,500000.0,2661873.26,9.96,0,0,35840.57,58.59,0
B208738,Services,11,500000.0,399439.72,20.11,1,0,45407.51,48.28,0
B207274,Services,7,500000.0,333461.03,33.31,1,0,97347.11,48.48,0
B204643,Healthcare,40,500000.0,409583.05,18.08,0,0,95338.73,56.37,0
B202879,Services,6,500000.0,386408.42,22.72,0,0,81954.88,44.77,0
B208255,Healthcare,14,500000.0,408347.11,18.33,0,0,56231.3,49.44,0
B204628,Retail,6,500000.0,417794.45,16.44,0,0,49048.25,56.36,0
B206589,Manufacturing,43,500000.0,375033.75,24.99,0,0,84331.63,50.85,0
B200334,Food,56,500000.0,389289.67,22.14,0,0,58156.77,51.98,0
B202699,IT,29,541819.78,387706.81,28.44,1,0,120305.3,56.47,0
B205588,Retail,36,500000.0,378815.81,24.24,0,0,462271.29,51.38,0
B200399,,44,500000.0,383553.42,23.29,0,0,94336.47,53.26,0
B201302,Services,20,500000.0,323138.86,,1,0,107734.14,45.93,0
B200292,Food,32,500000.0,432242.04,13.55,1,0,,61.69,1
B203882,Retail,37,500000.0,393407.08,21.32,0,0,60273.07,62.17,1
B202081,Food,17,500000.0,355702.04,28.86,0,0,70411.41,46.01,0
B204252,Food,16,500000.0,393879.48,21.22,0,0,68069.56,53.0,0
B207756,,7,500000.0,385876.12,22.82,0,0,82211.85,43.12,0
B202627,Services,3,500000.0,341936.04,31.61,1,0,99086.13,51.62,0
B203059,Services,23,500000.0,351030.75,29.79,0,0,57160.59,50.66,0
B209217,Services,10,500000.0,337186.01,,1,1,106583.52,66.68,1
B205870,Food,24,500000.0,382160.43,23.57,0,0,74875.68,56.49,0
B203908,IT,23,500000.0,352457.87,29.51,0,0,80055.71,36.3,0
B203410,Manufacturing,60,500000.0,367496.66,26.5,0,0,75369.21,48.16,0
B205753,Retail,35,500000.0,423686.05,,0,0,,48.32,0
B203805,Services,34,500000.0,383376.36,23.32,0,0,22068.11,49.67,0
B205129,IT,25,522846.37,368696.12,29.48,0,0,92024.14,49.11,0
B209635,,38,500000.0,391600.55,21.68,0,0,45465.91,51.55,0
B204139,Retail,43,500000.0,430456.05,,1,0,,50.87,0
B201593,Retail,35,500000.0,362438.96,27.51,0,0,93468.61,49.03,0
B208068,Services,36,500000.0,396585.36,20.68,1,0,51690.75,41.0,0
B204751,Retail,37,500000.0,415621.25,16.88,1,0,81585.07,57.82,0
B205958,Services,29,500000.0,422999.53,15.4,0,0,42084.52,62.99,1
B200376,Retail,44,500000.0,457473.56,8.51,1,1,72959.34,72.8,1
B200670,,20,500000.0,374386.05,25.12,0,0,111333.36,42.59,0
B204587,Retail,42,500000.0,417193.4,16.56,0,0,74892.97,59.52,0
B208777,Food,25,528050.45,411192.97,22.13,0,0,94811.18,51.7,0
B204736,Services,30,619960.32,539747.08,12.94,0,0,67997.17,50.18,0
B204059,Services,25,500000.0,362667.31,27.47,1,0,73128.14,47.87,0
B204974,Retail,29,500000.0,411959.88,17.61,1,0,79134.09,46.94,0
B206920,Healthcare,14,500000.0,367670.64,26.47,0,0,88120.17,52.72,0
B200647,Manufacturing,35,500000.0,444338.66,11.13,0,0,37020.79,53.21,0
B205781,Services,25,500000.0,377181.91,24.56,0,0,82160.78,49.06,0
B206042,IT,26,500000.0,385305.33,22.94,0,0,83776.73,45.46,0
B203365,IT,49,500000.0,308418.1,38.32,1,0,113143.15,46.83,0
B205477,Food,6,500000.0,386109.19,22.78,0,0,100280.59,44.58,0
B206939,Retail,33,500000.0,409260.95,18.15,1,0,50939.73,49.15,0
B207818,Services,4,500000.0,356669.69,28.67,0,0,50344.16,39.5,0
B204046,Services,39,500000.0,375028.05,24.99,0,0,56456.83,38.16,0
B209338,IT,3,500000.0,348690.18,30.26,0,0,57123.52,50.33,0
B205474,Services,22,500000.0,442342.16,11.53,0,0,88033.56,55.01,0
B209664,Retail,53,500000.0,384348.01,23.13,0,0,,56.12,0
B205641,Retail,33,500000.0,429204.95,14.16,1,0,35299.71,56.93,0
B201343,Services,49,500000.0,403072.08,19.39,1,0,90059.83,48.87,0
B205842,Food,35,500000.0,375092.91,24.98,1,0,81447.88,54.13,0
B206877,Food,28,500000.0,400911.26,19.82,1,0,107336.55,51.79,0
B208876,Services,12,500000.0,370001.33,26.0,1,0,131892.42,53.15,0
B203859,Services,31,500000.0,428261.07,14.35,0,0,82912.5,52.89,0
B207893,Food,32,500000.0,371330.42,25.73,0,0,81764.38,45.44,0
B206439,Manufacturing,32,500000.0,427292.29,14.54,1,0,69493.62,57.34,0
B200053,Manufacturing,53,500000.0,366768.9,26.65,0,0,94413.05,50.66,0
B202143,Services,47,500000.0,443786.99,11.24,0,0,45939.34,56.25,0
B203262,Services,16,500000.0,340613.16,31.88,1,0,99130.7,47.25,0
B204962,Services,28,500000.0,387888.31,22.42,0,0,74149.66,47.53,0
B205020,Services,25,500000.0,306788.5,38.64,0,0,89197.35,40.15,0
B204038,Healthcare,18,500000.0,361679.42,,0,0,50369.18,49.22,0
B209658,Food,11,500000.0,390658.38,21.87,1,0,106649.37,43.73,0
B204445,Healthcare,16,500000.0,443043.68,11.39,0,0,55393.87,56.14,0
B206361,Retail,37,500000.0,400293.23,19.94,1,0,,52.03,0
B203629,it,3,500000.0,328495.66,34.3,0,0,105385.32,41.24,0
B204653,Manufacturing,42,500000.0,395851.86,20.83,0,0,28019.49,55.06,0
B207867,Healthcare,40,500000.0,383216.6,23.36,0,0,312328.6,44.41,0
B207549,Retail,45,500000.0,411989.31,17.6,0,0,103586.59,61.79,1
B209175,IT,45,500000.0,365316.11,26.94,0,0,48818.56,46.6,0
B207278,IT,27,500000.0,410720.69,17.86,0,0,82262.82,59.99,0
B207708,Healthcare,8,500000.0,367215.98,26.56,1,0,85244.35,42.46,0
B201498,Manufacturing,50,500000.0,427982.0,14.4,1,1,67304.21,71.97,1
B203716,Services,3,500000.0,342938.8,,0,0,65512.56,47.07,0
B203885,Manufacturing,50,500000.0,392906.23,21.42,1,0,61908.58,52.17,0
B206715,manufacturing,58,808679.71,508916.22,37.07,1,0,83054.49,36.84,0
B201590,Retail,31,500000.0,1933419.84,13.61,0,0,85878.77,58.02,0
B202341,Healthcare,10,500000.0,362235.25,27.55,0,0,56015.62,49.05,0
B201326,Retail,19,500000.0,438343.36,12.33,0,0,349927.31,49.46,0
B203315,Services,11,500000.0,344223.12,31.16,0,0,103565.52,51.66,0
B202692,Retail,25,500000.0,433981.04,13.2,1,1,60944.1,65.56,1
B205237,Manufacturing,35,3008000.89,358226.65,28.35,0,0,102850.52,47.27,0
B200289,Services,20,500000.0,352465.68,29.51,0,0,50047.35,46.1,0
B205508,Services,10,500000.0,416689.21,16.66,1,0,70068.48,58.03,0
B203888,IT,14,500000.0,318973.48,36.21,1,1,151803.1,66.23,1
B208452,Food,35,500000.0,1477434.65,22.58,0,0,52577.18,51.6,0
B201535,Manufacturing,52,500000.0,450437.09,9.91,1,0,110153.29,48.95,0
B201470,Retail,27,500000.0,399012.73,20.2,0,0,35918.76,48.15,0
B201111,Retail,28,500000.0,419034.69,16.19,1,1,75084.27,69.01,1
B202946,Healthcare,8,500000.0,390513.86,,0,0,103055.37,57.69,0
B208905,IT,38,500000.0,393684.56,21.26,1,0,61056.45,46.81,0
B200750,,3,500000.0,363233.99,27.35,0,0,,47.88,0
B201681,Food,5,500000.0,424920.19,15.02,0,0,75397.0,55.74,0
B201544,Services,36,500000.0,378860.53,,1,0,96338.89,51.23,0
B200165,Manufacturing,19,500000.0,386947.12,,0,0,54737.06,50.59,0
B203998,Food,40,500000.0,359715.36,28.06,0,0,101981.02,44.27,0
B208460,Services,29,500000.0,390503.73,21.9,0,0,59157.36,50.16,0
B202457,Manufacturing,39,500000.0,356639.62,28.67,0,0,25211.2,52.88,0
B200596,Services,23,500000.0,309000.74,38.2,0,0,106983.68,45.74,0
B205792,Manufacturing,36,500000.0,417971.69,16.41,1,0,10864.19,56.33,0
B203530,Healthcare,23,500000.0,418475.15,16.3,0,0,63142.41,47.58,0
B207327,food,31,500000.0,446666.95,10.67,0,0,88548.38,55.2,0
B204331,Manufacturing,69,673076.88,442019.23,34.33,0,0,150717.74,42.49,0
B208590,Food,17,500000.0,457296.38,8.54,0,0,49456.62,63.35,1
B201694,Healthcare,31,500000.0,372945.75,25.41,1,0,71048.27,47.96,0
B204464,Services,9,500000.0,329584.75,34.08,0,0,108325.42,39.56,0
B204061,Retail,33,500000.0,419038.48,16.19,0,0,25464.05,54.27,0
B202871,Healthcare,20,500000.0,362780.25,27.44,0,0,109461.51,53.02,0
B207527,Services,27,500000.0,336565.34,32.69,0,0,71321.61,47.54,0
B209677,Retail,21,500000.0,414528.5,17.09,0,0,165393.01,49.66,0
B209836,Retail,17,500000.0,445896.79,10.82,0,0,58237.24,54.5,0
B208912,,44,500000.0,440329.12,11.93,0,0,,48.26,0
B200113,Services,25,500000.0,336944.4,32.61,0,0,91452.57,54.15,0
B201757,Healthcare,29,500000.0,443442.41,11.31,0,0,55881.17,57.01,0
B201931,Retail,38,500000.0,447434.15,10.51,0,0,70653.31,55.29,0
B208263,Retail,27,500000.0,425809.51,14.84,1,0,69055.27,55.71,0
B201468,IT,16,500000.0,371813.41,25.64,0,0,,55.46,0
B208547,,28,500000.0,394247.05,21.15,0,0,38945.0,54.74,0
B208592,Manufacturing,25,500000.0,353128.51,29.37,1,0,89950.46,59.1,0
B200768,Retail,37,500000.0,441793.65,11.64,1,0,71885.26,48.97,0
B208281,Food,40,717175.9,503882.81,29.74,0,0,123249.11,46.5,0
B203012,Healthcare,20,500000.0,401997.18,19.6,1,1,44127.48,63.11,1
B200397,Services,27,500000.0,341435.17,31.71,0,0,62167.4,42.03,0
B208756,Retail,30,500000.0,401963.44,19.61,0,0,64101.26,51.9,0
B204892,Food,13,500000.0,332967.96,33.41,0,0,86132.93,41.58,0
B202957,Manufacturing,22,500000.0,387316.09,22.54,1,0,70697.33,51.44,0
B208929,Food,23,500000.0,390524.19,21.9,0,0,61131.53,54.07,0
B205547,Food,3,500000.0,343704.05,31.26,0,0,74465.0,42.66,0
B208175,Food,22,500000.0,386313.15,22.74,1,0,89696.64,42.14,0
B205100,Food,18,606219.64,507250.88,16.33,0,0,113319.61,59.14,0
B202497,Food,30,500000.0,407534.39,18.49,1,0,42920.49,51.06,0
B209824,Services,34,500000.0,356438.81,28.71,0,0,26403.18,43.04,0
B203189,IT,26,500000.0,383165.05,23.37,0,0,31281.2,50.04,0
B206815,Services,34,500000.0,384431.59,23.11,1,0,80256.61,53.82,0
B204502,Food,25,500000.0,429595.85,14.08,0,0,27043.71,54.97,0
B209924,IT,24,500000.0,330666.14,33.87,0,0,74364.83,52.22,0
B206824,Services,3,500000.0,451675.71,9.66,0,0,402100.1,46.68,0
B208984,Food,22,500000.0,341857.8,31.63,1,0,91075.93,40.11,0
B205464,Food,25,500000.0,393623.5,21.28,1,0,72588.24,57.72,0
B206573,IT,26,500000.0,312920.82,37.42,1,1,105049.14,59.72,0
B205386,Manufacturing,52,500000.0,384613.36,23.08,0,0,56603.29,45.83,0
B204767,Retail,25,500000.0,385398.42,22.92,1,1,69068.91,60.4,1
B207624,Retail,37,500000.0,385498.66,22.9,0,0,106442.5,46.52,0
B201398,Services,29,500000.0,397493.13,20.5,0,0,54349.0,49.95,0
B207591,Food,22,500000.0,380041.98,23.99,0,0,27564.47,48.91,0
B207513,Food,20,500000.0,405233.53,18.95,1,0,61006.54,48.41,0
B206344,Food,11,739687.96,589472.4,20.31,1,1,86187.2,64.32,1
B204351,Services,24,500000.0,375541.85,24.89,0,0,56994.87,47.7,0
B200199,IT,20,500000.0,320656.59,35.87,1,0,86496.67,49.28,0
B200035,Food,32,500000.0,439430.08,12.11,0,0,67332.78,53.03,0
B200277,Healthcare,39,500000.0,388813.39,22.24,0,0,64275.94,43.86,0
B204175,Services,46,500000.0,383045.42,23.39,0,0,47539.17,54.72,0
B204885,Services,26,500000.0,354091.41,29.18,1,0,72512.03,58.02,0
B205867,Healthcare,16,500000.0,426104.38,,0,0,42739.73,51.49,0
B205170,Manufacturing,44,500000.0,357650.46,28.47,0,0,72809.16,42.16,0
B205527,Food,36,500000.0,402690.15,19.46,1,0,92271.72,52.43,0
B202432,Healthcare,19,500000.0,433565.29,13.29,1,0,38685.01,51.31,0
B203364,IT,38,500000.0,329323.45,34.14,0,0,103396.98,45.8,0
B202146,IT,12,500000.0,2153525.93,27.39,0,0,117002.21,46.61,0
B203993,Manufacturing,37,500000.0,375356.01,24.93,0,0,75573.95,44.44,0
B207898,Retail,42,500000.0,447282.93,10.54,1,0,64290.65,56.09,0
B208108,Healthcare,6,500000.0,372438.35,25.51,0,0,69586.27,48.84,0
B205076,,60,500000.0,332444.08,33.51,0,0,84425.48,44.64,0
B206145,Manufacturing,48,500000.0,352060.79,29.59,1,0,123278.83,41.74,0
B202335,IT,18,500000.0,354718.35,29.06,0,0,103204.39,44.87,0
B206487,Healthcare,29,500000.0,357904.3,28.42,1,1,84664.17,59.11,0
B205760,Healthcare,35,500000.0,374357.07,25.13,0,0,77660.91,48.77,0
B200921,Retail,15,500000.0,2943557.93,13.52,0,0,32829.97,57.89,0
B200938,Services,28,500000.0,416143.58,16.77,1,0,87000.56,48.79,0
B203766,Retail,27,500000.0,412692.89,17.46,0,0,73580.41,58.64,0
B201669,services,17,500000.0,373464.85,25.31,0,0,79427.76,56.65,0
B205045,Healthcare,6,500000.0,403499.42,19.3,1,0,102589.57,57.26,0
B209837,Services,31,500000.0,372775.99,25.44,0,0,68804.75,50.43,0
B202153,Services,18,500000.0,427260.22,14.55,0,0,37691.69,49.35,0
B200064,IT,17,500000.0,388795.78,22.24,0,0,58231.71,56.6,0
B205865,Retail,17,500000.0,1909552.6,17.45,1,0,39581.2,39.18,0
B205887,Services,30,500000.0,391854.85,21.63,0,0,38185.86,47.71,0
B203980,Services,20,517849.62,352832.05,31.87,0,0,79709.7,38.47,0
B200498,Retail,41,500000.0,434216.65,13.16,0,0,41938.12,54.97,0
B209161,Healthcare,43,500000.0,374112.54,25.18,1,0,71736.07,53.83,0
B207626,services,32,500000.0,394687.65,21.06,0,0,65131.84,56.21,0
B205214,,45,500000.0,423914.57,15.22,1,0,39127.51,52.26,0
B209421,IT,3,500000.0,387426.57,22.51,0,0,67499.04,44.4,0
B204314,IT,3,500000.0,331094.0,33.78,0,0,130161.37,40.75,0
B207422,Services,3,500000.0,394068.56,21.19,0,0,320657.57,55.47,0
B200641,Healthcare,21,500000.0,384166.34,23.17,0,0,53758.99,49.8,0
B205776,Healthcare,3,500000.0,1960720.44,14.62,0,0,18492.47,56.96,0
B207431,IT,12,511106.32,383049.25,25.05,1,0,115352.24,42.33,0
B207856,IT,24,500000.0,350759.12,29.85,0,0,73595.33,49.04,0
B208320,IT,15,700722.77,500529.44,28.57,0,0,149054.17,44.57,0
B201632,IT,18,500000.0,329132.09,34.17,0,0,72123.25,38.04,0
B202002,Services,31,500000.0,367236.96,26.55,0,0,540528.79,43.98,0
B202742,Food,24,500000.0,400188.6,19.96,0,0,54468.65,45.19,0
B201428,Food,7,500000.0,414918.48,17.02,1,0,40114.27,52.82,0
B209873,IT,34,500000.0,394652.49,21.07,0,0,82981.39,54.25,0
B207584,Retail,22,500000.0,2762163.78,13.04,0,0,64973.2,63.86,1
B204872,Healthcare,23,500000.0,385965.31,22.81,1,0,57018.06,53.31,0
B204748,Services,6,500000.0,1778303.71,16.7,0,0,72112.52,53.84,0
B205565,Services,24,500000.0,414356.56,17.13,0,0,67802.94,58.37,0
B204673,Retail,39,500000.0,365944.71,26.81,1,0,78658.13,49.09,0
B203603,Food,5,500000.0,377983.98,24.4,0,0,76689.97,53.42,0
B207832,Services,18,500000.0,368271.25,26.35,0,0,59361.45,52.76,0
B200957,Retail,38,500000.0,406369.49,18.73,0,0,393979.34,50.92,0
B203584,Retail,34,500000.0,423113.28,15.38,1,1,,69.83,1
B200000,Food,32,500000.0,354230.55,29.15,0,0,99932.92,51.72,0
B204028,Manufacturing,37,500000.0,397836.04,20.43,1,0,53039.46,46.52,0
B206052,IT,3,500000.0,377459.33,24.51,0,0,90850.75,56.61,0
B208998,Food,30,500000.0,415310.24,16.94,0,0,65957.2,49.73,0
B202784,Food,37,500000.0,392736.99,21.45,0,0,58182.9,48.76,0
B204750,Services,3,500000.0,359500.2,28.1,0,0,121528.44,48.9,0
B201193,Manufacturing,58,500000.0,365250.05,26.95,1,0,83389.43,50.89,0
B203950,Services,3,500000.0,403211.4,19.36,0,0,53975.37,48.65,0
B202375,Services,50,500000.0,412517.67,17.5,1,0,46709.18,54.81,0
B204949,Retail,4,500000.0,408784.79,18.24,0,0,69522.61,40.0,0
B205702,IT,14,500000.0,368183.88,26.36,1,0,46630.18,52.24,0
B202866,Services,19,500000.0,324771.37,35.05,1,0,60853.63,52.42,0
B200250,Food,31,500000.0,386276.47,22.74,0,0,73876.3,56.76,0
B208642,Retail,52,500000.0,397038.14,20.59,0,0,100458.97,56.34,0
B200886,IT,35,500000.0,374420.11,25.12,0,0,58627.29,49.13,0
B200960,Food,7,500000.0,409809.86,18.04,1,0,,50.06,0
B209380,Services,13,500000.0,326038.19,34.79,0,0,57084.56,43.15,0
B203046,Services,24,500000.0,311031.28,37.79,1,0,105188.9,37.03,0
B202696,Retail,24,500000.0,447996.75,10.4,1,0,53575.63,63.52,1
B200846,Manufacturing,37,500000.0,480019.26,4.0,0,0,21575.43,59.19,0
B209841,Services,22,500000.0,368523.59,26.3,0,0,47351.99,51.46,0
B200620,Retail,23,500000.0,401342.91,19.73,1,1,70067.07,71.16,1
B202400,Food,29,500000.0,432953.56,13.41,1,0,66410.98,42.03,0
B209399,Healthcare,13,500000.0,418888.17,16.22,0,0,50129.63,60.24,1
B209582,Healthcare,35,500000.0,452751.63,9.45,0,0,27877.99,51.28,0
B208003,Retail,4,3230678.73,414516.74,17.1,0,0,67150.17,59.43,0
B206396,Services,42,500000.0,391237.0,21.75,0,0,66179.88,42.03,0
B202926,Food,27,500000.0,424905.73,15.02,0,0,54824.71,57.75,0
B203092,Retail,19,500000.0,412379.8,17.52,0,0,61469.79,50.71,0
B207423,food,36,500000.0,340555.12,31.89,0,0,101468.59,46.16,0
B208578,Services,27,613834.42,497629.8,,0,0,862418.6,47.78,0
B201614,Healthcare,51,500000.0,388484.38,22.3,0,0,,56.24,0
B203066,Retail,20,500000.0,449147.95,10.17,0,0,90747.3,57.19,0
B200795,IT,12,500000.0,347784.56,30.44,0,0,708584.02,44.27,0
B201393,Retail,34,500000.0,423557.97,15.29,0,0,77644.47,48.29,0
B200222,Healthcare,3,500000.0,364248.54,27.15,0,0,134074.5,49.46,0
B206065,Healthcare,15,500000.0,381325.12,23.73,0,0,69077.21,49.4,0
B208115,Services,40,500000.0,357025.55,28.59,0,0,94072.8,49.73,0
B208194,Services,39,500000.0,383188.63,23.36,0,0,77843.96,55.32,0
B206981,Food,34,500000.0,338080.36,32.38,0,0,88138.51,45.71,0
B209819,Retail,46,500000.0,393702.93,21.26,0,0,42831.84,58.86,0
B209766,Manufacturing,42,500000.0,379271.72,24.15,0,0,59151.45,52.5,0
B207015,Services,18,500000.0,370882.53,25.82,0,0,87647.0,45.59,0
B207392,Manufacturing,49,832645.92,753330.09,9.53,1,0,98562.79,53.76,0
B204604,Manufacturing,69,500000.0,340262.46,31.95,0,0,118934.22,40.17,0
B207311,Retail,15,500000.0,387133.65,22.57,1,0,,60.63,1
B204937,Services,25,500000.0,384730.21,23.05,0,0,86740.62,49.76,0
B201900,Retail,52,500000.0,457308.0,8.54,0,0,69787.13,57.62,0
B205532,Food,15,500000.0,369344.65,26.13,0,0,59250.3,56.3,0
B203927,Services,24,500000.0,352145.6,29.57,0,0,80486.72,42.99,0
B207359,,42,500000.0,401280.63,19.74,1,0,74633.87,50.62,0
B207013,Food,25,500000.0,396130.79,20.77,1,0,123348.4,52.22,0
B207648,Retail,31,500000.0,429135.81,14.17,1,0,86209.69,59.2,0
B202986,Healthcare,31,500000.0,435168.82,12.97,1,0,83568.21,51.95,0
B204679,Retail,43,500000.0,428303.04,14.34,0,0,54238.28,51.01,0
B204312,manufacturing,55,500000.0,371941.13,25.61,0,0,83150.33,45.03,0
B202599,Food,15,500000.0,392869.22,21.43,0,0,111362.45,45.36,0
B209514,Food,28,500000.0,429393.49,14.12,0,0,67665.45,42.63,0
B202944,IT,28,500000.0,363562.92,27.29,0,0,102012.02,41.93,0
B202811,Services,32,500000.0,343574.88,31.29,0,0,,41.73,0
B207067,Manufacturing,52,500000.0,396330.63,20.73,1,0,70995.57,54.37,0
B202667,healthcare,48,500000.0,404076.31,19.18,0,0,46451.32,63.78,1
B203100,Manufacturing,43,500000.0,371047.28,25.79,0,0,80023.68,54.25,0
B203679,Retail,22,500000.0,406115.67,18.78,0,0,89023.07,44.33,0
B206047,Healthcare,20,500000.0,381966.4,23.61,0,0,82012.45,48.08,0
B205087,IT,3,683011.99,470966.23,31.05,0,0,150203.97,42.83,0
B204801,Manufacturing,51,500000.0,370088.27,25.98,0,0,,55.42,0
B201615,Services,23,500000.0,385969.84,22.81,1,0,89916.41,49.49,0
B203451,Healthcare,40,500000.0,331076.46,33.78,0,0,108822.87,48.61,0
B206911,IT,27,500000.0,318149.82,36.37,0,0,117758.84,46.37,0
B209573,Retail,19,500000.0,422264.03,15.55,0,0,61673.25,49.26,0
B207594,IT,14,500000.0,351959.46,29.61,1,0,116142.29,47.02,0
B200508,Services,26,500000.0,1737548.58,28.76,1,0,76520.82,49.82,0
B204268,Manufacturing,41,500000.0,449144.86,10.17,0,0,53810.38,61.71,1
B205510,Manufacturing,63,500000.0,414343.01,17.13,0,0,71514.45,51.46,0
B201653,Retail,35,500000.0,450497.82,9.9,0,0,53986.86,54.54,0
B208393,Services,22,500000.0,385177.55,22.96,1,0,106653.82,47.29,0
B202097,Healthcare,18,500000.0,375737.12,24.85,0,0,101928.02,52.45,0
B207934,,17,1143340.91,833262.07,27.12,0,0,251139.65,60.01,1
B205673,Services,24,500000.0,365161.42,26.97,0,0,108547.7,51.96,0
B202318,Retail,42,500000.0,364571.49,27.09,0,0,106449.81,46.36,0
B201811,IT,28,500000.0,378432.75,24.31,1,0,87139.14,53.72,0
B201274,services,20,500000.0,389382.28,22.12,0,0,88212.76,47.59,0
B204621,Food,19,1020686.04,758735.44,25.66,0,0,183060.59,48.26,0
B202573,Manufacturing,55,500000.0,422736.85,15.45,0,0,,48.23,0
B208786,Food,20,500000.0,392569.67,21.49,1,0,91758.78,48.83,0
B208981,Manufacturing,37,500000.0,396277.57,20.74,0,0,94907.89,48.65,0
B204058,Food,23,500000.0,388630.13,22.27,1,0,92215.76,51.62,0
B204323,Retail,32,500000.0,329092.7,34.18,0,0,110677.42,40.46,0
B201068,Manufacturing,36,583299.12,459878.42,21.16,1,0,99268.65,53.94,0
B208560,Services,35,500000.0,305040.71,,0,0,142691.03,50.18,0
B203220,Food,30,500000.0,374397.34,25.12,0,0,61597.74,54.24,0
B204681,Healthcare,18,500000.0,395434.61,20.91,0,0,58329.45,55.86,0
B206626,Retail,36,500000.0,403938.39,19.21,1,1,93491.88,64.14,1
B204288,IT,26,549574.84,413778.98,24.71,0,0,78655.08,49.13,0
B206871,Manufacturing,60,500000.0,340151.04,31.97,0,0,51756.71,47.21,0
B208505,Healthcare,22,500000.0,386963.19,22.61,0,0,103632.94,51.29,0
B200132,IT,5,500000.0,363996.18,27.2,1,1,77677.79,66.72,1
B206131,Retail,12,500000.0,411623.62,17.68,1,1,63480.08,68.33,1
B200803,Retail,43,500000.0,412295.5,17.54,1,0,42572.32,57.33,0
B200421,Retail,41,500000.0,438876.73,12.22,0,0,51247.18,56.43,0
B200215,,18,500000.0,397182.19,20.56,0,0,85117.63,43.13,0
B207318,Healthcare,29,500000.0,412054.47,17.59,1,0,69493.17,52.53,0
B203678,Retail,26,500000.0,375147.9,24.97,0,0,522696.87,50.89,0
B201746,Services,13,500000.0,379811.02,24.04,0,0,88673.36,46.47,0
B202108,Manufacturing,41,500000.0,364631.82,27.07,0,0,90700.08,48.12,0
B202759,Services,16,500000.0,368403.81,26.32,1,1,116291.14,67.09,1
B202355,Retail,14,500000.0,416841.65,16.63,1,0,81074.4,54.78,0
B209403,Food,10,500000.0,391715.11,21.66,0,0,91039.22,47.71,0
B205448,,27,500000.0,375147.48,24.97,0,0,86597.06,51.86,0
B207132,Retail,24,500000.0,418885.0,16.22,0,0,87237.2,57.06,0
B201110,Healthcare,3,500000.0,341101.64,31.78,0,0,56717.13,52.65,0
B207345,Retail,29,500000.0,445827.99,10.83,0,0,56895.26,56.21,0
B201732,IT,30,500000.0,396755.66,20.65,0,0,99219.8,53.21,0
B203864,Retail,36,500000.0,442097.21,11.58,1,1,42544.65,76.92,1
B201448,Retail,36,500000.0,389098.82,22.18,0,0,78308.21,53.66,0
B209317,,73,500000.0,399426.63,20.11,0,0,98759.39,49.59,0
B209674,Retail,34,500000.0,406699.11,18.66,0,0,344406.38,46.63,0
B201450,Services,22,500000.0,391546.39,21.69,0,0,71209.84,47.4,0
B200815,IT,24,500000.0,341291.28,,0,0,48812.91,47.42,0
B207684,Manufacturing,60,500000.0,446398.31,10.72,0,0,36843.13,51.24,0
B200549,Healthcare,19,500000.0,341884.66,,0,0,151922.51,45.0,0
B202203,Healthcare,3,500000.0,424957.18,15.01,0,0,50704.51,56.52,0
B201426,Services,22,500000.0,378632.35,24.27,0,0,71064.73,46.09,0
B209866,Services,6,500000.0,415266.05,16.95,0,0,74850.88,62.96,1
B207298,Services,8,500000.0,425687.78,14.86,0,0,41851.31,59.46,0
B206224,IT,3,500000.0,314567.18,37.09,0,0,127648.44,44.81,0
B208857,Retail,38,2207750.32,474014.44,5.2,1,1,,69.97,1
B208392,Food,3,500000.0,408961.31,18.21,0,0,64620.68,52.19,0
B209211,Retail,33,500000.0,358164.14,28.37,0,0,90930.39,42.29,0
B200523,Food,20,500000.0,424499.55,15.1,0,0,98771.37,61.73,1
B207339,Retail,43,500000.0,425364.79,14.93,1,0,44734.16,48.99,0
B209637,Retail,41,500000.0,429513.33,14.1,1,0,194082.77,54.24,0
B205615,IT,8,500000.0,381786.06,23.64,0,0,119898.41,59.64,0
B206029,Manufacturing,38,500000.0,367581.98,26.48,0,0,91770.48,50.92,0
B202188,Retail,15,500000.0,385844.12,22.83,0,0,95841.46,49.15,0
B206723,Food,53,500000.0,380098.14,23.98,0,0,101759.69,51.6,0
B209527,Food,11,500000.0,408226.11,18.35,0,0,35029.74,60.86,1
B201795,,38,500000.0,369219.87,26.16,1,0,83605.23,46.01,0
B208552,Retail,26,500000.0,1958313.76,24.55,1,0,54613.37,49.63,0
B207577,Food,24,500000.0,366119.79,26.78,1,0,,56.48,0
B206635,Retail,37,500000.0,387667.62,22.47,0,0,86084.92,50.8,0
B203846,,5,500000.0,346885.26,30.62,0,0,90261.28,49.53,0
B200322,Services,15,500000.0,370939.61,25.81,0,0,76724.07,54.16,0
B209802,Services,22,500000.0,377069.84,24.59,0,0,88011.44,50.22,0
B206828,Healthcare,8,500000.0,408287.21,18.34,1,0,17840.69,47.68,0
B206823,Services,16,500000.0,349545.02,30.09,0,0,78542.0,49.13,0
B209381,Healthcare,19,500000.0,384311.81,23.14,0,0,58071.1,53.91,0
B206623,Healthcare,21,500000.0,444256.87,11.15,0,0,61346.03,57.87,0
B201303,Healthcare,35,500000.0,370135.26,25.97,0,0,66826.33,51.68,0
B206108,Manufacturing,58,500000.0,435726.63,,0,0,62346.86,47.56,0
B209611,Manufacturing,46,500000.0,368136.14,26.37,0,0,73321.71,49.94,0
B202894,Retail,41,500000.0,405306.16,18.94,1,0,115045.48,47.79,0
B209414,Food,28,500000.0,368457.51,26.31,0,0,54891.08,49.72,0
B204197,Retail,28,500000.0,427929.16,,0,0,94125.18,55.21,0
B207200,Retail,37,500000.0,484738.87,3.05,1,0,71818.41,50.04,0
B208407,Services,42,500000.0,367254.96,26.55,0,0,71463.12,50.82,0
B201489,Services,37,500000.0,344529.12,31.09,1,0,88433.05,43.59,0
B202219,Services,13,500000.0,406604.63,18.68,0,0,67083.57,51.75,0
B204478,Retail,30,735305.88,615441.12,16.3,0,0,111722.35,55.28,0
B203209,food,25,500000.0,404482.25,19.1,1,0,64322.86,52.95,0
B202660,Services,44,500000.0,370480.0,25.9,1,0,36284.53,57.79,0
B206583,Manufacturing,53,500000.0,395072.22,20.99,1,0,73753.31,49.49,0
B208227,Services,3,500000.0,408769.75,18.25,0,0,82765.73,52.73,0
B202484,Manufacturing,55,500000.0,326663.72,34.67,0,0,61615.01,59.41,0
B208424,Services,3,500000.0,348898.7,30.22,1,0,80386.55,49.02,0
B207979,services,19,500000.0,344227.73,31.15,0,0,90588.86,45.86,0
B208260,Food,30,500000.0,345508.04,30.9,0,0,95942.46,48.04,0
B205447,Food,17,500000.0,383720.69,23.26,0,0,83312.54,58.03,0
B200881,Food,23,500000.0,419716.86,16.06,0,0,57131.56,50.63,0
B209717,Food,18,513310.56,427835.16,16.65,1,0,89204.74,52.88,0
B201107,IT,26,500000.0,420465.12,15.91,0,0,74300.97,44.92,0
B201407,Retail,19,500000.0,395335.42,20.93,0,0,57297.13,56.2,0
B205379,Retail,16,500000.0,422593.65,15.48,0,0,64963.05,51.17,0
B205521,Healthcare,10,500000.0,458997.63,8.2,0,0,69565.27,59.32,0
B205305,IT,19,500000.0,350713.86,29.86,0,0,118184.84,53.17,0
B204274,Manufacturing,42,500000.0,453859.57,9.23,0,0,58950.02,60.29,1
B201063,Retail,33,500000.0,439423.12,12.12,0,0,50814.38,52.22,0
B204134,,12,500000.0,401014.61,19.8,0,0,99005.3,56.93,0
B207011,retail,10,500000.0,426414.79,14.72,1,0,40789.9,46.8,0
B200122,Retail,27,500000.0,401987.51,19.6,1,0,55733.69,58.25,0
B203979,Healthcare,14,500000.0,415329.6,16.93,0,0,60115.72,54.19,0
B202206,Manufacturing,35,500000.0,375795.92,24.84,0,0,77700.7,52.28,0
B207222,Retail,28,500000.0,439977.5,12.0,0,0,46603.74,53.35,0
B206285,Manufacturing,56,500000.0,415218.81,16.96,0,0,75877.54,60.4,1
B204337,Services,19,500000.0,297552.18,40.49,0,0,61982.67,38.88,0
B205856,Manufacturing,21,500000.0,383427.08,23.31,0,0,106260.6,46.86,0
B205189,Retail,29,500000.0,393262.18,21.35,0,0,78024.88,53.92,0
B204145,Manufacturing,34,500000.0,416847.39,16.63,1,0,61144.12,56.71,0
B205078,Food,24,500000.0,408915.96,18.22,0,0,48985.92,51.96,0
B206390,Food,18,500000.0,422369.5,15.53,0,0,55797.11,48.51,0
B204174,IT,21,500000.0,373760.04,25.25,0,0,66984.81,56.26,0
B204277,Healthcare,3,500000.0,383389.19,23.32,0,0,93034.9,48.54,0
B201308,Services,11,500000.0,383501.1,23.3,0,0,61104.92,51.0,0
B202201,Food,12,500000.0,438821.34,12.24,0,0,30558.07,58.92,0
B209112,Manufacturing,61,686475.45,545149.21,20.59,1,0,102470.74,63.14,1
B200931,Manufacturing,49,500000.0,371227.72,25.75,1,1,95280.97,64.02,1
B200464,Food,4,500000.0,322685.68,35.46,0,0,124368.25,44.97,0
B209675,Retail,36,500000.0,421650.35,15.67,1,0,58172.55,48.53,0
B200459,Manufacturing,42,500000.0,435077.23,12.98,1,0,84793.15,48.01,0
B201497,Services,16,500000.0,329296.69,34.14,0,0,89581.08,38.89,0
B203081,Services,11,500000.0,375277.97,24.94,0,0,76560.37,52.64,0
B203085,Manufacturing,40,500000.0,379452.99,24.11,0,0,93075.46,53.97,0
B206125,Manufacturing,48,500000.0,404490.08,,0,0,51808.39,54.46,0
B206036,Retail,49,500000.0,401466.21,19.71,0,0,68776.65,55.99,0
B202718,Manufacturing,43,500000.0,390397.16,21.92,0,0,32278.38,40.84,0
B202607,,34,500000.0,341770.96,31.65,0,0,60776.42,51.28,0
B203764,IT,27,500000.0,348142.57,30.37,0,0,109555.92,43.48,0
B203580,Services,41,500000.0,361883.54,27.62,0,0,104596.37,53.79,0
B203412,Healthcare,3,500000.0,2762239.45,12.85,0,0,55480.98,52.26,0
B204011,Services,17,500000.0,420037.17,15.99,0,0,56095.08,50.97,0
B203596,Healthcare,27,500000.0,451899.8,9.62,0,0,54896.25,57.57,0
B203826,Healthcare,15,500000.0,342422.17,,0,0,60437.07,44.32,0
B208043,Healthcare,34,500000.0,393113.08,21.38,0,0,57653.21,52.48,0
B201150,Manufacturing,29,500000.0,425155.32,14.97,0,0,,56.94,0
B201062,Services,13,500000.0,378961.93,24.21,1,1,75288.53,63.53,1
B209902,Retail,45,500000.0,457747.39,8.45,1,0,73697.23,60.1,1
B202042,Retail,25,500000.0,375315.79,24.94,1,1,109471.9,67.48,1
B202976,Food,17,500000.0,385356.96,22.93,0,0,88916.43,47.92,0
B204319,IT,27,500000.0,321490.11,35.7,0,0,88965.63,40.89,0
B202199,Services,26,500000.0,395438.95,20.91,0,0,99126.15,46.99,0
B204258,Food,34,500000.0,395146.01,20.97,0,0,79135.95,56.92,0
B201162,Healthcare,15,500000.0,325513.69,34.9,1,0,85410.77,42.98,0
B203620,Services,4,500000.0,383253.7,23.35,0,0,64629.5,36.14,0
B207762,Retail,19,500000.0,337490.21,32.5,0,0,620062.27,48.69,0
B207407,Food,10,500000.0,382396.96,23.52,0,0,75693.5,51.28,0
B208297,Healthcare,28,500000.0,391621.74,21.68,0,0,11853.97,61.0,1
B202217,Retail,16,500000.0,422490.04,15.5,0,0,58985.06,56.93,0
B204601,Services,16,500000.0,428409.31,14.32,1,0,45102.0,57.93,0
B207592,Retail,39,500000.0,402374.02,19.53,0,0,77208.07,51.55,0
B209531,Retail,28,500000.0,2540458.23,11.45,1,0,52486.6,59.71,0
B206103,Retail,24,500000.0,412167.93,17.57,1,1,96748.83,68.93,1
B204375,manufacturing,60,520031.19,352578.34,32.2,1,1,65927.65,59.67,0
B205518,Services,19,500000.0,391655.07,21.67,1,0,83787.33,41.56,0
B206761,Manufacturing,38,500000.0,355862.66,28.83,1,0,96663.64,51.15,0
B202183,Manufacturing,55,500000.0,420371.78,15.93,0,0,45276.68,60.18,1
B205268,Services,29,500000.0,364944.16,27.01,1,0,83366.19,45.89,0
B200209,Manufacturing,58,551741.82,2880936.93,16.28,1,0,,54.18,0
B209137,IT,21,500000.0,369152.82,,1,0,34841.14,43.62,0
B209233,Food,23,500000.0,382183.05,23.56,0,0,53225.93,55.4,0
B200218,IT,38,500000.0,406140.31,18.77,1,0,78225.37,55.46,0
B209484,Manufacturing,54,500000.0,395988.66,20.8,1,0,48112.81,48.85,0
B200776,IT,7,500000.0,358398.82,28.32,0,0,127974.48,42.37,0
B205014,Healthcare,43,500000.0,414786.46,17.04,1,0,54482.61,45.38,0
B208737,Healthcare,9,500000.0,388734.25,22.25,1,0,84655.89,57.61,0
B201427,Food,5,500000.0,431262.72,13.75,1,0,37022.19,59.04,0
B201169,Retail,33,500000.0,385043.52,22.99,0,0,55616.92,59.14,0
B207503,Manufacturing,37,500000.0,339905.31,32.02,1,0,92016.15,48.91,0
B200982,Healthcare,18,674989.07,488737.21,27.59,0,0,114528.33,34.93,0
B201439,Healthcare,33,500000.0,422251.13,,1,0,67470.67,49.94,0
B204162,Food,33,500000.0,395760.56,20.85,0,0,58806.37,58.97,0
B203583,Services,26,500000.0,312669.65,37.47,0,0,110509.96,49.13,0
B209356,Services,17,500000.0,387647.52,22.47,0,0,29861.1,44.49,0
B204424,Services,29,500000.0,352482.63,29.5,1,0,66650.94,43.53,0
B200968,Retail,30,500000.0,429137.45,14.17,0,0,77839.89,62.54,1
B201328,Retail,46,500000.0,383371.37,23.33,0,0,67851.72,54.88,0
B206213,Food,13,500000.0,380762.75,23.85,0,0,108388.15,48.18,0
B200099,Services,3,500000.0,380595.39,23.88,0,0,58459.25,50.36,0
B206280,Retail,29,500000.0,412237.36,17.55,0,0,57871.4,55.37,0
B207924,IT,35,1935339.3,368902.99,26.22,0,0,33843.26,49.57,0
B206702,Services,3,500000.0,374174.37,25.17,0,0,117993.65,45.71,0
B205872,,33,500000.0,392037.9,21.59,0,0,63405.39,47.8,0
B204922,Food,37,500000.0,1875129.5,24.09,1,0,92136.83,47.55,0
B201640,Manufacturing,45,500000.0,389712.37,22.06,0,0,80652.13,50.41,0
B206873,Food,31,516690.44,418228.3,19.06,0,0,72514.27,55.78,0
B204372,Manufacturing,28,500000.0,377663.15,24.47,0,0,67006.86,57.97,0
B201069,Manufacturing,60,500000.0,356015.32,28.8,1,0,114447.44,44.49,0
B201042,Retail,49,500000.0,450007.11,10.0,0,0,54706.04,50.66,0
B209058,IT,31,500000.0,371882.47,25.62,0,0,56023.44,60.65,1
B204972,Services,22,500000.0,352677.45,29.46,0,0,73827.74,49.86,0
B204187,Healthcare,24,500000.0,369302.93,26.14,0,0,82957.75,54.76,0
B200587,Retail,20,500000.0,459362.06,8.13,1,1,67940.1,73.72,1
B203610,Food,3,631811.48,448463.93,29.02,0,0,177370.6,44.27,0
B205412,Manufacturing,35,500000.0,450986.16,9.8,1,0,44433.01,58.1,0
B201378,Retail,28,500000.0,396129.83,20.77,0,0,65388.22,55.5,0
B205534,Food,12,500000.0,383154.15,23.37,0,0,,46.46,0
B208304,Services,23,500000.0,419016.32,16.2,0,0,59818.88,51.83,0
B200981,Services,24,505735.31,369097.74,27.02,0,0,77208.74,56.28,0
B208399,Healthcare,23,500000.0,375725.97,24.85,1,0,109516.56,50.96,0
B200787,Retail,36,500000.0,353145.07,29.37,0,0,90076.66,49.35,0
B200922,Retail,37,500000.0,419387.18,16.12,0,0,36055.52,54.62,0
B205918,Manufacturing,70,500000.0,379078.27,24.18,0,0,104172.86,50.97,0
B209512,Retail,38,500000.0,398547.92,20.29,0,0,56947.81,46.98,0
B203485,Retail,52,500000.0,399750.47,20.05,1,0,76635.85,54.45,0
B204762,Food,24,567862.38,457266.67,19.48,0,0,92608.71,48.73,0
B208126,Manufacturing,43,784549.91,632490.23,19.38,1,0,91911.23,62.59,1
B209052,Food,13,500000.0,389366.96,22.13,0,0,60671.22,44.51,0
B207302,IT,33,500000.0,394198.4,21.16,0,0,66708.36,50.74,0
B208212,Services,44,741715.6,504017.41,32.05,1,0,127156.9,37.49,0
B202187,Services,20,500000.0,356700.51,28.66,0,0,112550.92,44.19,0
B200346,Services,24,500000.0,413581.73,17.28,1,0,65267.27,55.16,0
B204509,Healthcare,35,500000.0,452603.91,9.48,0,0,52663.95,59.32,0
B205175,Retail,39,500000.0,461147.92,7.77,1,0,40209.44,52.51,0
B202593,Manufacturing,48,500000.0,426681.84,,1,0,53904.64,49.56,0
B203469,Healthcare,19,500000.0,408710.25,18.26,0,0,98081.4,50.18,0
B204410,Retail,24,500000.0,389471.06,22.11,1,0,62420.1,58.69,0
B201298,Retail,25,500000.0,455382.16,8.92,1,0,37036.97,53.53,0
B200360,Manufacturing,35,500000.0,354204.66,29.16,1,0,127592.48,40.93,0
B209272,Retail,21,500000.0,430267.03,,0,0,69744.44,51.63,0
B203309,Services,7,500000.0,396632.29,20.67,0,0,65667.42,49.91,0
B202670,Food,39,500000.0,420482.09,15.9,0,0,70754.98,59.65,0
B207308,Manufacturing,36,500000.0,413119.24,17.38,0,0,34457.55,49.31,0
B204293,Retail,21,500000.0,446996.59,10.6,1,0,69601.81,56.47,0
B208484,IT,17,500000.0,411910.37,17.62,1,0,58234.84,53.04,0
B208987,IT,29,500000.0,386605.82,22.68,0,0,60542.9,43.29,0
B201643,Healthcare,47,500000.0,387628.29,22.47,1,0,60618.57,51.46,0
B205005,Manufacturing,33,500000.0,377665.47,24.47,0,0,63252.38,50.57,0
B204017,Services,8,500000.0,392070.0,21.59,0,0,56244.66,45.44,0
B202725,Manufacturing,55,500000.0,377782.29,24.44,0,0,78146.47,46.96,0
B202958,Manufacturing,58,500000.0,377311.33,,0,0,70873.65,44.92,0
B203453,Manufacturing,41,500000.0,382979.15,23.4,1,0,94202.59,43.22,0
B208103,Retail,27,500000.0,388172.62,22.37,0,0,75225.42,47.67,0
B208528,Retail,29,500000.0,403858.03,19.23,0,0,,57.48,0
B202287,Retail,39,500000.0,440747.14,11.85,1,0,78507.28,54.72,0
B208369,IT,23,500000.0,365415.6,26.92,0,0,77823.53,50.39,0
B207787,Retail,3,500000.0,392235.06,21.55,1,0,80556.54,52.59,0
B206094,IT,27,500000.0,364613.54,,0,0,74277.3,44.27,0
B207458,Healthcare,12,500000.0,407963.56,18.41,0,0,67550.92,48.99,0
B202724,,32,500000.0,398931.88,20.21,0,0,45046.85,47.83,0
B202714,Manufacturing,44,500000.0,403936.12,19.21,1,0,44145.89,50.38,0
B208531,,20,500000.0,372527.16,25.49,0,0,83438.53,45.52,0
B207173,manufacturing,49,595831.49,468673.24,21.34,0,0,112860.73,39.91,0
B204915,Retail,30,500000.0,376249.79,24.75,1,0,500315.85,47.26,0
B200468,Services,16,500000.0,419169.56,16.17,1,1,104480.48,70.88,1
B200151,Manufacturing,58,500000.0,409982.95,18.0,1,0,31548.51,46.62,0
B209085,Food,3,500000.0,374407.31,25.12,0,0,83519.19,57.77,0
B207360,Manufacturing,44,500000.0,404036.46,19.19,0,0,60163.29,55.85,0
B204150,Manufacturing,34,2199870.77,410176.73,17.96,0,0,67779.32,48.82,0
B207660,IT,21,500000.0,397046.36,,0,0,74941.11,61.01,1
B206159,Manufacturing,43,500000.0,364248.04,27.15,0,0,48610.72,41.12,0
B201533,Healthcare,4,500000.0,397501.49,20.5,0,0,88840.33,51.76,0
B205922,Retail,28,500000.0,454232.36,9.15,0,0,67110.65,54.65,0
B208352,Retail,14,500000.0,398033.39,20.39,1,0,88979.58,54.24,0
B200896,food,44,500000.0,399248.64,20.15,0,0,90568.62,60.69,1
B201047,Services,3,500000.0,433632.41,13.27,1,0,93597.96,54.06,0
B202836,Food,14,500000.0,355898.2,28.82,0,0,130815.56,49.05,0
B205984,Services,8,500000.0,362736.93,27.45,1,0,81673.27,48.77,0
B205230,Retail,16,500000.0,394983.24,21.0,0,0,74677.64,57.91,0
B206385,Food,10,500000.0,384719.45,23.06,0,0,55524.76,51.87,0
B209986,Healthcare,17,500000.0,428457.79,14.31,1,0,43593.6,52.61,0
B206529,IT,26,500000.0,350052.11,29.99,0,0,47425.93,46.28,0
B205392,Services,17,500000.0,378171.79,24.37,0,0,79456.18,55.12,0
B205709,Manufacturing,59,500000.0,363834.41,27.23,0,0,83595.89,48.29,0
B202999,IT,23,500000.0,279325.79,,0,0,73940.12,45.53,0
B206867,Food,33,500000.0,362298.39,27.54,0,0,95625.68,38.98,0
B209073,Retail,33,500000.0,404217.14,19.16,0,0,68280.84,55.76,0
B208458,Food,20,500000.0,348473.99,30.31,0,0,42219.22,44.42,0
B208828,Services,3,500000.0,373290.88,25.34,0,0,48490.94,51.21,0
B209781,Retail,48,500000.0,411450.19,17.71,0,0,45728.79,43.42,0
B201392,,14,500000.0,377065.79,24.59,1,0,120294.59,55.26,0
B201377,Manufacturing,48,500000.0,421605.38,15.68,0,0,79864.84,58.02,0
B208612,Manufacturing,52,500000.0,426410.74,14.72,1,0,53960.77,62.12,1
B200714,Manufacturing,28,697390.37,598678.17,14.15,0,0,89974.47,52.28,0
B205437,Manufacturing,38,500000.0,386950.71,,1,0,95640.02,54.92,0
B209013,Retail,31,500000.0,438594.52,12.28,0,0,59340.4,57.23,0
B209526,Services,31,500000.0,390795.1,21.84,0,0,61957.65,52.69,0
B207795,Retail,40,500000.0,449730.63,10.05,1,1,35012.1,64.11,1
B201515,Food,14,500000.0,418011.82,16.4,0,0,91565.05,49.21,0
B203569,Food,29,500000.0,423116.84,15.38,0,0,41973.29,55.6,0
B204069,Food,13,500000.0,391008.52,21.8,1,0,51163.21,44.72,0
B208526,Retail,46,500000.0,431347.54,13.73,1,0,53641.92,53.14,0
B206754,Services,3,500000.0,473659.38,5.27,0,0,57928.76,57.99,0
B201918,Retail,47,500000.0,403065.23,19.39,1,1,86733.36,69.97,1
B205147,Manufacturing,43,744902.67,570221.25,23.45,0,0,110031.52,54.77,0
B202715,IT,11,500000.0,411267.94,17.75,1,0,94298.34,52.17,0
B206613,Retail,24,500000.0,448883.24,10.22,0,0,16752.17,52.78,0
B204014,Food,34,1940319.18,346080.4,30.78,0,0,118698.44,48.81,0
B209425,Retail,33,500000.0,401670.05,19.67,0,0,56791.77,54.83,0
B201364,IT,5,500000.0,403781.92,19.24,0,0,47099.65,49.35,0
B203346,Services,27,500000.0,419855.77,16.03,1,0,72315.71,49.53,0
B204215,Retail,35,500000.0,368021.61,26.4,1,0,86960.53,47.82,0
B201092,Food,11,500000.0,374334.57,25.13,1,0,47382.4,49.9,0
B208622,Retail,39,500000.0,449884.25,10.02,0,0,34975.16,58.42,0
B203737,IT,3,500000.0,346508.11,30.7,1,0,132906.33,49.01,0
B200597,IT,10,500000.0,379119.71,24.18,0,0,,42.52,0
B201896,Retail,33,500000.0,433513.93,13.3,1,0,69921.4,53.32,0
B205604,Food,8,500000.0,368517.55,26.3,1,0,85365.85,50.52,0
B205879,Retail,34,500000.0,412250.8,17.55,1,0,57270.09,55.51,0
B209517,Manufacturing,38,500000.0,338240.29,32.35,0,0,76107.15,34.03,0
B200720,it,14,591788.27,410517.78,30.63,1,0,170592.72,46.79,0
B209031,Services,23,500000.0,378150.5,24.37,0,0,73967.63,53.29,0
B200149,Manufacturing,60,500000.0,398482.56,20.3,0,0,,52.96,0
B207690,Healthcare,11,513887.77,403735.32,21.44,0,0,64789.99,56.44,0
B208687,Retail,18,500000.0,389258.22,22.15,1,0,80729.36,48.89,0
B200560,Manufacturing,42,500000.0,409626.77,18.07,0,0,83097.86,46.37,0
B207190,Food,27,500000.0,390031.96,21.99,0,0,112380.96,50.45,0
B202991,Food,11,2584640.56,385923.94,22.82,1,0,67842.71,58.1,0
B201658,IT,12,500000.0,331165.13,33.77,0,0,98386.52,42.76,0
B209594,Manufacturing,44,500000.0,371657.13,25.67,0,0,76733.49,53.82,0
B203902,IT,25,500000.0,347934.64,30.41,0,0,95702.73,41.71,0
B204620,,36,500000.0,359867.53,28.03,0,0,75694.31,44.83,0
B203477,Services,7,500000.0,352501.91,29.5,0,0,94396.14,46.89,0
B209580,Retail,15,500000.0,421014.03,15.8,0,0,44506.77,54.23,0
B204039,Food,6,500000.0,408355.16,18.33,1,0,75546.27,42.62,0
B205951,Retail,36,500000.0,378182.48,24.36,1,0,71112.04,43.03,0
B204446,Services,7,500000.0,362946.8,27.41,1,0,83861.37,51.49,0
B208461,Retail,27,500000.0,429916.58,14.02,1,0,65287.05,56.59,0
B205101,Services,43,712346.57,517399.0,27.37,1,0,130976.46,52.98,0
B200978,Food,27,500000.0,360496.78,27.9,0,0,107676.9,49.88,0
B207613,,28,500000.0,404654.97,19.07,1,0,59195.07,48.55,0
B201974,Food,18,507321.9,383185.05,,0,0,,45.48,0
B207475,Healthcare,23,500000.0,446587.52,10.68,1,0,50916.13,59.15,0
B209948,Healthcare,9,500000.0,381270.8,23.75,0,0,127810.55,56.17,0
B204213,Manufacturing,53,500000.0,418744.2,16.25,1,0,54860.82,52.35,0
B206041,Retail,12,509030.73,371944.99,26.93,0,0,76215.48,50.09,0
B200772,Retail,17,500000.0,433107.75,13.38,0,0,48896.1,56.68,0
B203261,Retail,31,500000.0,412411.35,17.52,1,0,181248.85,59.02,0
B202194,Retail,19,525907.41,450816.92,14.28,1,0,49796.27,50.66,0
B204470,Manufacturing,38,500000.0,418949.05,16.21,1,0,64967.77,50.6,0
B204549,Retail,55,500000.0,373907.82,25.22,1,0,90693.92,53.91,0
B206469,Retail,30,500000.0,388253.94,22.35,0,0,77951.7,64.23,1
B203623,Healthcare,13,500000.0,414910.85,17.02,1,1,79248.85,61.13,1
B200365,Services,15,500000.0,385686.82,22.86,0,0,66247.28,53.87,0
B204002,IT,26,500000.0,397741.87,20.45,0,0,81485.52,54.16,0
B203229,Healthcare,6,577146.99,470085.53,18.55,1,0,102237.67,53.47,0
B208308,Services,3,643436.41,478728.27,25.6,0,0,120303.55,50.99,0
B206762,Services,28,500000.0,361962.6,27.61,0,0,109198.04,61.27,1
B207158,retail,31,500000.0,427306.71,14.54,0,0,65131.1,48.08,0
B205653,IT,17,500000.0,351137.96,29.77,0,0,110337.25,47.96,0
B204524,Healthcare,17,500000.0,428911.03,14.22,0,0,57652.17,55.16,0
B206112,Manufacturing,43,3789249.09,456810.84,,1,0,160161.38,47.61,0
B203222,Retail,39,500000.0,416518.61,16.7,0,0,64258.93,55.68,0
B203877,Food,10,500000.0,395239.16,20.95,0,0,91236.43,56.8,0
B205110,Services,18,500000.0,1431884.35,30.9,1,0,64102.85,41.52,0
B201731,Food,21,500000.0,369899.98,26.02,1,0,93774.13,46.07,0
B206300,Retail,47,500000.0,2043670.81,28.06,1,0,109479.42,52.8,0
B202147,Services,22,1745796.43,326478.32,34.7,0,0,131397.66,42.32,0
B200445,IT,7,500000.0,372179.1,25.56,0,0,87866.93,39.47,0
B204663,food,26,500000.0,415124.43,16.98,0,0,62935.29,55.69,0
B208671,Food,28,500000.0,416888.02,16.62,1,0,22205.12,53.37,0
B207064,Manufacturing,51,500000.0,376223.96,24.76,0,0,100385.03,53.83,0
B202528,Retail,17,500000.0,470595.4,5.88,0,0,23095.3,61.91,1
B204138,Manufacturing,47,500000.0,335815.13,32.84,1,0,104096.37,44.65,0
B207071,Services,3,500000.0,367848.21,26.43,0,0,,40.95,0
B207043,IT,16,500000.0,351128.15,29.77,0,0,96057.65,41.88,0
B206944,Retail,19,500000.0,403403.43,19.32,0,0,77774.24,54.19,0
B208036,Manufacturing,49,500000.0,395233.95,20.95,0,0,90007.3,46.83,0
B204571,Manufacturing,39,500000.0,381151.39,23.77,0,0,89376.77,52.72,0
B206133,Retail,40,500000.0,412762.71,17.45,0,0,91953.57,55.89,0
B207410,Food,33,500000.0,392466.75,21.51,0,0,40642.26,59.08,0
B209439,Retail,33,500000.0,429410.85,14.12,0,0,82778.2,53.86,0
B200539,Food,21,500000.0,301196.79,39.76,0,0,104660.43,46.75,0
B207463,Food,14,659813.04,582987.03,11.64,1,0,66588.96,61.59,1
B200598,Retail,31,500000.0,437864.68,12.43,0,0,85140.91,58.01,0
B203173,Healthcare,3,500000.0,419375.79,16.12,0,0,66141.49,47.99,0
B204688,,5,500000.0,275496.64,44.9,1,0,100255.28,47.68,0
B203383,Services,14,500000.0,326178.22,34.76,1,1,134278.1,58.08,0
B203428,IT,29,500000.0,329109.86,34.18,0,0,104533.15,55.7,0
B208240,Manufacturing,36,500000.0,420411.45,15.92,1,0,28247.68,50.79,0
B206273,IT,10,506214.24,406300.27,19.74,0,0,76674.98,55.96,0
B202486,Food,13,500000.0,2756873.89,17.41,1,0,63849.54,50.25,0
B204378,Food,4,500000.0,379808.35,24.04,1,1,109712.93,65.71,1
B202524,Food,14,500000.0,379286.44,24.14,0,0,93150.51,42.62,0
B204675,,17,500000.0,410140.29,17.97,0,0,68495.08,56.07,0
B202711,Food,13,500000.0,414504.34,,0,0,65220.94,58.22,0
B207052,Healthcare,20,500000.0,408587.0,18.28,0,0,65041.94,54.57,0
B205426,Services,18,500000.0,411915.79,17.62,0,0,57905.46,48.94,0
B208934,Manufacturing,32,650856.5,491408.46,24.5,0,0,116338.35,42.79,0
B207079,Manufacturing,49,500000.0,396234.96,20.75,0,0,53332.44,53.78,0
B209653,Retail,18,500000.0,475993.12,4.8,1,0,52880.93,56.87,0
B203054,Services,20,500000.0,359899.72,28.02,0,0,64126.24,47.96,0
B204294,Healthcare,31,500000.0,1036967.5,34.24,0,0,80968.36,37.4,0
B209475,Services,25,500000.0,358702.58,28.26,1,0,25961.9,44.63,0
B209559,Retail,24,500000.0,399698.23,20.06,0,0,75569.73,57.29,0
B208580,Food,33,500000.0,398271.17,20.35,0,0,84584.29,44.1,0
B205605,IT,8,2469740.12,353427.08,29.31,0,0,81126.83,45.91,0
B200270,Manufacturing,56,500000.0,432942.79,13.41,0,0,62439.8,61.93,1
B202012,Food,42,2031656.52,391047.06,21.79,0,0,53357.03,56.96,0
B209951,Healthcare,30,500000.0,373849.33,25.23,0,0,106194.26,46.3,0
B208136,Manufacturing,52,702254.69,574964.7,18.13,0,0,93988.59,54.59,0
B205081,Retail,22,500000.0,427339.78,14.53,0,0,48625.67,52.13,0
B208979,Food,16,500000.0,390052.58,21.99,0,0,88342.12,48.48,0
B207343,Retail,24,500000.0,423455.6,15.31,0,0,52225.73,51.94,0
B202923,Manufacturing,43,500000.0,397834.52,20.43,1,0,71453.21,47.66,0
B206624,,17,521160.09,429113.1,17.66,0,0,81078.33,55.39,0
B206268,Retail,30,500000.0,426849.68,14.63,1,0,112677.74,48.21,0
B205239,Retail,38,500000.0,346561.36,30.69,0,0,92829.4,51.47,0
B204024,Services,10,500000.0,349490.7,30.1,0,0,89934.49,49.03,0
B201676,Healthcare,3,500000.0,376472.38,24.71,0,0,85602.02,51.86,0
B205714,Food,5,500000.0,362560.78,27.49,0,0,143148.15,56.89,0
B204074,Manufacturing,60,500000.0,367175.19,26.56,0,0,118038.95,55.57,0
B207552,Retail,24,500000.0,409466.49,18.11,0,0,87348.32,52.15,0
B208844,Retail,35,500000.0,374948.68,25.01,0,0,95807.59,44.25,0
B209201,,7,500000.0,1363806.69,15.5,0,0,35353.1,57.78,0
B205127,Food,20,500000.0,363615.42,,1,1,56703.35,66.12,1
B202378,Healthcare,24,500000.0,390288.5,21.94,0,0,111015.77,42.22,0
B204920,Retail,38,500000.0,421945.85,15.61,1,1,77956.59,76.11,1
B207680,Services,32,500000.0,329320.0,34.14,0,0,97541.48,48.62,0
B201665,Services,24,500000.0,389337.83,22.13,0,0,83237.14,59.01,0
B209993,healthcare,30,500000.0,425148.05,14.97,0,0,102977.23,51.4,0
B205689,Retail,23,608250.69,491779.59,19.15,0,0,51315.84,65.47,1
B204322,Food,18,500000.0,351798.7,,0,0,131942.58,45.89,0
B207847,Services,5,500000.0,391565.96,21.69,0,0,53145.4,50.39,0
B203741,IT,15,500000.0,1613961.03,23.71,0,0,99823.04,51.9,0
B206526,Retail,21,500000.0,383823.93,23.24,0,0,64021.48,47.61,0
B204305,Services,38,500000.0,392241.41,21.55,0,0,51033.04,49.65,0
B201087,Manufacturing,42,500000.0,389567.25,22.09,1,0,94672.88,50.65,0
B201170,Food,3,500000.0,364711.31,27.06,0,0,97585.68,48.21,0
B201251,Food,3,500000.0,478433.72,4.31,1,1,,72.1,1
B208683,it,25,500000.0,327189.84,34.56,1,0,97683.78,50.78,0
B201847,Food,9,664106.67,464509.45,30.05,0,0,81455.91,42.62,0
B200034,IT,39,500000.0,430195.09,13.96,0,0,51069.75,56.94,0
B203974,Retail,42,500000.0,404870.24,19.03,0,0,70091.6,54.67,0
B207069,Food,18,500000.0,379631.24,24.07,0,0,105626.94,50.09,0
B201430,Services,13,500000.0,317255.49,36.55,0,0,50946.32,43.72,0
B205986,Food,38,500000.0,376463.34,24.71,0,0,65586.16,48.24,0
B207830,Retail,49,500000.0,428951.1,14.21,1,0,76785.54,56.16,0
B204839,IT,23,500000.0,339592.47,32.08,1,0,,53.62,0
B205686,Manufacturing,43,500000.0,380306.23,,0,0,72655.99,52.63,0
B202530,Manufacturing,55,500000.0,369208.55,26.16,1,0,52060.95,61.43,1
B209689,Manufacturing,51,500000.0,353152.15,29.37,0,0,,53.18,0
B203770,Manufacturing,57,500000.0,385144.23,22.97,1,0,48906.96,50.4,0
B208795,Healthcare,8,500000.0,353572.4,29.29,0,0,39203.07,51.68,0
B206620,Manufacturing,45,500000.0,370727.14,25.85,1,0,93257.65,42.89,0
B200303,retail,24,500000.0,370834.89,25.83,0,0,378217.32,52.69,0
B200313,Services,64,500000.0,304990.24,39.0,0,0,,48.43,0
B209010,Food,20,500000.0,383005.97,23.4,1,0,97123.78,44.75,0
B200244,Manufacturing,63,500000.0,429526.98,14.09,0,0,93343.51,55.72,0
B205423,Healthcare,3,1522582.16,376985.54,24.6,0,0,110125.56,48.3,0
B206482,Retail,49,500000.0,395466.5,20.91,1,1,44463.69,67.93,1
B205947,Healthcare,14,500000.0,391571.98,21.69,1,0,86595.8,59.61,0
B207689,Retail,45,500000.0,467288.16,6.54,1,0,61851.92,61.89,1
B200935,Services,16,500000.0,353064.63,29.39,0,0,103829.7,48.1,0
B203528,IT,23,500000.0,372329.26,25.53,0,0,95661.4,46.34,0
B208348,Food,3,500000.0,358076.02,28.38,0,0,86877.24,44.88,0
B209505,Manufacturing,31,500000.0,390017.76,22.0,0,0,57260.92,41.19,0
B204458,Manufacturing,55,500000.0,408092.89,18.38,1,0,,52.11,0
B209644,Services,44,500000.0,382980.95,23.4,0,0,61233.36,56.58,0
B202269,Manufacturing,37,500000.0,405318.94,18.94,1,0,80055.82,65.61,1
B208536,Services,23,500000.0,323635.96,35.27,1,0,55925.81,36.61,0
B200278,Services,9,500000.0,368363.47,26.33,1,1,54429.47,69.73,1
B209712,Healthcare,10,500000.0,361408.0,27.72,0,0,81771.02,39.34,0
B201452,Retail,54,500000.0,390072.89,21.99,0,0,45747.49,51.72,0
B208464,IT,3,500000.0,398580.68,20.28,1,0,81598.28,55.86,0
B200546,food,31,500000.0,389652.85,22.07,0,0,51842.48,54.32,0
B204462,Services,18,500000.0,370805.93,25.84,1,0,71720.38,51.3,0
B200119,Healthcare,42,559110.21,416242.94,25.55,0,0,119851.05,45.43,0
B201268,Food,3,500000.0,352343.83,29.53,0,0,61830.59,45.63,0
B209661,Manufacturing,53,500000.0,375230.97,24.95,0,0,88007.99,51.15,0
B208167,Retail,31,500000.0,432087.63,13.58,0,0,60375.4,52.27,0
B201119,Healthcare,9,500000.0,344629.57,31.07,0,0,97010.72,50.4,0
B205640,Healthcare,3,500000.0,452221.88,9.56,1,1,62505.6,81.35,1
B207884,Services,29,500000.0,394503.7,21.1,0,0,61307.3,53.02,0
B201465,Food,3,500000.0,404973.26,19.01,0,0,57725.09,54.75,0
B209555,Retail,25,500000.0,434804.07,13.04,0,0,57196.22,50.17,0
B201369,Services,10,3115128.45,360276.57,27.94,1,0,109506.59,38.58,0
B201061,IT,14,500000.0,399515.05,20.1,1,0,94701.45,48.24,0
B204042,Services,5,500000.0,395997.34,20.8,0,0,71824.14,41.5,0
B204726,IT,23,500000.0,415634.44,16.87,0,0,71259.07,51.73,0
B206181,Healthcare,15,500000.0,358849.2,28.23,1,0,81735.45,50.69,0
B203931,Food,38,500000.0,1085500.45,28.65,0,0,107211.73,49.28,0
B205388,Services,16,500000.0,385956.81,22.81,0,0,102547.71,59.2,0
B200131,IT,20,500000.0,352911.7,29.42,0,0,79325.41,48.67,0
B208647,Manufacturing,58,500000.0,434829.05,13.03,0,0,50020.55,56.12,0
B208072,Services,21,500000.0,378866.03,24.23,0,0,62145.76,50.91,0
B206236,Food,27,500000.0,416307.85,16.74,1,0,59417.6,58.46,0
B207338,Services,32,500000.0,385893.46,22.82,0,0,55501.5,51.75,0
B205404,Manufacturing,18,500000.0,338204.74,32.36,0,0,71414.5,40.92,0
B203611,retail,46,500000.0,400962.32,19.81,0,0,76902.95,49.43,0
B208716,Retail,37,500000.0,394036.29,21.19,0,0,69945.69,56.34,0
B209020,Manufacturing,60,500000.0,377384.26,24.52,0,0,90197.96,43.02,0
B207848,Food,27,500000.0,335580.26,32.88,0,0,60929.75,46.73,0
B208608,Retail,49,500000.0,413655.07,17.27,0,0,72570.28,49.22,0
B203381,Healthcare,18,500000.0,390694.87,,0,0,59652.87,55.29,0
B204666,IT,13,500000.0,338516.11,32.3,0,0,87732.28,44.38,0
B201958,Retail,52,500000.0,422102.42,15.58,1,0,72857.85,52.2,0
B203602,IT,26,500000.0,400867.05,19.83,0,0,68023.8,52.51,0
B200434,Retail,43,500000.0,400621.87,19.88,1,0,67768.94,49.63,0
B201902,Manufacturing,44,3114733.47,342218.66,31.56,1,0,157156.71,49.78,0
B207655,Manufacturing,40,500000.0,396220.02,20.76,0,0,103859.27,50.33,0
B202420,Healthcare,39,500000.0,379928.45,24.01,0,0,71401.39,58.17,0
B202779,Manufacturing,63,500000.0,425460.76,14.91,0,0,62278.2,65.28,1
B203708,IT,12,500000.0,370916.9,25.82,0,0,76631.49,40.22,0
B204794,Retail,52,500000.0,433875.94,13.22,0,0,79663.96,53.6,0
B208918,Healthcare,9,500000.0,393334.79,21.33,0,0,96058.94,56.51,0
B201880,Retail,52,500000.0,373538.85,25.29,1,0,60209.18,47.65,0
B207781,IT,20,500000.0,358986.14,28.2,0,0,95989.39,49.8,0
B200892,Retail,46,500000.0,386957.86,22.61,1,0,83994.16,55.43,0
B204911,IT,10,500000.0,302423.5,39.52,0,0,77146.8,43.2,0
B208985,Food,3,500000.0,388888.25,22.22,0,0,214726.56,58.38,0
B208440,Food,60,2646854.64,413940.37,,1,0,63462.28,47.04,0
B200280,Manufacturing,31,2809160.03,442480.45,11.5,0,0,42746.63,54.71,0
B206848,Food,41,500000.0,344766.31,31.05,0,0,111539.97,45.27,0
B207610,Food,20,500000.0,368544.4,26.29,0,0,52612.04,34.07,0
B200917,Services,34,500000.0,377783.25,24.44,0,0,88086.36,49.36,0
B208074,Services,24,500000.0,364834.16,27.03,0,0,123726.58,50.75,0
B202983,Services,17,500000.0,359584.15,28.08,0,0,89876.57,45.2,0
B207146,IT,38,832089.6,545867.48,34.4,0,0,179564.02,48.72,0
B201828,Retail,17,500000.0,382237.92,,1,0,98884.25,52.26,0
B207712,Manufacturing,52,500000.0,2230391.27,25.59,0,0,105404.7,54.35,0
B203352,Retail,45,500000.0,391711.79,21.66,0,0,73599.59,52.85,0
B208869,Manufacturing,42,500000.0,409635.23,18.07,0,0,63573.22,48.58,0
B204853,IT,16,500000.0,419441.08,,0,0,85458.63,49.07,0
B207316,Retail,43,500000.0,415265.38,16.95,1,0,79982.99,50.53,0
B206908,Retail,37,724029.8,597022.84,17.54,1,0,674941.76,57.45,0
B209000,Manufacturing,29,500000.0,307091.8,38.58,1,0,152555.45,52.73,0
B206151,Retail,3,500000.0,439997.86,12.0,0,0,,54.46,0
B205746,,20,500000.0,346365.54,30.73,0,0,112301.92,52.04,0
B206954,IT,27,500000.0,393449.02,21.31,0,0,31855.04,53.83,0
B207797,Manufacturing,48,500000.0,394408.53,21.12,0,0,61665.03,54.93,0
B209952,IT,33,500000.0,358375.94,28.32,0,0,99161.17,39.36,0
B206994,Retail,31,500000.0,421462.95,,0,0,260402.11,53.86,0
B204550,Manufacturing,33,1503849.91,354750.82,29.05,1,0,49813.33,40.17,0
B208151,Retail,24,500000.0,466656.46,6.67,1,0,54649.88,62.63,1
B206402,Services,10,500000.0,366018.52,26.8,1,0,89670.15,50.27,0
B205998,Retail,47,572499.67,433125.8,24.34,0,0,90772.6,39.79,0
B209394,Healthcare,23,500000.0,364528.6,27.09,0,0,110917.3,44.69,0
B208871,Manufacturing,57,500000.0,416590.75,,1,0,87197.44,52.45,0
B200645,Healthcare,17,500000.0,381385.24,23.72,0,0,95065.59,47.99,0
B206836,Retail,23,500000.0,482848.95,3.43,1,0,56826.09,57.11,0
B201845,Healthcare,27,500000.0,406723.41,18.66,1,1,65600.0,69.97,1
B203055,IT,3,500000.0,425318.09,14.94,0,0,54342.85,55.43,0
B204114,Manufacturing,63,500000.0,380853.55,23.83,0,0,85682.3,47.47,0
B206153,Retail,19,500000.0,388167.9,22.37,1,0,31214.27,47.33,0
B205790,Services,25,2093682.55,364667.61,27.07,1,0,119565.1,45.37,0
B203855,Manufacturing,38,500000.0,410750.87,17.85,0,0,73416.71,52.82,0
B201749,Retail,39,500000.0,441602.98,11.68,0,0,64171.76,51.84,0
B208597,IT,7,500000.0,351428.9,29.71,1,0,46521.19,42.35,0
B202007,IT,20,500000.0,359056.06,28.19,1,1,89510.25,63.25,1
B201524,Manufacturing,55,1647988.48,418322.88,16.34,1,1,72286.41,69.27,1
B202192,Manufacturing,45,500000.0,420106.18,15.98,0,0,99722.11,52.75,0
B202584,Retail,38,500000.0,377238.31,24.55,1,1,,69.09,1
B207124,Retail,28,500000.0,423948.62,15.21,0,0,67633.91,55.82,0
B206230,Manufacturing,64,500000.0,454610.41,9.08,1,0,76384.48,61.96,1
B202734,Food,29,500000.0,339439.14,32.11,1,0,61812.42,48.95,0
B205031,Services,12,500000.0,366579.48,26.68,0,0,125192.71,52.71,0
B203049,Healthcare,11,500000.0,1726113.47,23.85,0,0,59960.66,54.44,0
B203730,Healthcare,17,500000.0,2065631.7,29.36,0,0,79104.12,53.51,0
B203258,Services,21,500000.0,409814.76,18.04,0,0,89614.81,62.34,1
B205269,Food,3,500000.0,390752.58,21.85,0,0,84651.62,51.41,0
B209587,Services,28,500000.0,357743.57,28.45,1,0,113488.34,58.74,0
B209710,Retail,16,500000.0,415179.73,16.96,1,0,60259.82,52.23,0
B208796,Retail,33,500000.0,429484.88,14.1,0,0,74384.64,61.27,1
B200101,Retail,43,500000.0,381741.37,23.65,0,0,115213.3,47.02,0
B208515,Services,19,500000.0,385259.13,22.95,0,0,92164.6,51.58,0
B208529,Manufacturing,60,500000.0,419350.67,16.13,0,0,39841.0,52.68,0
B200140,Retail,3,500000.0,414538.58,17.09,1,0,56719.08,55.17,0
B209728,IT,17,500000.0,349279.87,30.14,0,0,43945.78,47.7,0
B202212,Manufacturing,51,500000.0,388579.16,22.28,1,0,89768.42,51.04,0
B203771,Food,17,500000.0,370243.69,25.95,0,0,91397.0,51.69,0
B206630,IT,26,500000.0,394754.96,21.05,1,0,99784.1,46.33,0
B206480,Retail,51,510912.32,441680.95,13.55,0,0,57755.91,54.25,0
B203140,Food,23,500000.0,405037.96,18.99,1,0,77670.51,55.67,0
B200551,,24,500000.0,433329.94,13.33,1,0,51986.6,50.11,0
B209411,healthcare,29,500000.0,401299.2,19.74,0,0,,55.51,0
B205459,Retail,18,500000.0,447357.7,10.53,0,0,49953.36,60.75,1
B206840,Food,3,500000.0,381291.65,23.74,0,0,62741.23,52.52,0
B209621,Services,12,500000.0,389449.76,22.11,1,0,,52.81,0
B208802,Food,3,500000.0,391040.93,21.79,0,0,104519.47,55.87,0
B209772,Retail,39,500000.0,427971.37,14.41,0,0,55903.23,63.37,1
B200781,Retail,56,500000.0,397233.27,20.55,1,0,65268.06,57.5,0
B204390,Manufacturing,41,563577.69,402012.97,28.67,0,0,123583.29,43.43,0
B208525,IT,3,500000.0,333914.27,33.22,1,0,77245.83,40.3,0
B200658,Retail,39,500000.0,1596511.46,10.2,1,0,41839.78,54.69,0
B200873,Food,16,500000.0,369662.97,,0,0,95460.69,45.23,0
B208965,IT,26,523574.07,2020061.98,30.31,1,0,,53.69,0
B206271,Retail,47,515017.5,409000.85,20.59,0,0,44656.23,50.09,0
B202216,Food,24,721923.65,609154.25,15.62,0,0,51733.11,45.41,0
B208896,Manufacturing,55,500000.0,370753.53,25.85,1,0,39144.29,52.54,0
B205999,IT,21,500000.0,299609.86,40.08,0,0,159522.53,38.32,0
B200457,Services,28,500000.0,361727.51,27.65,1,0,64575.25,50.31,0
B208662,Retail,35,500000.0,376976.66,24.6,0,0,103984.22,55.01,0
B203747,Healthcare,8,500000.0,382964.86,23.41,0,0,73066.55,45.75,0
B202574,IT,28,505751.15,395536.0,21.79,0,0,109982.92,52.84,0
B206952,IT,12,500000.0,405742.56,18.85,0,0,49086.46,42.2,0
B201885,Services,6,500000.0,377177.04,24.56,0,0,69251.55,49.39,0
B203504,IT,15,500000.0,334254.65,33.15,0,0,106344.08,38.05,0
B200466,Healthcare,19,500000.0,1708208.15,24.01,0,0,68859.07,46.63,0
B205765,Food,11,500000.0,408081.4,18.38,0,0,53779.35,49.58,0
B206312,IT,19,500000.0,361765.21,27.65,1,1,78960.35,54.98,0
B201071,Retail,21,500000.0,414740.29,17.05,1,0,76699.33,47.93,0
B206996,Retail,28,500000.0,415248.83,16.95,0,0,54699.05,59.3,0
B203762,IT,27,500000.0,355397.59,28.92,0,0,57230.23,45.64,0
B205283,Food,17,500000.0,367864.02,26.43,0,0,36097.18,49.78,0
B204415,Healthcare,3,500000.0,403844.85,19.23,0,0,66536.73,53.01,0
B200339,Food,27,500000.0,445071.26,10.99,0,0,60237.04,56.25,0
B201878,Services,9,500000.0,367375.38,,0,0,74624.88,59.82,0
B202555,Manufacturing,44,500000.0,2266544.43,21.4,1,0,96174.66,53.44,0
B207277,,36,500000.0,415293.78,16.94,0,0,78976.5,52.0,0
B200076,Healthcare,14,500000.0,432821.57,13.44,0,0,53152.43,58.86,0
B205112,Manufacturing,34,500000.0,421827.99,15.63,1,0,74686.73,58.42,0
B201916,Retail,27,500000.0,359734.43,28.05,1,0,93676.93,56.96,0
B209906,Retail,41,500000.0,373499.43,25.3,0,0,87284.36,48.2,0
B209108,Services,3,500000.0,405879.3,18.82,1,0,99528.23,55.92,0
B200502,IT,32,500000.0,344458.42,31.11,0,0,54802.77,54.78,0
B209412,Healthcare,3,500000.0,441142.69,11.77,0,0,302919.71,55.21,0
B206818,Services,5,500000.0,2001464.27,23.3,0,0,66091.38,54.27,0
B209297,Food,19,500000.0,2239058.96,22.23,1,0,53475.95,49.97,0
B202178,IT,16,500000.0,420699.76,15.86,1,0,76314.6,55.04,0
B205943,Food,6,500000.0,449873.71,10.03,0,0,52868.63,59.13,0
B209839,Retail,43,500000.0,458459.75,8.31,0,0,31981.09,57.15,0
B207853,Services,33,500000.0,368639.42,26.27,0,0,115625.64,46.66,0
B206269,Manufacturing,36,500000.0,410891.66,17.82,1,1,65139.75,62.92,1
B206416,Services,49,500000.0,344766.99,31.05,0,0,396326.25,55.41,0
B202347,Healthcare,6,500000.0,403558.69,19.29,0,0,66799.47,48.19,0
B208765,,4,500000.0,428203.24,14.36,0,0,64293.84,53.85,0
B205417,Services,26,500000.0,442742.83,11.45,0,0,,53.04,0
B206597,IT,34,522633.46,358196.59,31.46,1,0,,43.93,0
B203612,Retail,31,500000.0,499595.35,0.08,0,0,53479.81,59.88,0
B205244,Food,3,500000.0,379752.27,24.05,0,0,47952.23,51.67,0
B200575,Retail,45,500000.0,389207.82,22.16,0,0,46579.99,43.37,0
B201037,Retail,13,500000.0,420608.22,15.88,1,0,94335.57,56.53,0
B204530,Services,19,500000.0,354915.55,29.02,0,0,95124.4,42.22,0
B201680,Retail,43,500000.0,372097.6,25.58,1,0,89485.11,53.48,0
B203083,Retail,29,500000.0,393495.48,21.3,0,0,51191.5,47.35,0
B203348,Manufacturing,31,500000.0,394203.74,21.16,1,0,87083.58,50.45,0
B204043,Manufacturing,32,1024268.2,766112.97,25.2,1,0,122905.72,48.72,0
B206410,Retail,71,500000.0,388929.72,22.21,0,0,77894.5,56.47,0
B201269,Retail,42,500000.0,392575.12,21.48,1,0,70967.15,50.57,0
B207018,Services,18,500000.0,399890.24,20.02,0,0,74305.07,47.85,0
B205880,Manufacturing,45,1437792.5,1150555.25,19.98,1,0,175449.24,60.75,1
B203163,Healthcare,39,500000.0,366388.28,26.72,0,0,78328.02,45.24,0
B203380,Healthcare,13,500000.0,397626.18,20.47,0,0,47442.93,52.35,0
B200804,Retail,15,500000.0,414884.69,17.02,0,0,100492.37,59.54,0
B201275,Manufacturing,64,500000.0,402368.42,19.53,0,0,78472.26,49.31,0
B204431,Healthcare,36,500000.0,389667.81,22.07,1,0,72031.16,48.81,0
B208848,Healthcare,7,500000.0,391125.4,21.77,0,0,66822.46,53.36,0
B202548,Manufacturing,32,500000.0,445528.67,10.89,1,0,64688.35,66.21,1
B205418,Services,13,500000.0,368621.32,26.28,0,0,95834.82,49.25,0
B208428,Manufacturing,58,500000.0,429123.26,14.18,1,0,78610.94,56.67,0
B208318,Healthcare,21,500000.0,411380.92,17.72,1,0,29474.67,51.82,0
B209737,Retail,46,500000.0,403636.82,19.27,0,0,85295.13,59.62,0
B200603,Services,18,500000.0,388482.57,22.3,0,0,97160.27,49.4,0
B206676,Retail,24,1887437.79,406883.8,18.62,1,0,64372.46,54.89,0
B207966,IT,14,500000.0,358738.85,28.25,0,0,92629.41,48.17,0
B206743,Healthcare,31,500000.0,381932.89,23.61,0,0,111132.25,49.43,0
B201954,Retail,15,500000.0,442184.08,11.56,1,0,74233.26,59.86,0
B204780,Retail,27,500000.0,410566.59,17.89,0,0,42304.55,46.54,0
B208963,Manufacturing,74,500000.0,414147.15,17.17,1,0,87207.65,50.82,0
B208961,Services,33,500000.0,379848.02,24.03,0,0,54598.75,53.0,0
B209273,Retail,23,500000.0,398401.29,20.32,1,0,68496.67,45.51,0
B207381,Manufacturing,57,500000.0,425804.64,14.84,1,0,45666.63,51.24,0
B201597,Retail,30,500000.0,371016.15,25.8,0,0,71967.56,47.63,0
B200574,Services,5,500000.0,300308.98,39.94,0,0,118050.63,42.28,0
B201026,,36,500000.0,341128.83,31.77,0,0,129906.25,44.31,0
B208891,Manufacturing,43,500000.0,365990.7,26.8,0,0,258363.59,39.36,0
B207231,Manufacturing,30,500000.0,401826.17,19.63,1,0,47513.5,53.1,0
B202421,Services,6,500000.0,371287.74,25.74,0,0,69729.81,51.54,0
B202316,Food,36,500000.0,403550.76,19.29,1,0,100618.31,54.02,0
B203113,Manufacturing,40,500000.0,457517.86,8.5,0,0,42497.86,55.23,0
B200770,Manufacturing,46,500000.0,425133.22,14.97,0,0,80357.34,46.62,0
B205920,IT,30,500000.0,348714.11,30.26,0,0,81457.35,47.6,0
B209743,Manufacturing,47,500000.0,368459.99,26.31,0,0,67659.73,37.56,0
B205040,Manufacturing,44,500000.0,432034.51,13.59,1,0,58684.74,52.49,0
B201004,Manufacturing,57,500000.0,343689.55,31.26,0,0,68476.41,42.31,0
B200914,Services,16,500000.0,319754.12,36.05,0,0,102351.24,48.48,0
B207959,Healthcare,27,500000.0,420055.3,15.99,0,0,45172.63,50.33,0
B202907,Retail,64,500000.0,437566.28,12.49,0,0,47536.07,57.96,0
B208176,Manufacturing,31,500000.0,385350.81,22.93,0,0,78782.85,44.13,0
B203151,Services,31,500000.0,402111.18,19.58,0,0,24134.43,56.67,0
B208401,Services,24,580720.41,475436.72,18.13,1,1,34091.56,54.61,0
B203670,Retail,58,500000.0,405682.36,18.86,0,0,65740.68,48.15,0
B202821,Manufacturing,38,500000.0,405174.9,18.97,0,0,96314.66,56.81,0
B207807,Manufacturing,65,500000.0,409506.95,18.1,0,0,78511.97,50.95,0
B204659,Manufacturing,39,500000.0,370476.66,,1,0,99570.55,51.03,0
B207363,Healthcare,34,500000.0,393473.52,21.31,1,0,73483.94,56.39,0
B203851,,33,500000.0,410459.24,17.91,0,0,62035.09,48.96,0
B205552,Food,34,552658.06,425396.9,23.03,0,0,86678.0,62.79,1
B208333,Retail,14,1654196.23,366898.51,26.62,0,0,32544.8,53.71,0
B201025,IT,35,500000.0,359519.12,28.1,0,0,56998.68,44.57,0
B202071,Manufacturing,22,500000.0,385640.33,22.87,0,0,77362.88,43.22,0
B204299,Food,3,500000.0,386652.84,22.67,0,0,97458.32,55.49,0
B208340,Manufacturing,48,500000.0,368804.86,26.24,1,0,67262.74,54.9,0
B201479,Manufacturing,43,500000.0,365832.83,26.83,0,0,93560.57,61.67,1
B208625,IT,36,500000.0,395799.23,20.84,0,0,63500.88,50.12,0
B205484,Retail,33,500000.0,398638.67,20.27,0,0,65845.79,54.61,0
B204005,Services,46,500000.0,347359.48,30.53,1,0,57624.12,45.17,0
B205866,Healthcare,21,500000.0,387681.73,22.46,1,1,62863.78,67.92,1
B202990,Healthcare,18,500000.0,364957.34,27.01,0,0,90746.56,54.28,0
B200868,Manufacturing,40,500000.0,375825.89,24.83,0,0,100750.32,44.88,0
B207271,Retail,48,500000.0,431181.15,13.76,1,0,90539.23,54.42,0
B201320,Retail,18,500000.0,440106.15,11.98,1,0,55963.23,49.65,0
B202326,Manufacturing,30,500000.0,389405.45,22.12,1,0,59956.84,50.19,0
B209915,IT,27,500000.0,330560.93,33.89,0,0,55588.06,50.28,0
B203567,Manufacturing,44,500000.0,391728.97,21.65,1,0,122794.09,44.96,0
B206756,Food,12,2805202.29,386596.52,22.68,0,0,75770.26,53.63,0
B201413,Retail,42,500000.0,464564.93,7.09,1,0,50148.02,54.07,0
B208215,IT,22,500000.0,361289.2,27.74,0,0,94825.85,53.87,0
B202600,Retail,20,500000.0,391628.26,21.67,0,0,64983.92,44.92,0
B202525,IT,7,500000.0,331995.46,33.6,0,0,109789.89,53.76,0
B205222,Retail,35,500000.0,385044.9,22.99,0,0,66043.16,53.02,0
B208188,Services,17,500000.0,362252.68,27.55,0,0,100106.83,43.46,0
B206320,Retail,20,500000.0,388335.85,22.33,0,0,66176.43,52.77,0
B209991,Services,31,500000.0,373160.11,25.37,0,0,56426.78,50.97,0
B200697,Food,4,500000.0,408716.39,18.26,1,0,77160.87,46.96,0
B203120,Retail,36,500000.0,422583.67,15.48,1,1,61003.34,58.43,0
B209762,Services,3,500000.0,377086.62,24.58,1,0,51549.94,49.61,0
B202500,IT,22,500000.0,410639.26,17.87,0,0,60268.0,59.72,0
B209056,IT,21,500000.0,321658.53,35.67,1,0,93148.53,47.94,0
B208332,Retail,29,500000.0,464847.73,7.03,0,0,13622.12,56.87,0
B206329,Healthcare,3,500000.0,362892.21,27.42,0,0,82421.23,50.94,0
B207427,Services,10,500000.0,373718.67,25.26,0,0,106645.61,50.97,0
B204412,IT,8,2479441.58,342589.63,31.48,0,0,77143.68,52.64,0
B203437,IT,7,500000.0,348916.41,30.22,0,0,81268.76,48.07,0
B203601,IT,21,500000.0,349654.08,30.07,0,0,96508.96,47.46,0
B202020,Services,17,500000.0,304368.51,39.13,0,0,93472.88,47.89,0
B206899,IT,26,500000.0,401792.59,,1,0,72258.74,59.59,0
B208161,,33,500000.0,396198.53,,1,1,42507.06,66.24,1
B207484,Services,3,500000.0,390045.33,21.99,0,0,91523.48,66.94,1
B205183,Manufacturing,59,500000.0,410842.69,17.83,0,0,67065.35,59.82,0
B209822,,20,709482.76,547390.88,22.85,0,0,122373.69,52.37,0
B206876,Services,3,511359.38,353201.87,30.93,0,0,90345.89,53.87,0
B207250,Manufacturing,60,500000.0,407675.99,18.46,0,0,,52.68,0
B206719,Services,26,500000.0,375120.16,24.98,1,0,73993.43,60.55,1
B209815,Services,15,500000.0,368864.96,26.23,0,0,123742.01,50.07,0
B206278,Services,48,650396.48,461392.13,29.06,0,0,84033.63,40.9,0
B200789,Services,19,500000.0,392358.78,21.53,1,0,88147.71,47.94,0
B202855,Manufacturing,62,500000.0,420490.81,15.9,0,0,64912.33,57.87,0
B208322,Manufacturing,51,500000.0,372233.59,,1,1,74156.64,68.51,1
B209418,Retail,18,500000.0,428268.94,14.35,0,0,44285.39,57.07,0
B202638,Retail,20,500000.0,380249.83,23.95,1,0,60325.88,51.96,0
B209767,Manufacturing,46,500000.0,381134.87,23.77,0,0,79742.42,49.09,0
B209878,Retail,32,500000.0,373851.7,25.23,1,1,102542.79,63.99,1
B203870,Services,25,528861.09,400098.65,24.35,0,0,65280.64,53.04,0
B204027,Retail,32,500000.0,385829.66,22.83,1,0,90402.03,54.56,0
B200974,Retail,36,500000.0,409675.6,18.06,1,0,73359.16,51.34,0
B201626,Manufacturing,54,500000.0,390149.47,21.97,1,0,53903.87,47.19,0
B203460,Retail,30,500000.0,426473.66,14.71,0,0,21852.68,56.73,0
B201283,Retail,22,500000.0,437487.62,12.5,0,0,80267.42,60.07,1
B203975,Retail,37,3141986.63,437090.66,12.58,1,0,41958.51,65.38,1
B206780,Retail,30,500000.0,415563.46,16.89,0,0,60176.2,49.91,0
B206680,Healthcare,24,500000.0,385116.6,22.98,1,0,93988.32,59.45,0
B205213,Retail,20,500000.0,432783.49,13.44,0,0,79247.91,51.64,0
B206667,Services,29,500000.0,383542.9,23.29,1,0,68569.07,52.03,0
B208783,Food,16,500000.0,388481.36,22.3,0,0,66652.08,52.05,0
B206459,IT,19,500000.0,299131.91,40.17,0,0,122730.25,43.59,0
B204218,Manufacturing,39,500000.0,419551.12,16.09,1,1,45440.98,74.43,1
B208062,Retail,49,500000.0,427517.94,14.5,0,0,63121.42,57.56,0
B202782,Food,13,739245.77,493865.71,33.19,1,0,71520.04,44.32,0
B201130,Retail,26,500000.0,432199.52,13.56,1,0,33180.55,60.92,1
B203564,Services,30,500000.0,416665.78,16.67,1,0,67771.1,58.57,0
B207283,IT,26,500000.0,374378.62,25.12,0,0,77620.75,47.38,0
B208626,Food,8,500000.0,375401.28,24.92,0,0,68027.5,51.98,0
B203791,Retail,43,500000.0,390293.71,21.94,0,0,354211.82,54.42,0
B206394,Food,21,2222757.22,1838040.63,17.31,0,0,354394.02,52.05,0
B203095,Food,3,500000.0,360835.94,27.83,0,0,104849.99,44.05,0
B207191,Food,31,500000.0,454258.53,9.15,0,0,55940.47,50.0,0
B209671,Manufacturing,50,500000.0,388485.61,22.3,1,0,82562.88,50.53,0
B209884,Food,22,500000.0,395266.48,20.95,1,0,39934.62,53.11,0
B203920,Healthcare,14,500000.0,379846.1,24.03,1,0,89688.56,49.7,0
B202009,IT,27,500000.0,389494.4,22.1,0,0,69793.29,56.01,0
B204833,Retail,35,500000.0,400311.53,19.94,0,0,93107.22,46.36,0
B203219,Manufacturing,59,500000.0,387417.71,22.52,0,0,95998.91,48.08,0
B209811,Services,20,581257.66,409287.92,29.59,0,0,,50.25,0
B205911,Manufacturing,54,500000.0,407663.13,18.47,1,0,36066.1,47.15,0
B208427,Retail,15,500000.0,395941.12,20.81,1,0,85306.94,54.14,0
B200452,Healthcare,23,500000.0,405919.86,18.82,0,0,85302.1,44.05,0
B200441,IT,24,5662666.71,706067.82,33.78,0,0,176845.21,43.93,0
B200614,Food,30,500000.0,432262.53,13.55,0,0,62834.55,42.98,0
B209785,,38,500000.0,414427.9,17.11,0,0,,47.41,0
B209436,Retail,33,500000.0,391349.72,21.73,0,0,82583.7,49.38,0
B204731,IT,20,1110440.85,803336.96,27.66,0,0,154012.37,46.18,0
B205695,Food,20,500000.0,415801.41,16.84,0,0,32794.6,60.13,1
B202733,manufacturing,42,500000.0,404358.4,19.13,1,0,93063.13,48.67,0
B200428,Services,17,701109.8,534026.8,23.83,1,0,,55.37,0
B204647,Services,9,500000.0,388572.75,22.29,0,0,86025.56,48.81,0
B202173,Healthcare,38,500000.0,410592.4,,0,0,355112.61,49.68,0
B209285,Healthcare,42,500000.0,413207.98,17.36,0,0,56925.13,55.91,0
B202429,Food,5,556997.34,432046.61,22.43,0,0,104124.85,42.26,0
B206562,Healthcare,14,500000.0,374660.75,25.07,0,0,,44.31,0
B208102,Retail,29,500000.0,412320.57,17.54,1,0,61702.52,49.1,0
B201634,Manufacturing,30,809845.93,580323.93,28.34,1,0,167707.91,54.29,0
B201179,Healthcare,10,500000.0,423824.61,15.24,0,0,93000.88,59.66,0
B200639,Food,9,500000.0,358320.96,28.34,0,0,51811.86,44.92,0
B201949,Healthcare,13,596019.33,525432.44,11.84,0,0,71904.1,58.03,0
B205061,Retail,41,500000.0,438857.44,12.23,0,0,36930.56,50.04,0
B202239,Retail,35,500000.0,378660.1,24.27,1,0,119175.69,53.22,0
B201127,Services,25,500000.0,389393.77,22.12,0,0,83868.5,47.21,0
B201767,Manufacturing,33,500000.0,375795.41,24.84,1,0,60300.86,52.19,0
B202637,Retail,25,500000.0,412274.97,17.55,0,0,68941.98,60.87,1
B209540,Services,3,500000.0,342103.79,31.58,0,0,88266.81,42.33,0
B207561,it,17,1887533.43,406272.01,18.75,0,0,67072.97,58.01,0
B206485,Services,23,500000.0,367969.91,26.41,1,0,65035.33,43.58,0
B205363,Food,26,500000.0,399830.44,20.03,1,0,80563.65,49.52,0
B207315,Food,18,500000.0,435121.08,12.98,0,0,90578.79,52.14,0
B201459,Services,30,500000.0,395139.69,20.97,1,0,53184.35,45.16,0
B200964,Services,21,500000.0,347156.39,30.57,0,0,99978.3,39.74,0
B200362,Food,21,500000.0,381966.76,23.61,0,0,89402.35,50.63,0
B209722,Manufacturing,39,500000.0,383188.62,23.36,1,0,77174.33,56.62,0
B200206,Services,7,500000.0,363340.37,27.33,0,0,54928.58,50.88,0
B200343,Healthcare,10,500000.0,419270.42,16.15,0,0,60267.55,56.92,0
B209708,IT,12,500000.0,397532.6,20.49,0,0,72225.7,61.14,1
B203772,Retail,30,778860.33,694399.78,10.84,0,0,69730.43,46.08,0
B201704,Services,9,500000.0,355781.7,28.84,0,0,89098.36,52.26,0
B204634,Food,11,500000.0,338154.95,32.37,0,0,99409.46,55.1,0
B203082,Services,17,500000.0,400664.35,19.87,1,0,98161.07,50.67,0
B205481,Food,16,500000.0,413899.27,,1,0,84803.76,54.45,0
B206652,Services,22,500000.0,424102.7,15.18,1,1,79668.31,72.81,1
B206009,Retail,27,500000.0,426449.88,14.71,1,0,32228.97,57.59,0
B208230,Manufacturing,42,500000.0,401679.12,19.66,0,0,68108.86,58.46,0
B206495,Retail,49,500000.0,415481.45,16.9,1,0,90755.59,53.36,0
B201284,Manufacturing,62,500000.0,370380.85,25.92,0,0,82602.64,40.78,0
B208903,Retail,46,500000.0,426932.57,,0,0,56288.53,53.38,0
B206393,Services,11,500000.0,2013722.49,33.42,0,0,99463.85,51.1,0
B201072,IT,7,500000.0,378047.92,24.39,0,0,49293.85,52.51,0
B205056,Healthcare,28,500000.0,443668.09,11.27,0,0,63099.46,56.17,0
B206162,,32,500000.0,353026.78,29.39,1,0,82814.98,49.87,0
B200326,Services,24,500000.0,315659.81,36.87,0,0,,50.5,0
B207340,Food,28,500000.0,401924.64,19.62,1,0,84333.7,47.1,0
B208921,Services,18,500000.0,407967.24,18.41,0,0,85923.49,58.25,0
B204056,IT,20,500000.0,376640.05,24.67,0,0,,42.37,0
B200884,Healthcare,14,500000.0,397423.87,20.52,1,1,470766.14,62.01,1
B202921,Manufacturing,47,500000.0,390501.85,21.9,0,0,79175.96,47.71,0
B201066,Manufacturing,49,500000.0,398134.86,20.37,0,0,60966.54,61.99,1
B208471,Healthcare,29,500000.0,404788.13,19.04,1,0,73743.73,56.32,0
B205902,Retail,16,500000.0,381103.21,23.78,0,0,53209.59,56.13,0
B201971,Retail,44,500000.0,395221.17,20.96,0,0,62425.34,57.52,0
B201748,Food,19,500000.0,423062.94,15.39,0,0,54803.99,56.92,0
B209820,Services,3,500000.0,374325.39,25.13,1,0,71130.7,56.53,0
B205346,Retail,24,500000.0,445986.46,10.8,0,0,49803.59,48.9,0
B207716,Services,26,500000.0,371411.45,25.72,0,0,71134.81,52.43,0
B208950,Healthcare,19,500000.0,356325.38,28.73,0,0,102931.63,58.35,0
B202236,Manufacturing,60,500000.0,361578.4,27.68,1,0,64719.13,55.86,0
B208711,Food,25,500000.0,365728.32,26.85,0,0,67643.81,41.07,0
B203760,IT,20,500000.0,355463.75,28.91,1,0,119032.69,38.24,0
B206633,Manufacturing,39,500000.0,389346.59,22.13,0,0,87819.72,48.02,0
B207814,Manufacturing,35,500000.0,436446.97,12.71,0,0,72533.36,53.49,0
B208365,Manufacturing,38,500000.0,439906.74,12.02,0,0,198445.23,57.77,0
B206771,Food,19,500000.0,337773.21,32.45,0,0,52158.04,44.47,0
B202774,Manufacturing,52,500000.0,356135.28,28.77,1,0,133565.48,45.96,0
B202590,,26,500000.0,411596.06,17.68,1,0,564917.11,58.65,0
B207405,Retail,25,500000.0,433300.09,13.34,1,0,55977.67,48.96,0
B208358,Healthcare,19,500000.0,367720.03,26.46,0,0,98227.91,50.52,0
B200370,Retail,38,500000.0,441462.39,11.71,0,0,44287.66,60.17,1
B203960,IT,23,500000.0,318172.73,36.37,1,0,73219.06,46.81,0
B207601,Retail,32,503873.35,381322.3,24.32,0,0,100513.3,41.69,0
B200286,Food,36,500000.0,381799.78,23.64,1,0,66214.64,43.79,0
B208776,Food,33,500000.0,394961.33,21.01,0,0,57511.88,51.36,0
B202047,Retail,51,500000.0,444554.83,11.09,0,0,49789.38,56.2,0
B202908,Food,24,500000.0,402157.33,19.57,0,0,73090.49,47.12,0
B206670,Retail,47,500000.0,379851.41,24.03,0,0,87776.17,38.34,0
B202883,Services,3,500000.0,347951.0,30.41,1,0,68242.96,48.88,0
B209732,Services,21,500000.0,333385.68,,0,0,102262.2,43.34,0
B200316,Services,29,500000.0,445587.25,10.88,1,0,63806.7,56.55,0
B201235,Food,26,500000.0,400167.74,19.97,0,0,44421.51,45.11,0
B208222,Food,3,500000.0,428317.33,14.34,1,0,46963.97,49.89,0
B202001,Retail,22,500000.0,427766.82,14.45,0,0,79244.03,47.58,0
B203873,Services,5,500000.0,438567.33,12.29,1,1,64186.91,73.9,1
B205016,healthcare,42,500000.0,409980.95,18.0,1,0,55276.43,49.32,0
B202542,Healthcare,26,500000.0,412617.85,17.48,1,0,95656.86,47.78,0
B201348,retail,37,500000.0,394964.91,21.01,0,0,73475.6,56.7,0
B202650,Manufacturing,39,509859.09,407312.42,20.11,0,0,59053.17,48.95,0
B205578,Retail,19,500000.0,1643153.21,19.17,0,0,79106.04,58.72,0
B201868,Food,23,500000.0,418124.21,16.38,0,0,54881.95,51.82,0
B207111,Healthcare,20,500000.0,395654.68,20.87,1,0,70733.15,51.52,0
B200674,Food,24,500000.0,373122.89,25.38,0,0,69828.33,50.27,0
B202507,Services,13,500000.0,369607.81,26.08,0,0,94552.55,43.57,0
B209984,Manufacturing,51,500000.0,426029.82,14.79,1,0,34226.01,52.15,0
B200745,Food,29,500000.0,391859.8,21.63,1,0,103310.9,51.96,0
B209476,IT,23,500000.0,315690.76,36.86,0,0,94270.95,48.86,0
B202415,Retail,37,500000.0,417170.85,16.57,1,0,88571.94,51.87,0
B202439,Food,26,906145.08,692337.31,23.6,0,0,138397.04,56.07,0
B206512,Healthcare,15,500000.0,376523.41,24.7,0,0,58183.79,41.1,0
B200676,IT,17,500000.0,372773.3,25.45,0,0,88904.45,48.64,0
B200882,Retail,22,500000.0,435432.85,12.91,0,0,33439.15,55.61,0
B204918,Retail,40,500000.0,414105.54,17.18,0,0,84263.9,59.26,0
B209622,retail,51,500000.0,419873.2,16.03,0,0,89084.15,57.26,0
B207969,Services,17,500000.0,381434.07,23.71,0,0,79254.76,52.1,0
B202270,,18,500000.0,363102.99,27.38,0,0,,52.48,0
B206239,Food,3,500000.0,397669.09,20.47,1,0,59387.97,48.2,0
B205698,Healthcare,11,2147254.08,419492.31,16.1,1,0,89271.08,58.42,0
B206388,Retail,22,500000.0,395399.28,20.92,0,0,68120.81,52.13,0
B208591,Food,18,2611190.86,372980.4,25.4,0,0,48114.77,49.12,0
B206546,Retail,42,500000.0,383515.79,23.3,1,1,134966.95,59.85,0
B208736,Services,21,500000.0,357110.06,28.58,0,0,106168.78,48.0,0
B205775,Retail,32,500000.0,448319.22,10.34,0,0,49513.92,61.12,1
B205107,Food,13,500000.0,398077.72,20.38,0,0,71315.6,53.7,0
B208419,Retail,37,500000.0,405998.54,18.8,0,0,60702.95,48.77,0
B207614,Retail,24,500000.0,448608.1,10.28,1,1,56805.28,74.22,1
B206825,IT,28,500000.0,354411.58,,0,0,131415.56,46.64,0
B207066,Retail,35,500000.0,448470.03,10.31,1,0,62169.54,60.46,1
B202263,Manufacturing,67,500000.0,423526.34,15.29,0,0,55297.47,55.02,0
B200417,Retail,21,500000.0,438144.2,12.37,1,0,49045.15,56.22,0
B204672,Services,17,500000.0,381041.48,23.79,0,0,87754.1,40.02,0
B208098,Services,14,500000.0,337455.52,32.51,0,0,46138.08,49.46,0
B208994,Food,19,500000.0,380049.07,23.99,0,0,90272.65,47.95,0
B203814,,43,500000.0,405123.68,18.98,0,0,72054.88,53.53,0
B202977,Retail,35,500000.0,432787.57,13.44,1,0,42671.05,54.68,0
B200467,,16,500000.0,419769.48,16.05,0,0,65807.0,52.09,0
B208628,Retail,21,500000.0,401444.65,19.71,1,0,89552.97,57.66,0
B204898,IT,40,500000.0,419424.63,16.12,1,0,,50.11,0
B205332,manufacturing,64,500000.0,395989.11,20.8,0,0,46337.68,56.23,0
B204991,Food,6,500000.0,420233.79,15.95,0,0,110628.0,51.21,0
B207975,,9,644974.94,472786.76,26.7,1,0,106881.86,41.19,0
B201661,Healthcare,4,500000.0,361275.65,27.74,1,0,100782.32,39.59,0
B203893,Food,21,500000.0,413075.48,17.38,0,0,107819.76,51.31,0
B205731,Services,9,500000.0,401566.75,19.69,0,0,64380.1,63.81,1
B208757,IT,15,500000.0,386704.45,22.66,1,0,84857.89,52.69,0
B205140,Services,39,500000.0,367384.53,26.52,0,0,84192.0,46.89,0
B202285,Services,13,500000.0,359875.07,,0,0,62093.58,53.46,0
B205610,Manufacturing,66,500000.0,418442.82,16.31,0,0,61416.55,52.26,0
B200475,Services,13,500000.0,389880.46,22.02,0,0,130809.37,60.05,1
B205907,Retail,36,500000.0,443279.05,11.34,0,0,44030.1,54.43,0
B208346,Services,27,500000.0,345299.52,30.94,0,0,,46.87,0
B201595,Manufacturing,55,500000.0,405318.9,18.94,1,0,53960.0,52.54,0
B200939,Retail,38,500000.0,456799.44,8.64,0,0,52250.85,53.72,0
B207897,Manufacturing,46,500000.0,380815.34,23.84,1,0,44818.38,54.26,0
B204966,Manufacturing,34,500000.0,400523.01,19.9,0,0,63500.76,50.03,0
B200928,Food,27,500000.0,374257.33,25.15,0,0,86686.81,46.91,0
B201512,Healthcare,28,500000.0,444798.56,11.04,1,0,49956.13,51.3,0
B203406,Manufacturing,42,500000.0,401272.23,19.75,1,0,55456.8,48.88,0
B207332,Manufacturing,47,500000.0,389279.82,22.14,0,0,70510.05,43.42,0
B209923,Services,38,500000.0,358983.05,28.2,0,0,135169.01,40.93,0
B204865,Manufacturing,29,500000.0,358870.21,28.23,0,0,65237.69,50.6,0
B208574,Manufacturing,48,500000.0,413358.85,17.33,0,0,40672.7,53.94,0
B203971,Manufacturing,45,500000.0,398386.23,20.32,0,0,92774.97,55.23,0
B200021,Retail,7,500000.0,382749.27,23.45,1,0,82120.37,46.14,0
B208753,Retail,25,500000.0,415818.44,16.84,0,0,23985.58,51.69,0
B209169,Manufacturing,41,500000.0,388978.86,22.2,0,0,63512.44,54.96,0
B202657,Manufacturing,53,500000.0,352011.02,29.6,0,0,81661.43,47.5,0
B201310,Services,27,500000.0,387158.72,22.57,0,0,74494.91,42.47,0
B205748,Food,48,500000.0,433909.91,,0,0,,51.25,0
B206399,Services,21,500000.0,360574.84,27.89,1,0,45954.66,46.97,0
B207101,Food,21,500000.0,360355.71,27.93,0,0,10999.23,43.18,0
B206953,Retail,35,500000.0,1999915.39,11.94,0,0,33921.44,61.1,1
B208594,Retail,49,500000.0,364333.31,27.13,0,0,67703.84,51.21,0
B202978,Retail,20,500000.0,392991.86,21.4,1,0,74101.87,43.79,0
B208451,Food,22,500000.0,419459.08,16.11,0,0,,50.99,0
B207084,IT,24,500000.0,407688.46,18.46,0,0,25933.64,48.14,0
B209746,Food,14,1652965.57,421975.53,15.6,1,0,80667.91,58.37,0
B203441,Services,33,500000.0,333085.86,33.38,0,0,102196.57,41.47,0
B203019,Retail,18,500000.0,418946.45,16.21,0,0,47143.43,46.79,0
B201158,Services,15,500000.0,422625.93,15.47,1,0,100109.69,52.12,0
B203850,Retail,22,500000.0,445157.3,10.97,1,0,357947.56,61.15,1
B201159,Manufacturing,44,500000.0,376340.03,24.73,0,0,100306.28,49.38,0
B205114,Services,3,500000.0,434566.37,13.09,0,0,60363.31,53.89,0
B203362,Food,20,500000.0,379167.48,24.17,0,0,,53.88,0
B209560,Services,7,500000.0,1109567.11,30.83,0,0,64398.31,54.1,0
B204967,IT,24,500000.0,335788.35,32.84,0,0,79273.88,50.6,0
B209447,Retail,22,500000.0,393400.06,,0,0,53569.96,55.75,0
B208727,Food,17,500000.0,413467.38,17.31,0,0,112550.94,52.69,0
B201662,Food,3,500000.0,388514.75,22.3,0,0,88178.57,53.52,0
B209655,Healthcare,19,500000.0,431096.88,13.78,0,0,44959.32,52.8,0
B202109,Manufacturing,58,500000.0,386032.2,22.79,0,0,50519.85,45.96,0
B202799,Retail,24,500000.0,442164.62,11.57,1,0,58939.84,62.36,1
B204533,IT,17,500000.0,345561.67,30.89,0,0,88751.31,41.01,0
B209610,Manufacturing,41,500000.0,365648.1,26.87,0,0,121583.47,51.44,0
B203337,Retail,33,500000.0,467393.53,6.52,0,0,59285.23,61.06,1
B203491,IT,26,500000.0,351806.21,29.64,1,0,55781.91,50.42,0
B203555,Manufacturing,37,500000.0,381739.12,23.65,1,0,103218.19,53.78,0
B201423,Healthcare,3,500000.0,410299.51,17.94,0,0,66759.66,55.97,0
B207160,IT,25,500000.0,336597.27,32.68,0,0,134017.98,40.45,0
B201373,Manufacturing,37,500000.0,426692.84,14.66,0,0,68846.06,40.14,0
B202953,Services,38,500000.0,417796.91,16.44,0,0,109453.56,53.43,0
B205646,Services,36,500000.0,335834.29,32.83,0,0,47168.24,55.45,0
B209528,Food,17,500000.0,367494.99,26.5,0,0,117533.35,46.45,0
B200402,Manufacturing,21,500000.0,396681.66,20.66,0,0,71136.61,45.95,0
B200757,Healthcare,3,500000.0,397780.83,20.44,0,0,84881.65,53.0,0
B206711,Services,27,500000.0,406059.01,18.79,0,0,44499.11,50.7,0
B204938,Retail,26,500000.0,404210.11,19.16,0,0,47893.77,50.51,0
B204404,Retail,23,500000.0,454312.49,9.14,1,0,,48.07,0
B208005,Healthcare,24,500000.0,402164.82,19.57,0,0,70832.37,49.76,0
B203031,,31,500000.0,472071.11,5.59,0,0,53537.84,59.51,0
B207314,Retail,43,500000.0,425930.48,14.81,0,0,78135.55,55.67,0
B207617,Retail,29,500000.0,355142.44,28.97,0,0,79017.13,46.03,0
B206379,Manufacturing,33,500000.0,408505.65,18.3,0,0,78138.27,54.7,0
B206491,IT,11,500000.0,329413.4,34.12,0,0,66340.35,40.31,0
B208754,Services,55,500000.0,438215.19,12.36,1,0,217653.86,63.67,1
B208809,Healthcare,3,500000.0,377386.6,24.52,1,0,88522.38,51.64,0
B209390,Manufacturing,48,500000.0,359151.32,28.17,0,0,111143.93,59.2,0
B203143,Retail,34,500000.0,413622.34,17.28,1,0,44955.76,56.61,0
B203713,Services,17,500000.0,365076.13,26.98,0,0,82912.91,53.66,0
B202644,Food,19,500000.0,1392255.65,27.98,0,0,99163.53,54.39,0
B203597,Retail,31,500000.0,350466.56,29.91,0,0,94486.22,43.27,0
B206684,Healthcare,18,500000.0,410210.5,17.96,1,0,54977.15,36.16,0
B208811,Retail,3,500000.0,452183.95,9.56,0,0,94025.07,48.78,0
B206035,Retail,41,500000.0,382712.63,23.46,0,0,73396.8,55.06,0
B207479,Healthcare,3,517144.26,408248.96,,1,0,101852.09,55.74,0
B204142,IT,8,500000.0,398875.78,20.22,0,0,60061.47,53.74,0
B200924,Manufacturing,23,500000.0,350771.75,29.85,1,0,495307.74,38.85,0
B203874,IT,3,777066.32,597050.93,23.17,0,0,99963.25,53.17,0
B202532,IT,8,500000.0,362859.18,27.43,0,0,84564.39,53.72,0
B204073,Food,36,500000.0,363310.75,27.34,0,0,53604.87,51.24,0
B208718,IT,31,595776.5,439837.17,26.17,0,0,70444.12,54.15,0
B202719,Retail,43,500000.0,428214.46,14.36,1,1,68395.61,66.46,1
B202967,Services,41,500000.0,357930.96,28.41,1,0,535547.63,45.8,0
B208189,Food,16,500000.0,427322.77,14.54,0,0,58832.11,54.76,0
B208214,Retail,20,500000.0,394261.15,21.15,0,0,44555.91,54.31,0
B204921,IT,21,500000.0,348824.77,30.24,1,0,42047.19,49.27,0
B204796,IT,44,500000.0,417028.22,16.59,0,0,82521.34,56.02,0
B204327,Manufacturing,81,500000.0,400180.31,19.96,1,0,61773.78,48.81,0
B202482,Healthcare,19,500000.0,430890.46,13.82,0,0,57063.59,57.87,0
B207492,Services,5,603856.92,473624.32,21.57,0,0,97522.91,49.94,0
B206494,Manufacturing,67,500000.0,390694.96,21.86,0,0,78604.36,49.93,0
B200007,Food,17,500000.0,410567.85,17.89,0,0,57717.63,52.75,0
B204204,Services,38,500000.0,371399.06,25.72,0,0,95075.77,50.87,0
B200934,Manufacturing,56,500000.0,446774.42,10.65,0,0,29752.1,47.57,0
B204467,Services,42,500000.0,378517.25,24.3,0,0,56457.56,53.15,0
B207949,Retail,36,500000.0,435590.07,12.88,1,0,94141.78,59.61,0
B206371,Manufacturing,60,500000.0,393381.48,,0,0,66083.42,54.46,0
B209613,Healthcare,4,500000.0,368767.67,26.25,0,0,80938.2,57.22,0
B206811,Manufacturing,52,500000.0,396355.34,20.73,0,0,69858.08,53.91,0
B208195,Services,3,500000.0,337711.9,32.46,1,0,94234.16,45.09,0
B207790,Food,3,500000.0,340646.1,31.87,1,0,109486.55,42.66,0
B208839,Services,26,500000.0,414440.35,,0,0,54340.5,57.45,0
B204508,Manufacturing,34,500000.0,370541.88,25.89,0,0,54137.85,38.41,0
B204289,Manufacturing,80,500000.0,403071.59,19.39,1,0,41377.26,54.83,0
B201826,,17,500000.0,383431.63,23.31,0,0,64268.45,41.8,0
B209480,IT,9,500000.0,405881.16,18.82,0,0,74065.74,50.8,0
B203122,IT,29,500000.0,342998.41,31.4,0,0,112678.89,42.35,0
B203984,Retail,25,500000.0,438877.97,12.22,0,0,73050.07,57.89,0
B206342,Food,10,500000.0,381110.71,23.78,0,0,71752.49,47.95,0
B204527,Food,20,500000.0,365550.47,26.89,0,0,128827.79,44.87,0
B203355,Manufacturing,31,500000.0,394263.26,21.15,1,0,92922.24,50.4,0
B200805,Manufacturing,48,500000.0,401528.5,19.69,0,0,64012.4,48.69,0
B205677,Manufacturing,34,500000.0,418607.15,16.28,0,0,39328.93,49.42,0
B209435,Manufacturing,63,2839731.62,386711.55,22.66,1,0,93191.4,54.67,0
B200746,Food,30,500000.0,419830.93,16.03,0,0,63891.9,52.02,0
B208972,Healthcare,18,500000.0,338637.78,32.27,0,0,83269.52,41.52,0
B201720,Healthcare,9,1847449.95,401720.14,19.66,0,0,69659.85,51.97,0
B206590,Healthcare,20,500000.0,455279.98,8.94,1,0,43702.83,59.21,0
B205678,Food,31,500000.0,378147.08,,0,0,75258.76,48.25,0
B200522,Food,42,500000.0,431970.72,13.61,1,0,44559.35,47.45,0
B202221,Healthcare,22,500000.0,424998.54,15.0,0,0,,58.56,0
B208952,Services,29,500000.0,383701.2,23.26,1,0,49721.62,50.24,0
B208518,Services,31,500000.0,390290.17,21.94,0,0,112919.22,45.03,0
B203792,Retail,5,500000.0,440785.15,11.84,1,0,72214.62,51.24,0
B207267,,27,500000.0,389943.79,22.01,0,0,376555.35,52.99,0
B200487,food,42,500000.0,415281.49,16.94,0,0,50733.93,55.06,0
B206364,Retail,53,500000.0,406816.16,18.64,1,1,22863.38,69.16,1
B209537,IT,20,500000.0,320501.1,35.9,0,0,85457.38,48.0,0
B205226,Food,26,500000.0,400130.38,19.97,0,0,66154.52,46.59,0
B208976,Healthcare,10,3161471.05,397082.31,20.58,0,0,40379.56,52.24,0
B201129,Services,11,500000.0,411901.16,17.62,1,0,77953.94,51.12,0
B204267,Retail,26,500000.0,419251.82,16.15,1,0,82286.61,58.14,0
B205691,Manufacturing,39,736011.58,491097.95,33.28,1,0,148498.16,50.82,0
B200197,Healthcare,20,500000.0,412372.18,17.53,1,0,90848.83,64.18,1
B209496,Retail,16,500000.0,422521.14,15.5,0,0,34042.35,54.11,0
B204716,IT,16,500000.0,360225.85,27.95,0,0,73245.31,44.85,0
B203799,Food,11,3447008.94,342571.22,31.49,0,0,153439.36,41.99,0
B205727,Retail,31,500000.0,382821.31,23.44,1,0,65793.84,57.01,0
B203977,Manufacturing,35,500000.0,405126.76,18.97,0,0,77146.49,54.9,0
B205944,Retail,50,500000.0,380593.88,23.88,0,0,69574.59,49.13,0
B209292,Healthcare,9,500000.0,397134.64,20.57,0,0,88349.21,54.57,0
B204317,Healthcare,11,500000.0,388949.26,22.21,0,0,78947.52,44.78,0
B200556,Services,7,500000.0,285007.16,43.0,0,0,182168.58,39.83,0
B205685,Services,17,500000.0,328836.81,34.23,0,0,108270.17,44.35,0
B209037,Services,27,500000.0,398822.33,20.24,0,0,111511.04,56.04,0
B209457,Services,24,2635194.68,354653.89,,0,0,50267.18,50.11,0
B208524,Manufacturing,20,500000.0,412873.29,17.43,0,0,49231.32,48.93,0
B208247,Services,29,698182.44,502951.42,27.96,0,0,96816.76,56.39,0
B209487,Retail,12,500000.0,364738.33,27.05,0,0,86925.39,57.25,0
B207364,Services,17,500000.0,377011.79,,1,0,105258.54,53.74,0
B209319,Manufacturing,56,500000.0,402797.49,19.44,0,0,75388.27,45.78,0
B206570,Services,29,500000.0,1899133.73,21.7,0,0,70064.39,50.39,0
B208696,Food,26,500000.0,391987.06,21.6,0,0,71952.71,49.89,0
B204120,Retail,22,500000.0,380920.88,23.82,0,0,55046.69,54.77,0
B200059,Retail,24,500000.0,423519.73,15.3,0,0,34102.28,62.88,1
B209174,Healthcare,3,500000.0,372630.92,25.47,0,0,83432.2,51.28,0
B201564,Retail,39,500000.0,431098.95,13.78,0,0,35129.06,50.84,0
B206488,Retail,31,500000.0,421008.44,15.8,0,0,53103.54,51.65,0
B207720,Services,4,500000.0,349613.7,30.08,1,1,105547.94,61.06,1
B202480,Services,25,500000.0,370436.33,25.91,0,0,122925.21,52.78,0
B202141,Retail,38,500000.0,468920.93,6.22,0,0,52328.0,56.68,0
B203665,healthcare,29,500000.0,328741.92,34.25,1,0,82355.45,48.49,0
B206031,Services,16,627693.92,495524.54,21.06,1,1,57845.04,76.65,1
B202888,Services,27,500000.0,362339.97,27.53,0,0,84487.55,43.14,0
B201888,Retail,30,500000.0,390551.18,21.89,1,0,86720.48,53.33,0
B207779,Services,31,500000.0,399346.61,20.13,0,0,34282.44,56.98,0
B209282,Services,33,500000.0,358232.93,28.35,0,0,119071.3,51.26,0
B204135,Retail,22,500000.0,429083.82,14.18,1,0,36948.41,53.9,0
B209028,Manufacturing,57,500000.0,389908.24,22.02,1,0,129297.88,48.51,0
B201781,Services,5,500000.0,372880.13,25.42,1,0,97105.93,54.86,0
B206198,Retail,24,500000.0,405757.47,,0,0,54252.71,54.19,0
B201134,Retail,42,500000.0,410687.84,17.86,0,0,129462.47,61.16,1
B200111,Food,23,500000.0,377310.18,,0,0,87707.65,54.7,0
B205806,Food,8,500000.0,398489.87,20.3,0,0,45581.04,51.4,0
B202023,Food,17,500000.0,321377.28,35.72,0,0,113346.66,43.58,0
B208069,Healthcare,20,500000.0,416437.64,16.71,0,0,41311.46,56.85,0
B200528,Services,24,500000.0,364830.25,27.03,1,0,75395.43,53.17,0
B200852,Healthcare,31,500000.0,378052.96,24.39,0,0,37713.76,53.49,0
B202089,Retail,13,500000.0,386808.5,22.64,1,0,87292.93,63.38,1
B208570,Food,3,500000.0,422984.35,15.4,0,0,83470.87,47.43,0
B203260,Food,30,500000.0,394163.6,21.17,0,0,,57.19,0
B202268,Manufacturing,28,500000.0,372733.88,25.45,0,0,54796.01,38.74,0
B201996,Retail,30,752105.0,616678.92,18.01,0,0,59024.32,55.62,0
B200836,,35,500000.0,402202.92,19.56,1,0,54420.68,56.29,0
B205809,IT,4,500000.0,330956.25,33.81,1,0,128329.36,50.62,0
B203403,Services,29,500000.0,335269.3,32.95,0,0,100650.0,40.12,0
B204153,Food,25,500000.0,415553.11,16.89,1,0,104798.75,55.35,0
B207845,Retail,20,500000.0,2279112.81,14.88,0,0,72531.75,62.41,1
B201609,Services,41,500000.0,360829.72,27.83,0,0,67913.38,53.8,0
B206695,Manufacturing,33,500000.0,351889.61,29.62,1,0,93506.92,49.04,0
B208311,IT,39,500000.0,322034.96,35.59,0,0,101693.44,46.55,0
B207151,Manufacturing,33,500000.0,414439.47,17.11,1,0,37887.7,50.2,0
B200263,Healthcare,17,500000.0,381606.22,,0,0,80423.25,42.95,0
B200525,Manufacturing,55,500000.0,363797.16,27.24,0,0,60194.17,51.71,0
B203153,IT,8,500000.0,369025.1,26.19,0,0,,49.07,0
B207114,Manufacturing,36,650887.51,434277.75,33.28,0,0,122862.2,47.46,0
B201813,Services,16,500000.0,397419.52,20.52,0,0,95720.1,55.23,0
B202966,IT,28,500000.0,399458.47,20.11,0,0,80772.2,51.08,0
B205890,Food,24,500000.0,380283.49,23.94,0,0,77278.52,44.8,0
B204247,Retail,22,500000.0,448691.87,10.26,1,0,60257.9,54.62,0
B200782,Retail,25,668567.75,543215.86,18.75,1,0,101485.86,48.67,0
B206807,Services,18,500000.0,377316.29,24.54,0,0,72659.9,53.19,0
B207733,Retail,37,500000.0,425141.5,14.97,0,0,63398.06,53.13,0
B204419,Retail,28,500000.0,380556.66,23.89,0,0,71146.77,52.0,0
B203966,Services,24,500000.0,392005.82,21.6,0,0,113977.97,47.76,0
B204806,Manufacturing,45,500000.0,405125.75,18.97,0,0,57357.14,47.82,0
B209910,Services,40,2107956.53,402550.9,19.49,0,0,48698.34,34.94,0
B201708,Manufacturing,57,500000.0,400124.04,19.98,0,0,51098.49,57.22,0
B204566,Services,22,500000.0,374028.5,25.19,1,1,65505.35,65.72,1
B203963,Retail,13,500000.0,412628.13,17.47,0,0,17406.58,46.81,0
B209782,Manufacturing,46,500000.0,458952.18,8.21,0,0,46275.6,54.78,0
B206282,Food,29,511140.79,422668.35,17.31,0,0,66852.52,53.98,0
B205148,Retail,26,500000.0,392953.56,21.41,1,0,,44.53,0
B209695,Manufacturing,48,1132430.36,838631.15,25.94,1,0,81650.44,50.93,0
B203195,Services,3,500000.0,365923.75,,0,0,94035.37,42.26,0
B206532,IT,25,695960.71,2799048.17,16.42,0,0,116451.19,58.19,0
B208155,Services,22,500000.0,371775.38,25.64,0,0,64927.76,55.47,0
B200888,IT,30,500000.0,345115.46,30.98,0,0,131586.57,43.72,0
B205024,Services,26,500000.0,356368.47,28.73,0,0,52963.19,39.38,0
B205471,Food,3,500000.0,418992.44,16.2,0,0,36240.12,48.67,0
B208463,Manufacturing,42,500000.0,381197.49,23.76,0,0,81590.34,46.52,0
B201890,Services,26,587851.32,421721.97,28.26,0,0,19445.93,43.45,0
B200538,Healthcare,34,500000.0,413608.75,17.28,0,0,63222.13,46.84,0
B204349,Retail,42,500000.0,422049.85,15.59,0,0,53809.5,59.67,0
B205519,Services,20,901719.1,738496.14,18.1,0,0,122557.92,62.08,1
B203077,Manufacturing,49,500000.0,381046.17,23.79,0,0,49677.32,50.17,0
B200393,Manufacturing,46,500000.0,396865.25,20.63,0,0,55024.83,48.74,0
B204098,Manufacturing,47,500000.0,428765.84,14.25,1,0,49834.43,63.74,1
B203725,,4,500000.0,2256370.94,17.48,1,0,60286.11,52.17,0
B209854,Manufacturing,39,500000.0,335546.38,32.89,1,0,115540.52,42.8,0
B203407,Retail,49,500000.0,387141.52,22.57,1,0,46343.85,52.49,0
B204912,Services,11,500000.0,372779.77,25.44,1,0,71083.63,51.35,0
B202629,Retail,46,725819.8,554817.36,23.56,0,0,103559.11,46.48,0
B208604,Services,32,500000.0,400832.19,19.83,0,0,71027.5,52.28,0
B206643,Retail,21,500000.0,403289.7,19.34,1,0,66430.17,45.57,0
B206212,,13,500000.0,358794.44,28.24,0,0,508174.53,43.67,0
B208967,Food,40,500000.0,414773.55,17.05,0,0,74178.98,58.95,0
B203839,Food,38,500000.0,410422.36,17.92,0,0,100507.74,54.03,0
B203656,Retail,29,500000.0,434016.27,13.2,1,0,42139.61,52.8,0
B206843,Retail,31,500000.0,355647.89,28.87,1,0,80523.98,38.24,0
B200476,Manufacturing,53,500000.0,397370.63,20.53,1,0,91914.83,63.34,1
B203185,Manufacturing,45,500000.0,351066.46,29.79,1,0,90898.06,56.65,0
B200599,Services,8,500000.0,382854.61,23.43,1,0,,55.1,0
B203275,Services,17,500000.0,380920.1,23.82,0,0,66311.79,58.67,0
B204947,Food,30,500000.0,390169.39,21.97,0,0,70125.87,50.94,0
B205968,Food,27,500000.0,423513.95,15.3,1,0,61638.43,59.74,0
B206932,Healthcare,33,500000.0,336169.85,32.77,0,0,111654.61,39.99,0
B209872,Manufacturing,39,500000.0,349014.21,30.2,1,0,85393.6,46.28,0
B204623,Services,18,500000.0,384051.06,23.19,0,0,57230.96,50.75,0
B206418,Manufacturing,36,500000.0,376163.79,24.77,1,0,102345.26,46.3,0
B203345,Services,34,500000.0,320235.57,35.95,0,0,,54.24,0
B202163,Services,8,500000.0,325428.58,34.91,0,0,54377.59,46.21,0
B209320,Retail,25,500000.0,362943.26,27.41,0,0,55045.51,51.66,0
B206959,Retail,40,500000.0,415815.59,16.84,0,0,61158.03,58.99,0
B200195,Healthcare,25,500000.0,392960.31,21.41,0,0,97788.26,49.82,0
B203872,Manufacturing,43,500000.0,386249.93,22.75,1,0,80941.33,53.18,0
B203051,Retail,18,500000.0,381159.32,23.77,0,0,109701.66,46.41,0
B208353,,16,500000.0,398598.76,20.28,0,0,72012.93,53.07,0
B203525,Food,24,500000.0,428518.01,14.3,1,0,,49.42,0
B208261,Food,17,885722.85,740094.29,16.44,1,0,150104.63,49.83,0
B201986,Services,15,500000.0,340115.31,31.98,0,0,581451.26,44.33,0
B200351,Food,22,500000.0,394411.12,21.12,0,0,96391.8,44.15,0
B201581,Food,27,500000.0,424504.14,15.1,1,1,62498.68,67.31,1
B209295,IT,11,810618.41,523093.45,35.47,1,0,159156.91,46.51,0
B204192,Manufacturing,39,500000.0,333326.33,33.33,1,1,91421.13,60.62,1
B205311,Healthcare,23,500000.0,366319.3,26.74,0,0,100330.06,53.52,0
B208609,Food,21,786782.89,661992.39,15.86,0,0,114723.31,53.51,0
B203421,IT,19,500000.0,402144.88,19.57,0,0,54905.14,50.93,0
B203692,Services,14,500000.0,374769.47,25.05,0,0,80007.47,42.85,0
B201763,Food,19,500000.0,429282.27,14.14,1,0,38987.1,57.14,0
B203879,Food,9,788779.98,606246.03,23.14,0,0,131242.9,54.22,0
B204880,Manufacturing,51,500000.0,388817.18,22.24,0,0,48469.15,51.74,0
B201625,Retail,3,500000.0,396346.62,20.73,0,0,32275.59,61.1,1
B207939,Services,12,500000.0,395215.7,20.96,1,0,28362.14,50.47,0
B209727,IT,3,500000.0,367624.6,26.48,0,0,103749.45,46.68,0
B207496,Healthcare,24,500000.0,389966.13,22.01,0,0,64064.15,50.11,0
B209160,IT,22,500000.0,292609.56,41.48,0,0,37366.04,45.81,0
B202226,Services,16,500000.0,366992.93,26.6,0,0,73417.81,44.93,0
B202045,Healthcare,26,500000.0,393776.56,21.24,0,0,76624.56,47.63,0
B203305,Services,11,500000.0,365506.54,26.9,0,0,74634.27,53.02,0
B204388,,48,500000.0,396267.56,20.75,1,0,64409.88,47.22,0
B203167,Retail,24,500000.0,419065.74,16.19,0,0,78050.28,56.42,0
B209254,Healthcare,47,500000.0,402811.3,19.44,0,0,108553.19,51.84,0
B200731,Retail,24,500000.0,392528.03,21.49,0,0,61210.06,51.9,0
B201200,Retail,3,500000.0,451099.21,9.78,1,0,65202.34,65.23,1
B207980,Manufacturing,69,500000.0,411885.76,17.62,0,0,96092.72,53.22,0
B203769,,13,500000.0,443128.48,11.37,1,0,372713.85,59.9,0
B204670,Services,7,500000.0,2066866.42,29.68,0,0,58837.25,51.98,0
B200432,Healthcare,25,500000.0,426338.16,14.73,0,0,84730.31,51.95,0
B202700,Retail,33,500000.0,476734.46,4.65,0,0,35534.84,52.65,0
B204746,Manufacturing,60,3190710.53,428656.3,14.27,0,0,65238.88,51.7,0
B201471,Food,32,500000.0,360959.69,27.81,0,0,98050.69,48.21,0
B209983,Manufacturing,71,500000.0,394040.17,21.19,1,0,67958.63,48.86,0
B209440,Manufacturing,31,500000.0,370055.23,25.99,1,0,67064.58,44.82,0
B209647,Services,47,500000.0,399872.38,20.03,0,0,45295.75,55.36,0
B208305,Services,36,500000.0,363210.78,27.36,0,0,136120.5,55.28,0
B207532,Services,14,500000.0,405372.91,18.93,0,0,87274.36,46.04,0
B209138,Services,55,500000.0,408595.15,18.28,1,0,59232.16,53.52,0
B201264,Manufacturing,58,500000.0,395353.21,20.93,0,0,76972.02,54.26,0
B208476,,3,2873778.99,330133.34,33.97,0,0,97840.56,53.55,0
B208000,Manufacturing,23,500000.0,409393.47,18.12,1,0,90027.05,52.03,0
B202556,Food,33,500000.0,413741.96,17.25,0,0,68516.81,45.94,0
B200605,Retail,8,500000.0,466233.95,6.75,0,0,42577.5,57.93,0
B203378,Manufacturing,44,500000.0,353782.4,29.24,0,0,107179.29,52.8,0
B204152,Healthcare,21,500000.0,413561.31,17.29,0,0,334918.83,51.72,0
B208418,IT,34,1374359.74,1048004.68,23.75,0,0,297725.18,48.44,0
B207765,Food,11,500000.0,393898.38,21.22,0,0,82166.99,48.33,0
B208142,Retail,30,500000.0,2685299.11,20.36,0,0,101394.58,61.33,1
B204335,Food,23,500000.0,459254.17,8.15,0,0,76452.46,48.36,0
B203507,Manufacturing,35,500000.0,385766.46,22.85,1,0,93024.98,53.26,0
B203358,food,27,500000.0,377319.66,24.54,0,0,98579.62,53.98,0
B208258,Healthcare,40,500000.0,395417.55,20.92,0,0,81701.09,53.92,0
B202049,food,32,500000.0,442556.16,,0,0,36857.57,55.72,0
B206382,Manufacturing,42,500000.0,423573.73,15.29,1,0,42220.02,58.54,0
B204391,Services,15,500000.0,340482.41,31.9,1,0,21302.24,44.88,0
B200660,Manufacturing,56,500000.0,423232.34,15.35,0,0,38357.53,48.31,0
B205145,IT,3,500000.0,352847.46,29.43,0,0,102745.87,43.71,0
B204360,Healthcare,12,2152757.61,391919.34,21.62,0,0,46448.79,44.34,0
B205172,Services,42,500000.0,398255.19,20.35,0,0,40732.14,54.0,0
B204500,Manufacturing,39,500000.0,390490.93,21.9,1,0,55403.68,49.94,0
B207599,Manufacturing,44,500000.0,393353.12,21.33,1,0,9238.52,48.2,0
B201257,Food,45,500000.0,396120.68,20.78,0,0,83531.35,50.11,0
B200644,IT,8,500000.0,333727.65,33.25,1,1,131459.7,71.53,1
B208012,IT,15,500000.0,414980.95,17.0,1,0,37191.29,54.46,0
B206202,Manufacturing,35,500000.0,371348.17,25.73,1,0,92422.04,49.53,0
B205668,Retail,23,500000.0,406692.81,18.66,1,0,66331.64,57.47,0
B206978,Manufacturing,29,500000.0,389788.44,22.04,1,0,446488.61,51.16,0
B208930,Healthcare,13,500000.0,425075.1,14.98,0,0,55735.39,54.0,0
B200005,Retail,10,500000.0,423746.86,15.25,0,0,71940.07,48.79,0
B202165,Food,25,500000.0,424136.26,15.17,1,0,45012.34,55.17,0
B208075,Manufacturing,25,500000.0,401432.14,19.71,1,0,61135.96,45.02,0
B204430,Food,21,500000.0,390194.81,21.96,0,0,82072.23,49.24,0
B201510,Retail,29,500000.0,2063216.92,25.72,0,0,87692.8,43.83,0
B209877,Manufacturing,54,500000.0,359738.96,28.05,0,0,,45.29,0
B201079,Manufacturing,50,500000.0,401125.83,19.77,0,0,464188.42,44.79,0
B203435,IT,16,500000.0,428329.41,14.33,1,0,492245.66,52.96,0
B204590,IT,15,500000.0,392964.88,21.41,0,0,56752.23,52.22,0
B201585,Manufacturing,28,500000.0,424990.53,15.0,0,0,,61.22,1
B208055,Food,49,562387.08,465649.89,17.2,0,0,48580.07,54.17,0
B205930,Retail,50,500000.0,433574.16,13.29,0,0,71622.29,61.15,1
B207236,Retail,29,500000.0,407309.75,18.54,0,0,69798.11,47.03,0
B209062,it,48,500000.0,347197.83,30.56,1,0,116016.89,54.97,0
B201454,IT,3,2730864.37,361815.07,27.64,1,0,99990.98,43.25,0
B200093,Retail,48,509929.68,422649.6,17.12,1,0,58996.99,58.31,0
B202874,Services,23,500000.0,386145.39,22.77,0,0,103512.14,56.3,0
B202288,Food,25,500000.0,369487.75,26.1,0,0,68413.57,47.58,0
B207009,IT,53,500000.0,422369.54,15.53,0,0,48852.33,57.67,0
B201098,services,9,500000.0,354661.81,29.07,0,0,58021.78,62.15,1
B201977,Retail,34,500000.0,420176.97,15.96,1,0,40886.59,52.4,0
B202761,Services,17,500000.0,372382.19,25.52,0,0,42295.18,43.52,0
B207911,Services,39,500000.0,435002.15,13.0,0,0,72818.02,63.34,1
B204408,Retail,31,500000.0,427438.04,,0,0,73760.07,51.08,0
B204336,Food,23,500000.0,421567.49,15.69,0,0,71370.77,55.13,0
B209095,Services,29,500000.0,384002.71,23.2,1,0,86607.96,50.08,0
B206323,Food,7,500000.0,385751.98,22.85,0,0,96079.79,49.5,0
B205174,Retail,35,500000.0,381557.89,23.69,0,0,90158.86,45.83,0
B204831,Services,27,500000.0,378612.82,24.28,0,0,53194.22,37.04,0
B206872,Retail,42,500000.0,370689.17,25.86,0,0,76337.26,54.51,0
B205403,Retail,38,500000.0,443526.4,11.29,0,0,29540.96,60.85,1
B205401,Food,45,500000.0,428478.53,14.3,1,0,77299.86,46.6,0
B201849,Healthcare,30,500000.0,399654.48,20.07,0,0,56407.34,54.85,0
B209222,Services,36,500000.0,362974.68,27.41,1,1,90632.82,68.63,1
B207777,Manufacturing,43,2903238.26,412733.47,17.45,1,1,103759.34,62.43,1
B206726,Food,34,500000.0,392808.15,21.44,1,0,91049.5,58.56,0
B204677,IT,18,500000.0,319225.25,,0,0,115728.18,41.18,0
B203080,Manufacturing,58,651119.35,504187.96,22.57,1,0,,45.24,0
B201376,Food,26,500000.0,401471.04,,0,0,84087.74,46.37,0
B208577,Food,3,500000.0,380655.27,23.87,0,0,105061.43,46.9,0
B207804,Manufacturing,48,500000.0,419636.74,16.07,1,0,86300.11,46.55,0
B205606,Manufacturing,40,500000.0,340426.01,31.91,0,0,68358.29,47.6,0
B206997,Retail,30,500000.0,420942.44,15.81,1,0,67947.86,63.32,1
B209246,Retail,23,500000.0,360469.78,27.91,0,0,83353.71,50.77,0
B205878,Manufacturing,40,500000.0,398376.53,20.32,0,0,84226.36,43.02,0
B201355,Services,16,500000.0,387163.49,22.57,0,0,88392.08,49.4,0
B205384,Retail,13,500000.0,372207.97,25.56,0,0,40702.81,52.95,0
B206551,Services,13,500000.0,437897.58,,0,0,35713.19,53.93,0
B201601,Retail,34,500000.0,415105.6,16.98,0,0,71323.37,47.85,0
B208391,Services,17,2764722.18,382686.36,23.46,0,0,102431.47,46.23,0
B204009,Retail,29,500000.0,376746.2,24.65,1,0,96034.6,52.43,0
B204400,Food,13,500000.0,380569.93,23.89,1,0,64080.16,50.37,0
B204586,Food,8,500000.0,306311.74,38.74,1,0,102845.58,43.15,0
B204460,IT,13,500000.0,313405.54,37.32,0,0,,38.52,0
B203696,,25,500000.0,390004.1,22.0,0,0,104403.23,52.59,0
B208203,Food,12,500000.0,401845.45,19.63,0,0,67668.61,56.2,0
B208731,Retail,36,500000.0,467751.73,6.45,0,0,43900.42,47.0,0
B202396,Retail,27,500000.0,2649820.87,21.29,1,0,35752.67,54.4,0
B203726,Manufacturing,17,500000.0,393397.08,21.32,1,0,69276.76,48.75,0
B208351,IT,5,608513.51,394226.22,35.21,0,0,505860.49,46.36,0
B207280,Retail,20,500000.0,349458.35,30.11,0,0,61387.49,45.97,0
B201036,Manufacturing,53,500000.0,418782.32,16.24,1,0,56630.28,41.29,0
B207948,Food,45,510025.14,2208920.75,35.59,0,0,123227.34,43.35,0
B202905,IT,23,500000.0,353851.86,29.23,1,0,103045.57,34.07,0
B204709,Food,32,500000.0,409937.71,18.01,0,0,57659.04,49.75,0
B206073,Healthcare,27,500000.0,385671.87,22.87,1,1,108678.58,74.94,1
B201502,,27,500000.0,363150.35,27.37,0,0,108580.32,50.46,0
B208403,Services,3,500000.0,382622.68,23.48,0,0,77622.91,51.32,0
B200515,Healthcare,30,500000.0,380483.19,23.9,0,0,61975.63,53.02,0
B205512,it,18,500000.0,394539.03,21.09,0,0,92175.76,45.61,0
B208265,Services,13,500000.0,413204.88,17.36,0,0,36340.85,52.23,0
B203594,Manufacturing,41,500000.0,438731.38,12.25,0,0,,53.17,0
B207886,Services,15,500000.0,383588.32,23.28,0,0,51087.07,47.13,0
B200949,IT,26,500000.0,388665.3,22.27,0,0,89595.26,54.64,0
B207378,Healthcare,3,500000.0,438062.1,12.39,0,0,51886.69,57.7,0
B200286,Food,36,500000.0,381799.78,23.64,1,0,66214.64,43.79,0
B202359,Manufacturing,41,500000.0,374174.84,25.17,1,1,83777.79,61.85,1
B209129,IT,5,500000.0,379591.46,24.08,0,0,70971.21,57.75,0
B200063,Manufacturing,54,500000.0,375620.36,24.88,1,0,99358.81,48.94,0
B204397,Healthcare,39,500000.0,412431.85,17.51,0,0,93466.18,53.52,0
B202550,Manufacturing,61,513030.45,406790.75,20.71,0,0,67511.3,50.96,0
B202962,Services,10,2918793.98,341179.76,31.76,0,0,61484.11,37.71,0
B205353,Services,23,500000.0,339808.91,32.04,0,0,82101.07,45.52,0
B209744,Services,23,500000.0,358376.49,28.32,0,0,106023.06,42.4,0
B208220,Services,26,500000.0,404086.37,19.18,0,0,76086.17,55.29,0
B205670,Food,14,500000.0,412636.94,17.47,1,0,,48.42,0
B203433,Services,34,500000.0,426113.15,14.78,0,0,78827.99,41.41,0
B203728,Food,8,500000.0,413703.0,17.26,1,0,81543.73,48.88,0
B208810,Manufacturing,72,500000.0,373588.66,25.28,1,0,100790.17,51.71,0
B200807,Manufacturing,52,500000.0,365539.43,26.89,0,0,58328.06,58.26,0
B205119,Healthcare,15,500000.0,406412.97,18.72,0,0,42415.04,57.66,0
B201730,Retail,37,500000.0,437705.53,12.46,1,0,75137.42,65.31,1
B201478,Services,3,500000.0,334112.87,33.18,0,0,21563.7,51.36,0
B202252,Manufacturing,33,500000.0,455574.42,8.89,1,0,50835.66,44.67,0
B204573,Manufacturing,31,500000.0,392550.58,21.49,0,0,76482.26,49.82,0
B200956,Healthcare,40,1500788.6,386476.07,22.7,0,0,75853.76,57.21,0
B209489,Services,43,538767.68,408747.87,24.13,0,0,105676.28,46.46,0
B208572,Services,31,500000.0,380763.64,23.85,1,0,65460.57,50.77,0
B204837,Manufacturing,61,500000.0,439398.4,12.12,1,0,85694.75,47.73,0
B207864,manufacturing,44,500000.0,342800.88,31.44,1,0,117293.91,50.15,0
B209625,Retail,33,500000.0,405707.98,18.86,1,0,71230.04,53.08,0
B203571,Manufacturing,51,500000.0,386776.53,22.64,0,0,75859.14,53.69,0
B200771,Retail,21,500000.0,454220.63,9.16,1,1,55366.21,72.42,1
B208699,IT,4,500000.0,317423.11,36.52,1,0,52885.02,44.46,0
B209367,Healthcare,3,500000.0,368265.98,26.35,0,0,38490.07,49.08,0
B201499,Manufacturing,63,500000.0,391659.26,21.67,0,0,51817.67,53.3,0
B209121,Food,30,500000.0,377881.2,24.42,0,0,50597.48,55.71,0
B207932,,12,500000.0,358676.72,28.26,0,0,72842.94,44.28,0
B200631,IT,22,500000.0,411658.71,17.67,0,0,99866.74,50.26,0
B208634,Services,3,500000.0,341102.53,31.78,1,1,73292.81,62.02,1
B202253,Manufacturing,46,500000.0,1559883.92,23.45,0,0,65183.54,44.52,0
B201719,Manufacturing,45,500000.0,428786.02,14.24,1,0,369515.21,50.31,0
B202311,IT,20,500000.0,333055.56,33.39,0,0,16807.9,54.72,0
B206338,,23,500000.0,347981.06,30.4,1,0,109390.2,40.6,0
B201217,Healthcare,15,500000.0,367808.68,26.44,1,0,81633.59,43.06,0
B209938,food,15,500000.0,426080.97,14.78,0,0,68731.53,48.76,0
B204735,Manufacturing,31,537320.37,390106.31,27.4,0,0,123495.88,39.62,0
B200264,Services,17,500000.0,371041.14,25.79,1,0,99018.58,46.14,0
B204622,retail,15,500000.0,387939.65,22.41,1,0,51009.52,56.66,0
B204261,Food,17,739910.32,602424.04,18.58,1,0,99097.42,61.03,1
B209768,Healthcare,30,500000.0,371670.05,25.67,1,0,48270.32,53.37,0
B207895,Retail,37,500000.0,426365.36,14.73,1,0,67947.92,50.69,0
B209213,Food,13,500000.0,400858.52,19.83,0,0,96870.15,51.63,0
B201655,Healthcare,11,500000.0,354221.77,29.16,0,0,,58.38,0
B200530,Food,3,500000.0,409822.95,18.04,0,0,77226.53,53.5,0
B206659,Retail,54,500000.0,470269.33,5.95,1,0,46143.24,67.11,1
B205194,retail,14,500000.0,374774.42,25.05,0,0,100902.86,58.4,0
B200848,Healthcare,25,500000.0,394922.44,21.02,0,0,71608.72,51.49,0
B204382,Food,28,500000.0,383433.87,23.31,0,0,98468.08,47.0,0
B207831,Services,18,609510.7,451931.98,,0,0,118208.01,54.38,0
B202668,Food,21,500000.0,406385.08,18.72,0,0,70180.01,59.35,0
B200656,Retail,33,500000.0,433681.99,13.26,1,0,52589.72,54.59,0
B208575,Healthcare,3,500000.0,384458.06,23.11,0,0,43092.01,50.17,0
B207887,nan,27,500000.0,385284.12,22.94,0,0,67555.0,50.32,0
B205066,retail,23,500000.0,444395.6,11.12,1,0,50079.8,54.27,0
B208376,Healthcare,25,500000.0,386354.69,22.73,1,0,67924.27,47.09,0
B205566,Food,19,522675.29,424100.24,18.86,0,0,74139.78,55.5,0
B206241,Services,21,500000.0,368890.11,26.22,0,0,78946.09,49.88,0
B201772,IT,3,500000.0,354286.01,29.14,0,0,86351.86,44.02,0
B202026,Services,28,527837.79,432423.46,18.08,1,0,62719.2,52.3,0
B201534,Retail,34,500000.0,365881.97,,0,0,79080.78,48.57,0
B203331,IT,11,500000.0,377156.02,24.57,1,0,66210.04,49.27,0
B205456,Services,31,500000.0,414292.98,17.14,1,0,42489.52,55.66,0
B202826,,37,537546.48,495975.95,7.73,1,0,56454.65,66.67,1
B207810,Retail,54,500000.0,430919.25,13.82,0,0,267728.36,56.34,0
B201077,Retail,50,1985156.79,349599.39,30.08,0,0,86715.89,50.58,0
B204008,Retail,21,500000.0,415412.15,16.92,1,0,65230.02,43.08,0
B205711,Manufacturing,57,500000.0,335876.36,32.82,1,0,137886.58,43.36,0
B209900,Retail,22,500000.0,422405.2,15.52,1,0,49563.45,54.06,0
B202816,Services,11,500000.0,355819.07,28.84,0,0,74826.02,43.88,0
B208049,Retail,33,500000.0,416521.5,16.7,1,1,66902.99,68.45,1
B201914,Manufacturing,27,500000.0,2423376.45,28.4,1,0,85207.89,55.33,0
B201821,Food,31,614537.62,433377.75,29.48,0,0,131215.64,56.3,0
B207007,Retail,38,500000.0,426014.39,14.8,1,0,19966.44,52.92,0
B209278,Services,16,500000.0,367448.61,,0,0,89890.96,46.94,0
B202202,Food,3,500000.0,457043.9,8.59,0,0,53097.77,52.2,0
B207550,Services,9,500000.0,380595.38,23.88,0,0,101561.96,49.68,0
B201997,IT,22,500000.0,322758.63,35.45,0,0,98819.85,54.18,0
B206958,Retail,32,500000.0,400958.03,19.81,0,0,48435.98,60.88,1
B207972,Services,3,500000.0,365710.77,26.86,1,0,86942.04,52.06,0
B204451,IT,34,500000.0,393493.51,21.3,1,0,71051.41,48.31,0
B204669,Retail,13,500000.0,403961.24,19.21,1,0,77172.82,50.79,0
B204356,Services,25,500000.0,406064.7,18.79,0,0,74616.02,50.39,0
B201248,Retail,20,500000.0,375260.89,24.95,1,0,17277.76,52.31,0
B209373,Manufacturing,50,500000.0,346620.18,30.68,1,0,120403.39,44.0,0
B208489,Food,37,500000.0,408005.11,18.4,1,0,70196.96,56.56,0
B204051,Services,3,500000.0,375388.1,24.92,0,0,100759.39,45.08,0
B201306,IT,23,500000.0,372431.41,25.51,0,0,46535.63,53.06,0
B209428,Retail,31,549663.42,458614.79,16.56,1,0,55672.16,49.21,0
B208081,,62,500000.0,385919.36,22.82,1,1,86535.33,58.96,0
B202495,Manufacturing,47,500000.0,405780.39,18.84,1,0,86232.49,54.47,0
B208665,Healthcare,17,500000.0,372226.66,25.55,0,0,63978.71,51.23,0
B203573,Food,35,500000.0,410023.46,18.0,0,0,88972.52,53.76,0
B209456,Food,38,500000.0,409318.79,18.14,0,0,85306.81,46.79,0
B201305,Retail,21,500000.0,446756.36,10.65,0,0,39890.87,52.56,0
B200832,IT,9,500000.0,322500.47,35.5,0,0,82010.5,38.85,0
B200175,Retail,49,791775.85,749685.25,5.32,1,0,60473.62,57.12,0
B202213,Food,29,500000.0,352670.33,29.47,0,0,68931.23,50.35,0
B208405,Manufacturing,34,500000.0,390268.36,21.95,0,0,109090.27,41.52,0
B205307,Services,3,500000.0,359193.02,28.16,0,0,72060.22,49.5,0
B207827,Healthcare,6,500000.0,382724.11,23.46,0,0,89282.65,47.13,0
B200755,Retail,21,500000.0,386659.29,22.67,0,0,87301.44,51.08,0
B203705,IT,18,500000.0,366903.45,26.62,0,0,72032.47,39.34,0
B208268,Services,48,500000.0,336308.98,32.74,0,0,94563.11,49.43,0
B206863,Retail,27,500000.0,450960.71,9.81,1,0,55194.78,59.83,0
B201404,Services,21,500000.0,360632.45,27.87,0,0,36932.22,56.49,0
B205150,Healthcare,28,500000.0,402252.21,19.55,0,0,81644.54,55.38,0
B200075,IT,20,500000.0,417961.13,16.41,0,0,48061.53,50.88,0
B205035,Retail,22,500000.0,431574.51,13.69,1,0,62411.41,52.69,0
B201056,IT,32,500000.0,373794.34,25.24,0,0,64035.61,46.32,0
B206794,IT,26,500000.0,358062.89,28.39,0,0,47360.03,48.18,0
B209196,Retail,35,500000.0,417456.4,16.51,1,0,46636.82,56.58,0
B200945,,7,500000.0,372953.76,25.41,1,0,55671.17,54.94,0
B205909,Food,13,500000.0,374618.22,25.08,0,0,95887.45,49.04,0
B208420,,47,500000.0,426775.84,14.64,1,0,70949.0,52.33,0
B208614,Healthcare,25,500000.0,399685.42,20.06,1,0,90293.74,56.16,0
B206292,Manufacturing,51,500000.0,415117.16,16.98,1,0,82108.12,53.01,0
B204393,Manufacturing,27,500000.0,358301.43,28.34,0,0,71901.76,48.97,0
B205131,Healthcare,21,500000.0,428364.07,14.33,0,0,78736.71,55.3,0
B202331,Manufacturing,53,500000.0,413654.45,17.27,1,0,49734.34,51.93,0
B209969,Food,21,500000.0,392940.7,21.41,0,0,,52.5,0
B201572,Healthcare,5,500000.0,360538.15,27.89,0,0,81177.69,50.49,0
B208813,Food,6,500000.0,381206.97,23.76,0,0,39227.79,50.28,0
B201747,Food,12,500000.0,445408.39,10.92,1,0,79059.73,58.83,0
B205151,Food,8,500000.0,376190.86,24.76,0,0,109205.29,50.27,0
B206874,Manufacturing,30,500000.0,355958.61,,0,0,104509.4,39.33,0
B206062,Retail,26,500000.0,422534.95,15.49,0,0,109573.11,59.0,0
B206325,Services,18,500000.0,374337.26,25.13,1,0,99300.95,53.38,0
B208478,Food,22,500000.0,399782.63,20.04,0,0,60208.15,51.74,0
B209306,Services,18,500000.0,384107.93,23.18,0,0,70448.44,39.16,0
B202164,Manufacturing,69,500000.0,444811.84,11.04,0,0,64296.06,55.85,0
B201809,Retail,18,545734.5,400893.77,26.54,0,0,94381.8,53.42,0
B208523,Manufacturing,22,500000.0,430296.36,13.94,0,0,67023.62,51.59,0
B203909,Healthcare,8,500000.0,397942.44,20.41,0,0,91839.57,55.5,0
B209006,Services,30,500000.0,370797.25,25.84,0,0,406799.99,54.19,0
B203004,Manufacturing,55,500000.0,458864.51,8.23,0,0,194008.89,59.0,0
B203703,Services,23,500000.0,372684.91,25.46,0,0,60678.39,58.04,0
B204010,,12,500000.0,310695.74,37.86,0,0,100933.38,38.91,0
B206671,Healthcare,15,500000.0,389097.34,22.18,0,0,31466.27,49.34,0
B206069,,13,500000.0,363907.7,27.22,0,0,106902.48,54.66,0
B205089,Food,29,500000.0,343291.62,31.34,0,0,43765.03,50.9,0
B204065,Services,13,500000.0,361949.68,27.61,0,0,57368.06,49.42,0
B207840,Manufacturing,28,500000.0,346770.14,30.65,0,0,105875.01,52.41,0
B208922,Food,35,500000.0,354906.6,29.02,0,0,113360.06,45.55,0
B204547,Food,7,1665378.48,408722.6,18.26,0,0,99482.07,53.69,0
B206316,Retail,18,3146581.75,419319.5,16.14,0,0,91042.3,67.74,1
B204202,Food,26,2789622.52,406023.02,18.8,1,0,65761.44,44.86,0
B203638,Retail,43,500000.0,395383.72,,0,0,83601.05,60.85,1
B206010,Retail,35,500000.0,388271.15,22.35,0,0,51419.68,49.29,0
B207512,Healthcare,26,500000.0,437643.45,12.47,0,0,55412.31,55.9,0
B201073,Services,34,500000.0,330902.19,33.82,0,0,61990.87,44.24,0
B201262,Retail,25,500000.0,403363.73,19.33,0,0,47279.03,52.74,0
B204576,Manufacturing,50,500000.0,1131589.51,25.23,1,0,51619.11,48.07,0
B208904,Retail,43,500000.0,383982.09,23.2,0,0,76520.19,45.48,0
B208800,Food,25,500000.0,380640.69,23.87,0,0,94307.02,50.18,0
B209817,Services,22,500000.0,323828.9,35.23,1,0,,40.39,0
B207219,Food,14,500000.0,399556.93,20.09,0,0,70445.42,45.53,0
B206593,Services,31,500000.0,364047.68,27.19,0,0,93661.46,56.59,0
B204569,Services,20,500000.0,370661.88,25.87,1,0,90294.13,49.39,0
B208659,Manufacturing,40,500000.0,1432498.55,25.8,1,0,67793.88,58.42,0
B201951,Retail,34,2128507.16,414335.91,17.13,1,0,86589.77,61.4,1
B202912,Healthcare,22,500000.0,396456.38,20.71,0,0,72824.52,47.74,0
B200152,Retail,3,500000.0,375610.15,24.88,0,0,94885.1,53.72,0
B201417,Retail,47,500000.0,469194.63,6.16,0,0,50383.85,60.55,1
B209072,Healthcare,18,500000.0,387439.85,22.51,0,0,54802.37,42.09,0
B201327,Manufacturing,42,500000.0,415700.75,16.86,1,0,77472.06,54.66,0
B205713,Services,38,500000.0,340843.6,31.83,1,0,55480.27,56.36,0
B200724,Manufacturing,60,500000.0,1546391.29,25.06,0,0,54037.33,51.14,0
B200350,Healthcare,9,692283.52,531876.24,23.17,0,0,128902.21,50.65,0
B204861,Services,22,500000.0,375934.96,24.81,1,0,74048.1,51.43,0
B203976,Services,28,500000.0,427005.72,14.6,0,0,61334.91,45.02,0
B205310,Retail,20,500000.0,440072.47,11.99,1,0,62744.41,55.82,0
B204284,Services,3,500000.0,1923768.06,34.33,0,0,88115.53,53.03,0
B209490,Services,22,500000.0,383443.33,23.31,0,0,79285.73,50.84,0
B205515,Manufacturing,56,500000.0,388208.06,22.36,0,0,120351.39,41.58,0
B204729,Food,31,500000.0,350621.48,29.88,1,1,12394.8,58.41,0
B207912,IT,19,500000.0,354879.38,29.02,0,0,21978.84,46.73,0
B206165,Food,13,500000.0,379051.01,24.19,1,0,107456.78,49.83,0
B209398,Healthcare,10,500000.0,356967.14,28.61,0,0,89139.69,44.05,0
B206788,Healthcare,18,500000.0,459114.28,8.18,1,0,56108.23,67.1,1
B204756,Food,8,500000.0,364155.12,27.17,0,0,76043.54,56.37,0
B207430,Retail,19,500000.0,398299.73,20.34,0,0,91167.23,53.91,0
B203474,Food,30,500000.0,361937.94,27.61,1,0,96617.92,46.28,0
B203446,Services,6,2820745.16,366300.1,26.74,0,0,84166.64,43.83,0
B206206,Retail,34,500000.0,414444.13,17.11,0,0,69563.22,50.78,0
B206956,Services,22,500000.0,452861.08,9.43,0,0,53467.51,61.6,1
B201855,Manufacturing,57,500000.0,371887.05,25.62,1,0,95576.93,45.15,0
B209136,IT,18,500000.0,366261.13,26.75,1,0,107203.43,56.73,0
B207828,Retail,52,500000.0,393190.41,21.36,1,0,48862.52,45.41,0
B201592,Retail,26,500000.0,386533.19,22.69,0,0,79786.01,45.68,0
B205302,Retail,6,560830.47,489665.97,12.69,0,0,68021.11,55.25,0
B208271,Manufacturing,35,500000.0,373447.18,25.31,0,0,,46.51,0
B205716,Manufacturing,28,500000.0,349305.83,30.14,1,0,76025.43,54.84,0
B206713,Food,23,500000.0,466978.9,6.6,1,0,42359.65,57.1,0
B207390,Retail,35,500000.0,401223.82,19.76,0,0,92870.41,52.81,0
B202806,Retail,31,500000.0,393816.76,21.24,0,0,56806.13,46.87,0
B209034,Food,34,500000.0,392224.76,21.56,0,0,55686.24,54.17,0
B203823,Retail,52,500000.0,461817.8,7.64,1,0,62115.34,57.32,0
B200984,Services,19,500000.0,397913.42,20.42,1,0,67578.41,42.87,0
B200484,Healthcare,26,500000.0,388450.54,22.31,0,0,64923.84,44.84,0
B202636,Services,3,500000.0,367506.78,26.5,0,0,69232.44,54.48,0
B203382,,24,500000.0,350596.65,29.88,0,0,38558.28,50.84,0
B201602,Healthcare,3,500000.0,382188.74,23.56,0,0,88107.73,48.51,0
B200449,Food,33,500000.0,353084.16,29.38,0,0,126980.63,49.0,0
B200234,Food,29,500000.0,362164.75,27.57,0,0,72498.01,51.72,0
B204515,Services,12,500000.0,371625.99,25.67,0,0,81209.82,45.75,0
B205931,Healthcare,31,500000.0,371681.72,25.66,1,0,75111.54,60.1,1
B207994,Retail,26,500000.0,419599.68,16.08,1,0,34272.37,63.35,1
B204520,Retail,22,500000.0,431438.61,,1,0,38420.1,62.73,1
B201600,Retail,31,500000.0,386089.55,22.78,0,0,34879.57,48.67,0
B208858,Services,5,500000.0,326352.74,34.73,0,0,106999.94,42.59,0
B202498,Services,19,500000.0,378974.41,24.21,0,0,59234.58,63.37,1
B209011,,26,712972.7,533950.96,25.11,0,0,101433.28,49.83,0
B201604,Manufacturing,25,500000.0,370996.62,,0,0,64740.95,47.44,0
B205728,Manufacturing,41,500000.0,441622.04,,0,0,42804.52,56.29,0
B202470,Retail,22,500000.0,436431.16,12.71,1,0,40260.01,56.0,0
B209286,Food,34,500000.0,355220.87,28.96,1,0,84690.24,42.29,0
B208251,Healthcare,31,500000.0,386989.17,22.6,1,0,89621.72,42.46,0
B206683,retail,30,500000.0,441303.33,,0,0,78735.06,62.54,1
B202565,Services,21,2912974.73,372850.31,30.68,0,0,120122.26,56.88,0
B204826,Manufacturing,47,879953.03,741549.41,15.73,0,0,153492.08,51.98,0
B208084,Retail,12,500000.0,444264.8,11.15,1,0,101043.71,55.05,0
B202653,Services,8,500000.0,354609.36,29.08,1,0,71661.67,44.21,0
B200085,Retail,23,500000.0,434814.07,13.04,0,0,43655.66,47.45,0
B206350,Retail,28,500000.0,411337.21,17.73,1,0,27609.63,56.11,0
B201790,Retail,29,886516.05,749653.2,15.44,0,0,105163.7,52.47,0
B202825,Manufacturing,33,500000.0,416530.8,16.69,1,0,59683.62,52.17,0
B209520,IT,8,500000.0,348537.17,30.29,0,0,92687.05,43.73,0
B208429,Retail,33,500000.0,431192.92,13.76,1,0,68574.54,55.43,0
B207035,Services,21,500000.0,359578.23,28.08,1,0,78562.03,64.49,1
B207073,Retail,33,500000.0,382089.92,23.58,0,0,94232.22,53.35,0
B201617,Services,11,500000.0,373682.37,25.26,1,0,50441.39,46.11,0
B202084,,71,500000.0,397311.01,20.54,0,0,61362.1,57.93,0
B201102,IT,9,500000.0,398047.81,20.39,0,0,69561.33,57.01,0
B206820,Services,24,500000.0,403908.34,19.22,1,0,93734.85,59.48,0
B206961,Retail,45,500000.0,417759.04,16.45,0,0,58229.32,43.14,0
B208506,Retail,11,500000.0,372468.33,25.51,0,0,68542.61,48.93,0
B205923,IT,16,500000.0,381592.74,23.68,0,0,69708.0,52.07,0
B201165,Services,21,500000.0,379168.02,24.17,0,0,447209.41,47.23,0
B208131,Services,3,500000.0,412621.25,17.48,0,0,64294.51,58.79,0
B205008,Retail,37,500000.0,407880.8,18.42,0,0,53669.15,53.31,0
B201368,Retail,31,500000.0,419750.35,16.05,0,0,83381.66,53.05,0
B206866,Services,9,500000.0,387299.6,22.54,1,0,42171.47,52.08,0
B203841,Retail,43,500000.0,441502.34,11.7,0,0,,62.4,1
B208089,Retail,37,532759.35,489568.38,8.11,1,1,71585.21,75.19,1
B205960,IT,22,500000.0,381919.35,23.62,0,0,58258.21,45.74,0
B200089,Retail,36,500000.0,444468.8,11.11,0,0,,57.86,0
B200082,Services,3,500000.0,424052.39,15.19,1,0,53313.09,58.16,0
B204810,IT,25,500000.0,341211.49,31.76,0,0,91240.82,46.19,0
B204444,Food,19,500000.0,379073.86,24.19,1,0,62115.28,48.92,0
B204497,IT,5,756917.89,618386.38,18.3,1,0,163312.46,50.92,0
B203425,Manufacturing,48,500000.0,416757.24,16.65,0,0,85912.48,55.2,0
B203273,Food,38,500000.0,390357.25,21.93,1,1,79573.57,69.89,1
B201084,Food,14,500000.0,406739.82,18.65,0,0,54746.17,46.89,0
B204157,,40,500000.0,437585.41,12.48,0,0,68223.73,49.23,0
B206571,Food,13,500000.0,372997.85,25.4,1,0,56277.76,53.32,0
B205003,Services,24,500000.0,336429.66,32.71,0,0,98201.54,53.23,0
B206150,Services,3,500000.0,418586.21,16.28,0,0,46579.84,52.92,0
B201864,Healthcare,10,500000.0,388099.38,22.38,0,0,37294.49,43.9,0
B209479,Food,3,500000.0,378490.98,24.3,1,0,91965.27,47.55,0
B201518,Retail,35,500000.0,433357.21,13.33,1,1,15389.04,74.41,1
B207879,Retail,20,500000.0,413788.26,17.24,0,0,33445.54,57.82,0
B200987,Services,21,500000.0,411188.52,17.76,0,0,53120.25,51.89,0
B200901,Food,34,500000.0,391323.37,21.74,1,0,69585.0,57.6,0
B203294,Retail,52,500000.0,397024.42,20.6,0,0,66242.97,57.15,0
B201347,Healthcare,7,500000.0,357330.12,28.53,0,0,110895.77,46.82,0
B202250,Services,8,500000.0,371094.45,25.78,0,0,36103.08,44.39,0
B204347,Healthcare,26,500000.0,417525.73,16.49,1,0,37326.31,54.65,0
B208233,Services,9,500000.0,1312924.88,37.12,0,0,119869.23,44.54,0
B203688,Retail,37,500000.0,412393.29,17.52,1,0,73179.88,51.7,0
B207019,Retail,64,500000.0,406778.22,18.64,0,0,51641.86,44.67,0
B201830,Healthcare,24,500000.0,376074.64,24.79,0,0,86168.9,41.86,0
B203467,Services,3,500000.0,376702.06,24.66,0,0,107975.47,49.94,0
B200108,Retail,22,517072.96,440941.5,14.72,0,0,70354.51,46.96,0
B208457,Services,18,500000.0,377686.35,24.46,0,0,68665.6,47.04,0
B203918,Services,11,500000.0,385202.91,22.96,0,0,108960.66,53.44,0
B209029,Manufacturing,48,500000.0,343386.9,31.32,1,0,33086.75,54.41,0
B209602,Retail,32,500000.0,479560.14,4.09,0,0,70098.75,62.73,1
B206508,Manufacturing,35,500000.0,359267.33,28.15,1,0,,48.74,0
B208535,Services,47,500000.0,350477.08,29.9,0,0,35664.25,43.76,0
B202707,retail,26,500000.0,379887.02,24.02,0,0,,56.03,0
B201491,Services,12,500000.0,366915.23,,0,0,62229.86,49.03,0
B206963,,52,738536.02,581051.12,21.32,1,0,72750.91,41.86,0
B205575,Services,44,500000.0,409139.15,18.17,0,0,78004.1,55.06,0
B208083,Retail,18,500000.0,418287.09,,0,0,65616.16,58.56,0
B209506,Services,26,500000.0,436314.03,,0,0,49421.42,49.59,0
B203462,Services,18,500000.0,423559.53,15.29,0,0,83350.24,47.21,0
B202191,Manufacturing,45,500000.0,411659.83,17.67,1,0,88434.72,49.71,0
B206795,Services,17,500000.0,371641.3,25.67,0,0,80716.2,51.41,0
B207347,Retail,40,1753699.72,417350.75,16.53,1,0,29773.32,45.6,0
B201586,Retail,45,500000.0,434952.25,13.01,0,0,50239.06,51.4,0
B200527,Healthcare,30,500000.0,339926.37,32.01,0,0,63135.03,48.43,0
B201541,IT,19,500000.0,396781.58,20.64,0,0,50438.7,64.06,1
B208032,Food,12,500000.0,387035.76,22.59,0,0,55803.28,48.13,0
B203109,Food,11,500000.0,412368.87,17.53,0,0,68223.19,51.4,0
B203136,Services,51,500000.0,370953.17,25.81,0,0,66098.19,53.38,0
B203021,Services,16,500000.0,437285.81,12.54,1,0,70179.66,59.64,0
B207342,Services,33,500000.0,252226.56,49.55,0,0,102837.73,37.12,0
B201192,Services,27,500000.0,380806.36,23.84,0,0,96258.24,48.03,0
B206543,Services,37,500000.0,368801.98,26.24,0,0,96198.54,52.63,0
B205592,Services,31,500000.0,376175.27,24.76,0,0,81977.36,56.54,0
B207668,IT,16,500000.0,376133.26,24.77,0,0,,52.19,0
B200581,Food,33,561770.81,443611.1,21.03,0,0,93854.14,51.69,0
B204954,Healthcare,12,500000.0,414742.53,17.05,1,1,102853.18,69.6,1
B209771,Services,38,500000.0,382537.67,23.49,0,0,83394.25,49.88,0
B204102,Retail,39,500000.0,432898.58,13.42,1,0,178002.24,63.06,1
B200655,Services,24,500000.0,305148.14,38.97,1,0,97402.57,47.0,0
B209599,Food,35,500000.0,341915.07,31.62,0,0,68787.01,47.53,0
B209473,Manufacturing,64,500000.0,418181.29,16.36,1,0,49253.13,54.59,0
B200998,Services,56,500000.0,369808.09,26.04,0,0,98706.01,44.52,0
B208884,Food,17,1372921.5,1008968.98,26.51,0,0,127515.19,51.43,0
B208667,Retail,4,500000.0,407152.44,18.57,1,0,65619.91,53.71,0
B204523,Manufacturing,32,500000.0,358494.74,28.3,0,0,94071.75,50.86,0
B205478,Services,3,500000.0,413425.71,17.31,1,0,65184.61,44.47,0
B205939,Services,28,500000.0,427423.66,14.52,0,0,43914.42,52.16,0
B207105,Retail,18,500000.0,383712.42,23.26,0,0,71802.9,60.48,1
B205808,Manufacturing,34,500000.0,2264037.01,18.38,0,0,86773.83,53.58,0
B205314,Food,19,500000.0,398899.71,20.22,0,0,40957.59,60.86,1
B204744,Food,23,500000.0,433012.67,13.4,0,0,73523.27,52.74,0
B207813,Manufacturing,41,655823.06,478597.98,27.02,0,0,113273.3,46.68,0
B201705,it,55,565432.81,384368.36,32.02,0,0,95359.28,51.07,0
B209387,Services,11,500000.0,371743.61,25.65,0,0,64736.54,53.79,0
B205912,IT,21,500000.0,341539.1,31.69,0,0,77436.01,47.22,0
B202987,Retail,26,500000.0,357501.63,28.5,0,0,70785.36,46.63,0
B205777,Healthcare,27,500000.0,395276.53,20.94,0,0,64392.63,54.85,0
B205347,Food,6,500000.0,364785.63,27.04,0,0,56299.78,34.55,0
B205509,Retail,3,500000.0,421504.75,15.7,0,0,26694.59,46.53,0
B205602,Retail,19,500000.0,425921.66,14.82,0,0,,53.07,0
B208638,Manufacturing,48,500000.0,398007.24,20.4,1,0,104532.99,47.44,0
B205297,Manufacturing,51,500000.0,414207.89,17.16,0,0,63383.42,50.36,0
B209651,Services,41,500000.0,395010.32,21.0,1,0,89996.59,49.09,0
B206365,services,3,500000.0,364835.17,,0,0,47113.73,50.04,0
B202320,Healthcare,35,500000.0,359475.74,28.1,0,0,94868.18,45.7,0
B207025,Retail,29,500000.0,405133.56,18.97,0,0,50711.39,56.83,0
B201859,IT,3,832754.09,642286.1,22.87,0,0,128723.3,56.72,0
B205240,Retail,27,500000.0,390471.85,21.91,1,0,52626.32,44.39,0
B209325,food,37,500000.0,388905.33,22.22,0,0,84051.62,52.57,0
B207026,Services,3,500000.0,354977.02,29.0,0,0,69089.18,42.65,0
B201554,Services,3,500000.0,293589.94,41.28,0,0,84406.96,48.95,0
B203182,Services,31,500000.0,362075.84,27.58,1,0,113883.08,48.1,0
B207990,Manufacturing,51,500000.0,405134.3,18.97,0,0,38985.72,46.4,0
B208325,Retail,44,500000.0,441419.95,11.72,0,0,33044.48,48.92,0
B206918,,38,500000.0,359413.92,28.12,0,0,109635.09,48.57,0
B207691,Healthcare,20,500000.0,430471.89,13.91,0,0,46831.26,53.16,0
B204423,Manufacturing,40,500000.0,360713.22,27.86,0,0,74644.04,47.75,0
B203000,,15,560881.38,409761.05,26.94,1,0,73130.58,48.54,0
B202096,Retail,22,500000.0,423956.24,15.21,1,1,73696.14,75.98,1
B205007,Retail,19,500000.0,422700.99,15.46,1,0,64334.02,53.07,0
B204223,IT,25,500000.0,401978.62,19.6,1,0,,51.71,0
B204000,retail,32,500000.0,374993.27,25.0,1,0,78667.54,48.74,0
B200043,Healthcare,42,500000.0,433047.11,13.39,0,0,91457.92,55.32,0
B206091,Manufacturing,44,500000.0,407791.42,18.44,1,0,75037.0,53.92,0
B201094,Manufacturing,43,500000.0,470548.77,5.89,0,0,51913.01,65.77,1
B202293,Retail,22,500000.0,393740.88,21.25,0,0,95963.82,40.83,0
B209649,Manufacturing,72,500000.0,409231.56,18.15,1,0,97840.11,47.35,0
B204893,Retail,17,500000.0,389638.67,22.07,0,0,93740.2,57.79,0
B209984,Manufacturing,51,500000.0,426029.82,14.79,1,0,34226.01,52.15,0
B207397,,59,500000.0,343939.09,31.21,0,0,45293.05,49.14,0
B207488,IT,26,500000.0,365114.77,26.98,0,0,62220.2,49.41,0
B202544,Food,23,500000.0,437788.41,12.44,0,0,55441.75,54.36,0
B208798,healthcare,32,500000.0,1497882.66,14.09,0,0,64165.59,60.77,1
B204386,Services,47,500000.0,376160.38,24.77,1,0,84598.81,51.98,0
B200470,Manufacturing,44,600727.43,449110.73,25.24,0,0,115854.36,50.26,0
B201548,Retail,23,500000.0,469434.64,6.11,0,0,37062.02,56.4,0
B209199,Services,26,500000.0,381026.05,23.79,0,0,86091.06,47.31,0
B206679,Retail,29,500000.0,411725.26,17.65,1,0,61421.01,65.65,1
B207266,Retail,50,500000.0,439617.89,12.08,1,0,79802.46,42.54,0
B203682,Manufacturing,58,500000.0,445220.96,10.96,0,0,52990.73,55.36,0
B204021,Retail,24,500000.0,401326.89,19.73,1,0,56324.94,57.03,0
B205837,Healthcare,15,500000.0,372403.06,25.52,1,0,78879.31,44.56,0
B200173,Healthcare,9,500000.0,385549.62,22.89,1,0,35704.48,49.35,0
B208248,Food,13,500000.0,400246.38,19.95,0,0,54023.76,51.49,0
B203605,Services,9,500000.0,2322304.45,28.01,0,0,106437.38,48.07,0
B206123,Food,15,2300537.36,380166.16,23.97,0,0,60930.56,62.76,1
B201677,Food,25,500000.0,397926.14,20.41,0,0,95523.16,53.43,0
B200853,Services,9,500000.0,376035.94,24.79,0,0,125713.94,57.29,0
B208064,Retail,45,500000.0,424964.95,15.01,0,0,70324.85,57.96,0
B207412,IT,8,500000.0,327615.87,34.48,0,0,83991.49,57.18,0
B200051,Services,20,500000.0,355716.79,28.86,0,0,110050.72,46.83,0
B202110,Retail,11,500000.0,435177.25,12.96,0,0,81400.86,64.83,1
B206201,Services,24,500000.0,367616.67,26.48,1,0,92955.38,44.46,0
B203763,Retail,29,500000.0,393660.9,21.27,0,0,63216.01,46.99,0
B200864,Retail,10,500000.0,462827.34,7.43,0,0,65231.12,59.94,0
B206238,,22,500000.0,373893.82,25.22,0,0,82739.09,46.16,0
B204690,Services,49,500000.0,422755.37,15.45,0,0,67019.06,55.79,0
B202897,Manufacturing,41,500000.0,369875.64,26.02,0,0,92906.48,36.83,0
B203089,Food,22,500000.0,337259.18,32.55,0,0,84263.65,39.87,0
B204971,Healthcare,8,500000.0,387345.75,22.53,0,0,75814.97,50.47,0
B209247,Retail,19,500000.0,417617.44,16.48,1,0,80187.34,59.56,0
B205358,Manufacturing,45,500000.0,357906.53,28.42,1,1,87114.79,65.09,1
B209998,Retail,26,500000.0,416917.45,,1,0,52064.61,50.64,0
B208052,food,11,590677.4,454553.53,23.05,0,0,109227.56,49.69,0
B207102,Food,13,500000.0,389082.39,22.18,0,0,93484.64,43.83,0
B205666,Healthcare,3,500000.0,2195711.69,20.01,0,0,51544.5,50.78,0
B200692,Manufacturing,40,500000.0,381673.71,23.67,1,0,82863.99,60.47,1
B208732,Manufacturing,28,500000.0,442704.24,11.46,1,0,39117.87,44.07,0
B200229,Manufacturing,51,500000.0,326579.89,34.68,0,0,89967.85,43.01,0
B208814,Food,19,500000.0,421333.67,15.73,0,0,61948.95,53.48,0
B209890,Retail,42,500000.0,462754.11,7.45,0,0,24567.57,57.11,0
B207096,Retail,24,500000.0,414100.84,17.18,0,0,54256.8,54.81,0
B207534,Manufacturing,39,562370.7,415841.08,26.06,1,1,,62.61,1
B204003,services,24,500000.0,377013.26,24.6,0,0,75674.33,49.25,0
B209914,Retail,60,500000.0,394233.7,21.15,1,1,66093.46,64.87,1
B209879,Manufacturing,61,500000.0,411013.64,17.8,1,0,69797.96,56.18,0
B207529,Manufacturing,30,561949.11,386265.28,31.26,0,0,89884.2,43.99,0
B205455,Retail,26,500000.0,418058.05,16.39,1,0,88764.78,54.25,0
B200477,Food,12,500000.0,385211.71,22.96,0,0,73020.5,50.77,0
B205360,Food,37,500000.0,447520.37,,0,0,45682.26,56.21,0
B200046,Services,11,500000.0,1632481.42,14.8,0,0,67193.07,49.39,0
B207329,Food,24,3233247.9,1985774.86,16.32,0,0,69105.77,49.81,0
B200138,Manufacturing,52,574067.94,451469.69,21.36,0,0,148578.57,50.88,0
B207044,Manufacturing,48,500000.0,388577.81,22.28,0,0,73563.27,52.03,0
B205313,IT,24,500000.0,313366.3,37.33,1,0,68671.46,49.6,0
B204484,Manufacturing,59,500000.0,370987.11,25.8,1,0,85475.14,51.51,0
B207763,Services,43,500000.0,464386.27,7.12,0,0,66963.45,57.57,0
B208118,Services,19,500000.0,334231.2,33.15,0,0,142672.58,43.95,0
B206287,Services,6,500000.0,416600.07,16.68,1,0,49626.23,50.78,0
B201612,Manufacturing,55,500000.0,358911.07,28.22,0,0,59761.68,46.85,0
B208588,IT,21,627113.75,454440.55,27.53,0,0,82686.79,48.6,0
B209640,Manufacturing,42,500000.0,371068.72,25.79,0,0,68687.63,52.23,0
B200643,Services,28,500000.0,354942.46,29.01,0,0,90091.86,61.43,1
B202248,Services,8,500000.0,319059.78,36.19,0,0,116416.24,43.29,0
B204699,IT,26,500000.0,359578.23,28.08,0,0,63721.06,56.29,0
B207956,IT,38,500000.0,343165.86,31.37,0,0,34072.97,41.52,0
B209736,Healthcare,13,500000.0,1655236.87,29.53,1,1,69369.86,62.89,1
B201522,food,15,500000.0,409786.79,18.04,0,0,445015.73,49.78,0
B200611,Food,3,500000.0,396665.22,20.67,0,0,86938.65,54.6,0
B200159,Food,21,500000.0,396321.82,20.74,1,0,63114.63,54.62,0
B200926,Services,20,500000.0,402393.33,19.52,0,0,100281.9,53.87,0
B203824,Food,11,686638.87,486460.59,29.15,0,0,83228.05,49.91,0
B207940,Services,37,500000.0,381583.67,23.68,1,0,49191.9,48.36,0
B208975,Food,21,500000.0,401966.94,19.61,0,0,,56.54,0
B204791,Manufacturing,60,500000.0,406950.23,18.61,1,0,122765.26,46.91,0
B204567,Healthcare,3,500000.0,369073.57,26.19,1,0,68884.86,52.79,0
B204292,healthcare,3,500000.0,409006.41,18.2,1,0,87224.4,55.07,0
B209834,Manufacturing,50,779206.08,608051.59,21.97,0,0,167334.93,45.91,0
B205351,Food,11,500000.0,409227.3,18.15,0,0,66628.37,52.98,0
B206884,Manufacturing,42,1000501.6,2886652.14,,0,0,119340.32,50.27,0
B200985,Services,15,500000.0,348089.07,30.38,0,0,86329.21,40.71,0
B206127,Manufacturing,25,552759.85,462810.13,16.27,0,0,57550.28,54.64,0
B206732,Food,20,500000.0,372639.56,25.47,0,0,519955.73,56.39,0
B208649,Retail,40,500000.0,432071.23,,1,1,54668.91,67.62,1
B200052,Manufacturing,57,500000.0,395511.14,20.9,0,0,101812.35,44.18,0
B205350,Services,26,500000.0,377615.12,24.48,0,0,88854.72,47.55,0
B209268,Services,20,500000.0,361779.47,27.64,0,0,66136.82,56.65,0
B204283,,51,500000.0,418284.6,16.34,0,0,63770.47,59.43,0
B208695,Manufacturing,57,500000.0,403470.22,19.31,1,0,67867.65,49.0,0
B203673,food,23,500000.0,410350.91,17.93,0,0,48609.57,51.45,0
B202215,Retail,37,500000.0,446492.32,10.7,1,0,45687.79,53.57,0
B204851,retail,45,500000.0,416721.14,16.66,1,0,54552.74,56.38,0
B201477,Retail,21,500000.0,466332.32,6.73,0,0,41020.76,61.68,1
B204616,Services,29,500000.0,397825.77,20.43,1,1,47843.74,74.86,1
B206821,Manufacturing,68,500000.0,463653.21,7.27,1,0,50488.57,63.42,1
B208978,Retail,30,500000.0,440589.98,11.88,0,0,66907.53,67.41,1
B203876,Healthcare,13,500000.0,359439.0,28.11,0,0,91199.05,49.29,0
B202190,Manufacturing,38,500000.0,362619.15,27.48,0,0,88718.22,46.24,0
B200155,Services,27,500000.0,336709.68,32.66,0,0,74806.32,48.4,0
B209154,Food,17,551999.63,438020.85,20.65,0,0,59284.09,48.95,0
B208470,Manufacturing,36,500000.0,426604.41,14.68,1,0,75468.22,58.24,0
B200488,Services,43,500000.0,361456.41,27.71,1,0,84898.62,50.11,0
B200183,Food,39,500000.0,371487.88,25.7,0,0,60547.99,51.39,0
B208501,Manufacturing,41,500000.0,386217.02,22.76,1,0,66542.76,48.24,0
B203681,Manufacturing,41,500000.0,395099.26,20.98,0,0,88628.88,42.5,0
B200759,Retail,19,500000.0,387293.22,22.54,1,1,37017.0,65.86,1
B209107,Services,23,500000.0,320538.29,35.89,0,0,120794.46,39.65,0
B202441,,44,500000.0,435302.5,12.94,1,0,67328.54,45.79,0
B209507,Services,36,500000.0,368696.53,26.26,0,0,81083.87,53.18,0
B203166,Services,35,500000.0,422721.53,15.46,0,0,39222.64,53.76,0
B206136,IT,28,500000.0,373743.56,25.25,0,0,68511.2,47.55,0
B209276,Manufacturing,30,500000.0,393969.61,21.21,0,0,,52.06,0
B209019,Manufacturing,30,500000.0,375423.77,24.92,1,0,95066.46,45.61,0
B203090,Retail,27,500000.0,409596.19,18.08,1,0,97442.67,47.08,0
B204365,Retail,35,1660196.12,409755.23,18.05,0,0,63490.94,51.17,0
B200808,,22,500000.0,387394.56,22.52,0,0,92772.3,50.19,0
B200384,Services,41,500000.0,346733.34,30.65,0,0,78203.22,47.56,0
B202419,Manufacturing,53,500000.0,409091.83,18.18,1,0,50937.93,59.0,0
B207462,Manufacturing,71,500000.0,348403.51,30.32,0,0,71155.39,46.84,0
B200529,Healthcare,37,500000.0,448958.51,10.21,0,0,40110.03,58.16,0
B204176,Manufacturing,30,1076210.84,893410.88,16.99,0,0,970889.79,53.33,0
B200493,Services,6,500000.0,374017.67,25.2,0,0,86315.63,54.3,0
B201725,Manufacturing,53,500000.0,402254.86,19.55,1,0,91175.14,55.15,0
B207899,Manufacturing,34,500000.0,389741.2,22.05,0,0,66988.16,50.6,0
B205895,Retail,12,500000.0,391079.49,21.78,0,0,83238.72,48.66,0
B204488,Manufacturing,41,500000.0,349910.48,30.02,1,0,98872.38,55.37,0
B203522,Food,20,4142597.46,566698.37,22.12,0,0,121557.18,50.89,0
B202789,Services,18,500000.0,404406.23,19.12,0,0,45120.43,56.46,0
B205039,Healthcare,24,500000.0,391649.63,21.67,0,0,85284.25,50.43,0
B205807,Manufacturing,40,500000.0,396500.37,20.7,0,0,41914.4,54.67,0
B202414,IT,3,500000.0,381078.11,23.78,1,0,97797.12,39.31,0
B206697,Retail,22,500000.0,396399.73,20.72,0,0,67152.92,57.66,0
B202053,Retail,30,500000.0,356475.59,28.7,0,0,96403.84,48.49,0
B204243,Food,23,500000.0,398531.34,20.29,0,0,76879.27,49.0,0
B204781,Retail,6,500000.0,426010.11,14.8,1,0,38428.13,53.71,0
B201370,Retail,25,500000.0,455900.82,8.82,0,0,57272.28,49.19,0
B207351,Services,34,500000.0,374490.7,25.1,0,0,94884.44,55.86,0
B202471,Manufacturing,49,500000.0,384063.18,23.19,1,0,111369.85,38.04,0
B205303,Food,16,500000.0,409947.95,18.01,0,0,72181.02,43.24,0
B201955,Food,3,500000.0,401362.17,19.73,0,0,67709.76,56.22,0
B208276,Retail,39,500000.0,450200.76,9.96,0,0,48194.2,57.33,0
B205201,IT,13,500000.0,1737983.92,27.73,0,0,117339.48,51.45,0
B209789,Retail,34,500000.0,448950.62,10.21,0,0,55014.74,51.65,0
B205389,Manufacturing,44,500000.0,330598.02,33.88,0,0,86555.44,51.04,0
B206144,Food,13,500000.0,399390.0,20.12,1,0,49280.62,47.61,0
B204884,Food,37,500000.0,421914.17,15.62,1,0,36414.98,50.34,0
B206530,Retail,36,500000.0,382250.64,23.55,0,0,103805.77,54.37,0
B200995,Manufacturing,60,500000.0,380984.67,23.8,0,0,80831.5,60.32,1
B200716,Services,29,740113.51,542560.69,26.69,0,0,123994.31,46.7,0
B200835,Retail,65,500000.0,446626.69,10.67,1,0,34697.77,50.56,0
B205220,IT,28,500000.0,347748.25,30.45,0,0,58253.84,47.02,0
B205535,Manufacturing,42,711727.75,513714.1,27.82,1,0,100664.58,46.07,0
B205411,Retail,27,574893.4,567018.92,1.37,1,0,50414.72,56.5,0
B203499,IT,10,500000.0,369471.77,26.11,0,0,94950.05,53.4,0
B205228,Retail,29,500000.0,418490.56,16.3,1,1,46937.97,64.0,1
B201296,IT,17,717658.55,529041.58,26.28,0,0,106013.87,55.4,0
B203765,Manufacturing,58,500000.0,361668.28,27.67,0,0,82735.7,55.18,0
B202533,Services,26,500000.0,360154.01,27.97,0,0,73289.87,51.29,0
B209402,Manufacturing,50,500000.0,335600.17,32.88,0,0,113344.53,48.08,0
B208969,Manufacturing,30,500000.0,459436.18,8.11,1,0,66242.06,50.06,0
B204999,Healthcare,17,500000.0,402800.04,19.44,1,0,87354.43,56.5,0
B202418,Services,5,500000.0,345740.35,,0,0,81033.47,48.05,0
B208678,Food,3,500000.0,371212.26,25.76,1,0,77021.59,46.71,0
B205223,IT,25,500000.0,373968.16,25.21,0,0,59513.21,57.63,0
B209214,Services,22,500000.0,339376.4,32.12,0,0,89724.44,57.23,0
B200282,Services,23,500000.0,348002.54,30.4,0,0,84232.81,46.83,0
B209234,Manufacturing,54,796062.13,580665.95,27.06,1,0,150918.09,48.96,0
B206372,Retail,26,500000.0,2254744.05,24.15,0,0,61302.24,50.31,0
B208404,Services,29,500000.0,370177.56,,0,0,54719.4,42.22,0
B203489,IT,35,500000.0,392932.58,21.41,0,0,86832.81,56.43,0
B202540,Healthcare,3,500000.0,365719.99,26.86,0,0,106001.39,50.25,0
B205965,Retail,3,612158.75,545972.93,10.81,0,0,67718.74,56.06,0
B201635,Food,22,500000.0,407521.53,18.5,1,0,101669.94,53.24,0
B206346,Manufacturing,30,519402.63,392131.04,24.5,0,0,110765.59,39.44,0
B208093,Retail,41,509828.7,436340.05,14.41,0,0,70366.88,47.36,0
B201028,Retail,44,500000.0,422961.41,15.41,1,0,67224.28,48.13,0
B209250,Manufacturing,28,500000.0,401875.87,19.62,1,0,73036.75,51.01,0
B201133,Manufacturing,22,500000.0,401954.75,19.61,0,0,,46.23,0
B209018,Food,3,500000.0,390913.47,21.82,0,0,114670.89,48.35,0
B204118,IT,37,581804.63,400947.53,31.09,0,0,129934.94,47.01,0
B202479,Retail,38,500000.0,410583.16,17.88,1,0,85492.06,50.31,0
B202161,Retail,27,500000.0,426430.23,14.71,1,1,63906.68,65.81,1
B207137,Manufacturing,38,500000.0,350564.44,,0,0,64998.58,49.63,0
B204207,IT,10,500000.0,310040.46,37.99,0,0,111807.63,45.75,0
B200455,Services,14,500000.0,356489.32,28.7,0,0,54004.65,51.5,0
B200160,Manufacturing,34,500000.0,383679.68,23.26,1,0,51935.95,54.97,0
B201733,Services,28,500000.0,385217.82,22.96,1,0,71878.31,52.94,0
B200036,Services,27,500000.0,382035.71,23.59,0,0,61257.58,41.63,0
B204332,Manufacturing,43,500000.0,405111.25,18.98,1,0,76353.9,41.98,0
B204916,Manufacturing,50,500000.0,427257.92,14.55,0,0,80017.75,50.78,0
B201701,IT,31,500000.0,368157.5,26.37,0,0,67996.31,48.95,0
B209509,Healthcare,8,500000.0,445913.25,10.82,0,0,60414.28,58.23,0
B206804,Services,8,500000.0,378255.45,24.35,0,0,46215.93,47.41,0
B207834,Retail,38,500000.0,450483.73,9.9,1,1,42216.44,65.39,1
B207361,IT,9,500000.0,362021.1,27.6,0,0,75729.87,48.31,0
B206539,IT,24,500000.0,361472.78,27.71,1,0,,60.92,1
B205901,Healthcare,22,500000.0,424187.6,15.16,0,0,77754.57,45.05,0
B203465,Retail,30,500000.0,444658.05,11.07,0,0,60303.11,64.33,1
B205697,Services,16,500000.0,396600.5,20.68,0,0,79087.79,55.38,0
B203494,Retail,25,500000.0,454152.02,9.17,0,0,42209.17,56.08,0
B203833,Retail,28,500000.0,405945.11,18.81,1,0,67205.86,48.95,0
B205019,Manufacturing,46,500000.0,398712.6,20.26,0,0,49079.76,55.74,0
B201463,Retail,24,500000.0,438841.53,12.23,0,0,50025.44,60.08,1
B201012,Manufacturing,64,500000.0,364672.47,27.07,0,0,81458.55,49.56,0
B202578,Retail,40,500000.0,386817.52,22.64,0,0,107415.62,43.52,0
B202743,Retail,19,500000.0,411943.1,17.61,0,0,78839.34,51.01,0
B209612,Food,9,500000.0,385637.97,22.87,0,0,60124.24,51.92,0
B201519,Retail,21,500000.0,430631.86,13.87,0,0,59652.45,51.52,0
B207508,Food,3,500000.0,351783.54,29.64,0,0,75853.39,56.51,0
B200293,Retail,47,500000.0,346516.86,30.7,0,0,119270.32,48.0,0
B200272,Retail,35,500000.0,386832.8,22.63,0,0,58672.74,46.72,0
B203779,IT,16,500000.0,307948.2,38.41,0,0,141098.87,44.37,0
B208613,Manufacturing,41,500000.0,379316.4,24.14,1,0,,40.23,0
B201155,IT,22,661439.96,429954.29,35.0,1,0,122717.43,45.86,0
B204504,food,21,500000.0,411256.26,17.75,0,0,50181.82,58.55,0
B204167,Food,14,500000.0,404367.65,19.13,0,0,45396.44,59.07,0
B204245,IT,26,500000.0,350290.54,29.94,0,0,76591.05,53.58,0
B202981,Services,10,500000.0,340471.82,31.91,0,0,67251.62,47.26,0
B207877,Food,41,500000.0,400252.14,19.95,1,0,49978.64,47.75,0
B200044,Retail,31,500000.0,430829.05,13.83,0,0,74565.4,54.46,0
B203395,Services,29,583028.17,467923.73,19.74,0,0,94143.74,58.04,0
B204198,IT,14,500000.0,358148.62,28.37,0,0,110152.76,42.09,0
B202149,Services,26,500000.0,382790.93,23.44,0,0,61322.44,56.56,0
B205924,Services,50,500000.0,397023.28,20.6,0,0,85358.58,46.96,0
B201342,Manufacturing,39,500000.0,373762.77,25.25,0,0,67379.93,50.75,0
B202508,Retail,32,500000.0,441133.59,,0,0,28692.89,55.95,0
B200090,Services,20,500000.0,345137.21,30.97,1,0,39941.2,51.49,0
B206763,IT,31,500000.0,337891.44,32.42,0,0,104785.02,49.79,0
B203969,Retail,46,500000.0,442860.36,11.43,0,0,57384.92,51.25,0
B208541,Healthcare,25,757164.15,645678.48,14.72,0,0,85435.25,55.57,0
B208821,Healthcare,29,500000.0,396759.57,20.65,0,0,57044.0,50.42,0
B209284,Services,7,500000.0,418121.89,16.38,0,0,51083.86,55.43,0
B203712,Retail,19,500000.0,456217.35,8.76,1,0,45266.23,57.24,0
B206651,Healthcare,3,565588.73,471042.06,16.72,0,0,103428.13,50.2,0
B204955,IT,19,500000.0,335934.28,32.81,0,0,104027.57,52.19,0
B200443,IT,16,540496.59,342144.83,36.7,1,0,112360.96,49.58,0
B204652,Healthcare,45,500000.0,463677.76,7.26,1,0,76596.48,56.08,0
B204689,Healthcare,29,500000.0,422532.54,15.49,0,0,87932.81,52.16,0
B202160,Services,29,500000.0,405280.07,18.94,0,0,59778.73,53.36,0
B204455,Services,5,500000.0,381294.23,23.74,0,0,64975.64,47.39,0
B201358,Services,24,500000.0,354407.15,29.12,1,0,98036.18,52.95,0
B206428,Services,21,500000.0,379766.54,24.05,1,0,73687.51,42.18,0
B209510,Manufacturing,47,500000.0,2274012.28,29.82,0,0,86225.88,38.44,0
B209718,Retail,28,500000.0,443843.45,11.23,0,0,394763.04,60.32,1
B205285,Retail,29,500000.0,395154.99,20.97,0,0,52171.43,60.59,1
B201045,IT,18,500000.0,370486.61,25.9,0,0,89099.44,47.65,0
B203916,IT,4,500000.0,327965.27,34.41,0,0,96820.99,48.37,0
B203815,Healthcare,42,500000.0,363700.41,27.26,0,0,75028.49,53.97,0
B207476,Services,34,903172.46,741457.54,17.91,0,0,84070.37,50.19,0
B206462,Retail,59,500000.0,430481.83,13.9,1,0,35303.78,58.31,0
B200398,Retail,33,500000.0,421285.67,15.74,0,0,18134.08,54.98,0
B202360,Food,3,500000.0,374114.18,25.18,0,0,79758.23,41.0,0
B202749,Healthcare,7,500000.0,418228.71,16.35,1,0,68828.97,51.73,0
B208146,Retail,27,500000.0,420020.68,16.0,0,0,66222.87,59.1,0
B206077,IT,3,500000.0,389436.74,22.11,0,0,50765.15,46.97,0
B204269,Healthcare,13,910774.3,778543.95,14.52,1,0,142350.77,55.31,0
B206456,Manufacturing,42,500000.0,395630.56,20.87,1,0,0.0,53.39,0
B204701,Services,12,500000.0,418668.24,16.27,0,0,81209.16,49.73,0
B200737,Healthcare,40,500000.0,385768.53,22.85,0,0,89363.93,52.76,0
B202282,,9,500000.0,372191.49,25.56,0,0,51929.05,47.84,0
B209588,Manufacturing,43,500000.0,401730.13,,0,0,,51.51,0
B201324,IT,5,500000.0,342111.44,31.58,0,0,85150.81,51.84,0
B201206,Healthcare,14,500000.0,379762.34,24.05,1,1,54452.48,74.17,1
B202618,Services,28,500000.0,392070.18,,1,0,256044.09,50.75,0
B201739,Manufacturing,48,500000.0,385414.58,22.92,0,0,88322.66,47.38,0
B208312,Manufacturing,57,500000.0,409308.6,18.14,1,1,,73.21,1
B205138,Services,21,500000.0,405157.46,18.97,0,0,77485.24,53.49,0
B202010,IT,28,500000.0,394674.69,21.07,1,0,72977.96,47.64,0
B200732,Food,3,500000.0,401052.74,19.79,0,0,733978.36,53.54,0
B208801,Healthcare,9,500000.0,2167705.76,30.18,0,0,97534.51,53.82,0
B208968,Retail,30,500000.0,403488.75,19.3,1,0,87916.52,51.52,0
B206086,Retail,4,500000.0,439455.73,12.11,0,0,85362.23,50.17,0
B205626,Retail,14,561279.94,434954.32,22.51,0,0,74425.83,51.51,0
B202595,Food,35,500000.0,422071.7,15.59,0,0,55691.46,54.29,0
B208485,Healthcare,22,500000.0,373960.7,25.21,0,0,53578.35,50.82,0
B208770,Services,16,500000.0,418980.36,16.2,1,0,74970.71,46.98,0
B205420,Retail,16,500000.0,454292.89,9.14,0,0,78534.37,64.1,1
B208507,Healthcare,28,500000.0,426590.33,14.68,0,0,34868.37,51.43,0
B204862,IT,9,500000.0,334665.94,33.07,1,1,118408.29,67.42,1
B207269,Retail,28,561420.62,440138.28,21.6,0,0,,56.14,0
B202968,Healthcare,36,500000.0,325437.02,34.91,0,0,65695.9,48.41,0
B202451,Retail,10,500000.0,420951.41,15.81,1,1,63404.69,59.56,0
B203375,Food,29,500000.0,451202.64,9.76,1,1,64762.27,66.26,1
B206975,Services,7,500000.0,378867.43,24.23,0,0,69108.83,58.53,0
B200323,Retail,43,500000.0,389097.75,22.18,1,0,84805.49,55.92,0
B207891,Manufacturing,42,579676.85,1744440.26,28.21,1,1,76659.15,61.84,1
B200347,Food,13,500000.0,377675.74,24.46,1,1,75767.73,73.49,1
B200429,Manufacturing,52,1056006.75,792724.34,24.93,1,0,83383.18,51.95,0
B208269,Manufacturing,39,500000.0,405778.54,18.84,0,0,51875.88,50.57,0
B201891,Retail,11,500000.0,424342.1,15.13,1,0,94583.91,49.88,0
B202823,IT,29,500000.0,372783.38,25.44,0,0,47373.3,39.78,0
B208132,Retail,20,500000.0,365399.89,26.92,0,0,58457.93,40.39,0
B200851,Healthcare,24,500000.0,412919.36,17.42,1,0,68291.7,56.18,0
B201726,Manufacturing,49,500000.0,308143.96,38.37,0,0,104109.37,35.07,0
B204815,Services,28,500000.0,323548.88,35.29,0,0,71697.44,51.5,0
B202960,Retail,23,500000.0,410363.82,17.93,1,0,,50.77,0
B203208,Retail,38,500000.0,398613.03,20.28,0,0,44318.0,55.97,0
B206114,Services,27,500000.0,408760.28,18.25,1,0,14309.57,51.9,0
B206856,IT,3,500000.0,371723.79,25.66,0,0,81896.58,48.03,0
B207401,Retail,28,500000.0,454757.69,,1,0,44180.03,64.92,1
B209550,Healthcare,27,500000.0,388406.28,22.32,1,0,57931.35,53.51,0
B202121,Retail,34,500000.0,418424.61,16.32,1,0,68863.66,56.54,0
B205099,Retail,19,500000.0,425324.2,14.94,1,0,41243.39,48.79,0
B202332,Retail,43,500000.0,1557554.77,17.71,1,0,54535.03,66.58,1
B200504,Manufacturing,60,500000.0,387212.41,22.56,0,0,89364.74,54.37,0
B202257,Services,39,675919.31,532470.68,21.22,0,0,117317.76,51.4,0
B203510,Healthcare,20,655055.82,576944.37,11.92,0,0,47317.74,43.87,0
B204809,Food,17,535636.45,431125.1,19.51,1,0,83850.11,49.86,0
B204597,Manufacturing,52,500000.0,454754.99,9.05,0,0,69496.47,65.28,1
B208759,IT,20,500000.0,322833.09,35.43,1,0,,45.54,0
B209388,Services,9,500000.0,391278.57,21.74,0,0,63124.75,65.64,1
B204798,Manufacturing,33,500000.0,406031.35,18.79,1,0,58685.52,43.36,0
B209069,Services,36,500000.0,408359.79,18.33,1,0,82165.8,36.82,0
B208663,IT,28,500000.0,326134.86,34.77,1,0,61829.05,47.0,0
B200969,Services,32,500000.0,373160.3,25.37,0,0,63336.47,43.27,0
B201686,Manufacturing,29,500000.0,384433.2,23.11,0,0,83060.82,50.55,0
B205450,IT,47,559112.4,431767.47,22.78,1,0,73460.22,62.86,1
B209494,Healthcare,15,500000.0,406867.59,18.63,0,0,91752.41,52.16,0
B203197,Services,22,500000.0,357948.42,28.41,0,0,70588.59,54.08,0
B205137,Retail,41,500000.0,414988.08,,0,0,67863.82,58.28,0
B202225,Services,12,500000.0,407884.18,18.42,0,0,55957.84,54.79,0
B203235,Services,20,500000.0,340481.45,31.9,0,0,93930.87,42.62,0
B207088,Healthcare,9,500000.0,409726.59,18.05,0,0,69076.07,55.75,0
B204457,Food,30,500000.0,385262.98,22.95,0,0,44189.42,41.94,0
B200940,Retail,23,500000.0,388242.32,22.35,0,0,72632.04,47.33,0
B209933,Services,23,500000.0,346732.89,30.65,1,0,106853.28,50.84,0
B206798,IT,46,500000.0,353439.17,29.31,0,0,51894.72,33.23,0
B203988,Services,18,500000.0,334759.01,33.05,0,0,102365.98,40.95,0
B207494,Food,41,500000.0,377886.0,24.42,0,0,36600.47,46.22,0
B201136,Services,8,500000.0,406434.05,18.71,0,0,93057.67,48.66,0
B201039,services,20,500000.0,381946.01,23.61,0,0,64907.03,48.67,0
B209235,Retail,24,500000.0,395537.51,20.89,0,0,18770.23,47.33,0
B206869,IT,3,500000.0,360987.58,27.8,0,0,121323.7,57.32,0
B204825,Retail,48,500000.0,455600.3,8.88,1,1,,64.66,1
B206675,Retail,33,500000.0,387561.7,22.49,1,1,75315.36,72.62,1
B208726,Food,21,500000.0,380095.37,23.98,0,0,68890.6,57.58,0
B205437,Manufacturing,38,500000.0,386950.71,,1,0,95640.02,54.92,0
B202235,Food,27,500000.0,428230.42,14.35,1,0,42908.11,62.97,1
B209251,Services,25,2990588.51,416086.22,16.78,0,0,39860.56,56.31,0
B205926,Healthcare,29,500000.0,391133.61,21.77,0,0,71025.81,54.23,0
B204437,Services,6,500000.0,359316.23,28.14,1,0,92424.55,48.11,0
B207223,Food,21,861202.71,755134.57,12.32,0,0,125656.71,54.12,0
B202551,Retail,55,500000.0,426390.33,14.72,1,1,98526.48,64.63,1
B207134,Retail,39,500000.0,419585.35,16.08,0,0,70738.63,53.21,0
B209328,Healthcare,3,500000.0,424773.25,15.05,0,0,41850.63,50.08,0
B207925,Healthcare,41,500000.0,378401.12,24.32,0,0,64042.46,56.58,0
B209238,Retail,12,500000.0,415080.85,16.98,0,0,72581.46,58.12,0
B203285,Food,20,3314374.35,416618.25,16.68,1,0,42692.95,56.96,0
B202418,Services,5,500000.0,345740.35,,0,0,81033.47,48.05,0
B204113,IT,24,500000.0,391944.05,21.61,0,0,52660.83,49.47,0
B206447,Retail,31,2986051.76,458073.47,8.39,1,1,59846.48,68.96,1
B202662,Services,24,500000.0,375257.8,24.95,0,0,54178.0,54.37,0
B207646,,13,500000.0,409114.57,18.18,1,1,59745.24,67.99,1
B205257,IT,20,500000.0,357680.79,28.46,1,0,83907.14,44.5,0
B200827,retail,18,729860.15,553261.62,24.2,0,0,138610.6,45.0,0
B207674,Services,23,500000.0,327476.68,,0,0,,45.95,0
B201710,Retail,32,500000.0,439330.3,12.13,0,0,44700.27,54.35,0
B206055,Retail,25,500000.0,467929.27,6.41,1,0,48372.17,55.55,0
B201642,Retail,30,500000.0,352081.93,29.58,0,0,70799.54,48.31,0
B205345,Food,25,1983902.73,1521339.06,23.32,0,0,237844.94,54.58,0
B206366,Food,16,1422676.36,1080359.18,24.06,0,0,,51.49,0
B209401,Retail,23,500000.0,429570.63,14.09,1,0,56018.95,54.89,0
B200226,,15,500000.0,393769.62,21.25,0,0,79601.47,55.17,0
B205166,Manufacturing,50,500000.0,414867.16,17.03,0,0,82419.79,47.71,0
B205959,Food,3,500000.0,386625.55,22.67,0,0,61256.21,57.74,0
B208070,Food,12,500000.0,399604.41,20.08,0,0,52800.63,57.92,0
B204108,Retail,27,500000.0,501462.21,-0.29,0,0,30650.78,64.62,1
B208835,IT,3,500000.0,366705.06,26.66,0,0,79030.77,52.77,0
B204171,Healthcare,12,500000.0,402065.46,19.59,0,0,,50.26,0
B200233,Manufacturing,35,3054357.39,387162.47,22.57,0,0,45540.95,56.31,0
B206555,Services,17,500000.0,367823.17,26.44,0,0,105690.99,45.43,0
B203739,IT,32,500000.0,375438.81,24.91,0,0,67525.55,46.63,0
B205882,Services,22,500000.0,370956.74,25.81,1,0,118456.87,55.88,0
B200401,Retail,21,500000.0,375408.63,24.92,1,0,35140.24,56.42,0
B205801,,6,500000.0,344540.43,31.09,1,0,77491.65,44.33,0
B205331,IT,10,500000.0,387155.12,22.57,1,0,76187.87,61.51,1
B203217,Manufacturing,46,500000.0,381246.42,23.75,1,0,60405.86,53.33,0
B204396,Food,10,500000.0,397322.15,20.54,0,0,76452.84,44.11,0
B208538,IT,16,500000.0,320434.53,35.91,0,0,96537.57,40.91,0
B205292,Retail,30,500000.0,438094.3,12.38,0,0,75988.32,54.7,0
B208763,Services,38,929387.63,678165.77,27.03,0,0,267328.61,58.2,0
B200471,Retail,30,500000.0,440254.29,11.95,1,1,67637.71,70.07,1
B204602,Retail,26,500000.0,439230.7,12.15,0,0,61221.21,50.71,0
B209548,Healthcare,38,500000.0,344425.57,31.11,0,0,96852.26,48.37,0
B202511,Food,13,500000.0,381255.51,23.75,1,0,433493.23,50.18,0
B202616,Retail,15,500000.0,470836.69,5.83,1,0,23033.51,46.08,0
B201492,IT,10,500000.0,328786.05,34.24,0,0,82125.98,50.98,0
B200708,Services,12,500000.0,377954.16,24.41,0,0,69707.59,49.54,0
B209918,Services,15,500000.0,2334339.94,16.58,0,0,47099.28,52.29,0
B204869,IT,41,511365.94,387357.18,24.25,0,0,85458.06,54.14,0
B206340,Retail,41,500000.0,422370.91,15.53,0,0,72552.32,56.69,0
B202886,Retail,33,500000.0,388747.08,22.25,0,0,67732.42,44.07,0
B202615,Manufacturing,44,2331754.0,399396.75,20.12,0,0,86006.0,48.63,0
B208779,Healthcare,29,808064.3,561886.98,30.47,0,0,175306.77,51.96,0
B207039,Manufacturing,27,500000.0,337332.92,32.53,0,0,88238.76,34.57,0
B203866,Food,11,500000.0,352355.7,29.53,0,0,,52.02,0
B203506,Retail,36,500000.0,419896.57,16.02,0,0,,51.56,0
B207769,Services,16,500000.0,1938965.56,25.21,0,0,104868.0,47.57,0
B205267,Retail,17,500000.0,448386.58,10.32,0,0,39176.72,54.29,0
B201628,Food,13,500000.0,439696.59,,0,0,53297.63,62.31,1
B206468,Manufacturing,32,500000.0,379047.49,24.19,1,0,93055.87,51.47,0
B200830,Retail,6,500000.0,398591.9,20.28,1,0,64367.91,48.32,0
B206156,Manufacturing,34,500000.0,387950.56,22.41,1,1,117008.32,63.61,1
B202567,Manufacturing,56,500000.0,441671.47,11.67,1,0,62759.64,58.98,0
B206135,Retail,62,618259.3,527077.6,14.75,1,0,84461.13,57.4,0
B203356,Food,23,500000.0,374177.15,25.16,0,0,70504.56,49.56,0
B201166,Healthcare,44,500000.0,378103.11,24.38,0,0,51460.82,45.33,0
B202384,Retail,17,500000.0,2252961.76,11.28,0,0,8292.43,57.91,0
B209970,Services,37,500000.0,425350.71,14.93,0,0,,52.28,0
B204636,Manufacturing,49,500000.0,341182.87,31.76,1,0,72411.34,43.9,0
B203312,Manufacturing,51,500000.0,422371.31,15.53,0,0,55124.81,52.26,0
B206786,,17,500000.0,430309.46,,0,0,44959.01,52.66,0
B202664,Services,29,500000.0,348847.1,30.23,0,0,92821.4,40.93,0
B202406,IT,34,500000.0,330477.81,33.9,1,0,111774.23,51.98,0
B204210,services,17,500000.0,415963.36,16.81,0,0,45583.26,51.39,0
B203032,Services,35,500000.0,393684.34,21.26,1,0,73855.07,46.18,0
B204203,Retail,32,500000.0,442618.86,11.48,0,0,30647.19,50.45,0
B202458,,43,500000.0,413932.02,17.21,0,0,,58.41,0
B205182,IT,30,500000.0,392501.82,,0,0,60702.9,52.31,0
B204946,Food,3,500000.0,390299.66,21.94,0,0,72989.93,50.2,0
B202516,Retail,33,500000.0,402498.35,19.5,0,0,93555.52,60.39,1
B203473,Food,11,500000.0,332256.04,33.55,0,0,336871.26,43.76,0
B207358,Food,3,500000.0,332262.32,33.55,0,0,21020.85,55.67,0
B205255,Healthcare,22,636695.53,462450.48,27.37,0,0,101427.61,52.36,0
B202522,Food,29,500000.0,402702.84,19.46,1,0,57956.46,60.25,1
B208317,Retail,3,500000.0,355284.79,28.94,1,0,4317.04,45.98,0
B206678,Services,4,2425078.34,432437.01,13.51,0,0,56195.61,50.96,0
B203367,Healthcare,23,500000.0,390509.88,21.9,1,0,81367.3,46.07,0
B208294,Food,41,500000.0,374902.21,25.02,0,0,67557.32,41.48,0
B205928,Retail,24,500000.0,366942.79,26.61,0,0,51140.48,53.0,0
B201255,Retail,3,500000.0,379272.89,24.15,1,0,65163.74,54.47,0
B200318,Food,34,500000.0,351862.02,29.63,0,0,103640.56,49.18,0
B200352,Services,11,500000.0,404004.18,19.2,0,0,,44.83,0
B208545,IT,18,500000.0,319568.49,36.09,1,0,89162.62,52.28,0
B204474,Healthcare,31,500000.0,413737.46,17.25,0,0,74270.34,50.05,0
B206452,Healthcare,29,500000.0,401590.65,19.68,1,0,433070.41,55.63,0
B203059,Services,23,500000.0,351030.75,29.79,0,0,57160.59,50.66,0
B205795,Healthcare,32,500000.0,403386.01,19.32,0,0,72468.72,50.39,0
B207371,Manufacturing,44,500000.0,387144.23,22.57,0,0,82216.2,42.0,0
B201505,Food,17,500000.0,361352.3,27.73,0,0,91605.22,47.99,0
B203282,Retail,19,500000.0,415000.29,17.0,0,0,93925.24,46.4,0
B200026,Manufacturing,38,500000.0,397706.88,20.46,1,0,68778.29,51.27,0
B200897,IT,32,992857.68,706324.33,28.86,1,0,213334.93,41.33,0
B206242,Retail,22,500000.0,447002.42,10.6,0,0,33390.41,58.81,0
B206885,Services,12,500000.0,357797.43,28.44,1,0,79792.01,51.45,0
B201805,Food,20,500000.0,344862.68,31.03,0,0,157903.13,47.27,0
B207477,,33,500000.0,472120.47,5.58,0,0,48758.41,57.5,0
B204125,Retail,48,500000.0,411213.35,17.76,1,1,49209.69,63.61,1
B201495,Food,15,3291198.57,467407.38,22.4,0,0,81457.0,53.15,0
B208450,Food,31,500000.0,365082.32,26.98,0,0,117445.52,46.8,0
B200775,IT,3,500000.0,361192.88,27.76,0,0,62417.32,53.91,0
B206100,Services,12,500000.0,338316.59,32.34,0,0,88165.0,44.99,0
B202771,Manufacturing,20,500000.0,408118.44,18.38,1,0,39644.47,55.23,0
B209751,Services,13,500000.0,352011.3,29.6,0,0,75663.19,54.81,0
B208232,Services,13,500000.0,401004.77,19.8,0,0,89320.91,48.44,0
B202244,Manufacturing,62,500000.0,432140.73,13.57,1,0,43455.67,44.47,0
B201773,Manufacturing,61,500000.0,373538.96,25.29,0,0,89216.18,56.01,0
B203168,IT,17,500000.0,345099.48,30.98,1,0,69027.13,47.48,0
B202100,IT,37,778111.49,563707.5,27.55,0,0,638967.64,50.79,0
B201777,Manufacturing,41,683264.81,540856.41,20.84,0,0,78456.48,46.74,0
B206015,Services,28,500000.0,379432.33,24.11,0,0,74871.69,54.27,0
B209829,Retail,48,500000.0,395610.73,,0,0,75164.4,48.84,0
B207188,Manufacturing,39,500000.0,393343.72,21.33,1,0,124624.37,56.45,0
B209678,Retail,26,742502.54,635381.17,14.43,0,0,109768.14,69.22,1
B208453,Services,29,500000.0,346318.86,30.74,0,0,72820.33,45.34,0
B204345,Manufacturing,62,500000.0,411275.19,17.74,0,0,,45.5,0
B204172,Retail,37,500000.0,439376.44,12.12,0,0,42405.06,61.38,1
B203397,IT,17,500000.0,365395.5,26.92,1,0,65664.09,51.07,0
B208291,Healthcare,21,500000.0,384777.27,23.04,0,0,93803.83,47.07,0
B209316,Food,26,500000.0,351650.32,29.67,0,0,102368.07,50.88,0
B202560,Services,3,500000.0,352009.48,29.6,0,0,58560.66,47.92,0
B205393,IT,28,500000.0,356787.84,28.64,0,0,106031.85,41.91,0
B202860,,27,500000.0,386818.64,22.64,0,0,94354.72,57.9,0
B204948,Retail,40,500000.0,358355.78,28.33,0,0,45016.78,40.05,0
B208104,IT,10,734196.78,488247.22,33.5,0,0,69661.65,41.97,0
B205139,Services,20,500000.0,344747.08,31.05,1,1,72260.91,50.43,0
B208885,Retail,27,500000.0,401720.0,19.66,0,0,37310.76,51.02,0
B208739,IT,43,500000.0,378147.41,,0,0,363385.68,56.31,0
B202107,Manufacturing,51,500000.0,420175.04,15.96,1,0,56045.44,51.42,0
B200167,Food,32,500000.0,407660.84,18.47,0,0,89595.59,60.48,1
B203552,Food,9,500000.0,416359.42,16.73,1,1,51426.66,67.68,1
B206878,IT,37,500000.0,429676.72,14.06,1,0,83487.74,55.67,0
B205888,Healthcare,37,500000.0,367177.34,26.56,0,0,42010.67,52.33,0
B203434,Food,34,500000.0,450298.42,9.94,0,0,73945.92,57.22,0
B208411,Retail,15,500000.0,393369.82,21.33,1,1,78366.9,65.37,1
B206464,Manufacturing,59,500000.0,349652.67,30.07,0,0,112367.3,40.1,0
B207389,Healthcare,10,500000.0,466795.19,6.64,0,0,50135.87,53.63,0
B204522,Food,24,500000.0,429513.19,14.1,0,0,64645.08,58.72,0
B204189,Manufacturing,40,500000.0,423667.06,15.27,0,0,37523.53,49.6,0
B205197,Services,29,500000.0,358587.09,28.28,0,0,87433.65,40.92,0
B201846,Retail,21,500000.0,448840.64,10.23,0,0,81328.94,56.08,0
B208582,Services,32,500000.0,435453.05,12.91,1,0,58541.83,55.63,0
B205340,Healthcare,25,500000.0,370530.28,25.89,0,0,110123.95,52.6,0
B204254,Services,20,500000.0,399523.84,20.1,1,0,99998.35,50.04,0
B200919,Retail,17,500000.0,400958.06,19.81,0,0,70309.61,50.5,0
B204276,Healthcare,20,500000.0,378456.3,24.31,0,0,38609.66,57.97,0
B208722,Manufacturing,33,500000.0,415072.1,16.99,1,0,33116.82,51.48,0
B200212,Food,17,500000.0,367060.28,26.59,0,0,101574.83,51.91,0
B204165,Food,37,500000.0,408735.09,,1,1,281695.35,73.9,1
B203398,Food,24,500000.0,396725.31,20.65,0,0,444615.41,56.42,0
B203288,Retail,57,500000.0,492313.19,1.54,0,0,50645.97,52.37,0
B201485,Retail,38,500000.0,470372.51,5.93,1,1,33306.25,74.72,1
B207681,Services,26,500000.0,371634.7,25.67,0,0,97070.14,50.13,0
B201646,Manufacturing,39,500000.0,371357.1,25.73,1,0,106028.01,45.55,0
B202503,Retail,26,500000.0,439033.25,12.19,0,0,48691.72,60.32,1
B200518,Services,17,500000.0,386990.26,22.6,0,0,88022.19,53.71,0
B205391,Retail,25,500000.0,325322.11,34.94,0,0,63945.82,50.95,0
B200086,Food,14,500000.0,402799.58,19.44,0,0,61474.05,42.04,0
B205279,Manufacturing,50,500000.0,1892427.14,26.28,0,0,34374.41,41.98,0
B207138,Services,17,2572128.78,337325.57,32.53,0,0,82462.11,52.94,0
B201848,Retail,31,2599670.65,414094.13,17.18,1,0,74324.18,55.95,0
B203063,Manufacturing,38,500000.0,440685.91,11.86,0,0,34140.73,53.91,0
B202989,Manufacturing,34,500000.0,412196.01,17.56,0,0,111327.94,50.46,0
B202810,Retail,26,500000.0,439562.67,12.09,0,0,85941.27,53.39,0
B201776,Food,22,745490.67,574156.54,22.98,0,0,65881.46,53.47,0
B207713,Retail,3,500000.0,364430.45,27.11,0,0,63630.42,48.28,0
B208321,Manufacturing,67,500000.0,353526.51,29.29,0,0,103156.17,51.14,0
B201081,Services,5,500000.0,377253.37,24.55,0,0,99585.5,43.39,0
B202835,Healthcare,14,500000.0,448513.53,10.3,0,0,44534.92,52.77,0
B207033,Manufacturing,43,545735.11,422269.71,22.62,0,0,70181.62,53.84,0
B207409,Food,32,500000.0,378018.62,24.4,1,0,103424.63,37.81,0
B209051,Manufacturing,60,500000.0,398445.62,20.31,0,0,67974.84,49.62,0
B201798,Manufacturing,60,500000.0,371977.44,25.6,0,0,54353.72,56.18,0
B203850,Retail,22,500000.0,445157.3,10.97,1,0,357947.56,61.15,1
B204239,Services,26,500000.0,359062.3,28.19,0,0,85603.77,46.27,0
B204563,Manufacturing,58,500000.0,423923.75,15.22,0,0,,50.63,0
B201335,retail,7,500000.0,460525.05,7.89,0,0,53463.06,63.46,1
B205406,Healthcare,7,500000.0,390122.1,21.98,1,0,63142.64,49.89,0
B206600,Retail,23,500000.0,359186.79,28.16,1,0,93371.65,52.66,0
B200627,Retail,46,500000.0,380905.22,23.82,0,0,,47.95,0
B204552,Services,27,500000.0,379218.1,24.16,0,0,71906.68,51.02,0
B201143,IT,19,500000.0,348604.55,30.28,0,0,73947.22,43.34,0
B200571,Manufacturing,44,500000.0,472137.59,5.57,0,0,59368.85,57.2,0
B208878,Food,30,500000.0,402853.84,19.43,0,0,29011.56,54.08,0
B208944,,6,500000.0,346443.15,30.71,0,0,92398.91,45.82,0
B206497,Services,24,500000.0,388130.23,22.37,1,0,621595.72,49.09,0
B209296,manufacturing,64,500000.0,441576.55,11.68,0,0,43709.42,58.34,0
B203074,IT,28,500000.0,379914.52,24.02,0,0,75375.41,61.41,1
B200164,Manufacturing,63,500000.0,411600.87,17.68,1,0,64992.19,40.17,0
B200607,Retail,18,500000.0,443240.95,11.35,1,0,55403.07,51.65,0
B203007,Retail,44,500000.0,431084.81,13.78,1,0,48935.47,50.57,0
B206559,Food,9,500000.0,371993.02,25.6,0,0,60843.7,54.41,0
B208065,IT,3,1075520.09,766867.22,28.7,0,0,206642.21,46.01,0
B206736,Food,42,500000.0,369449.84,26.11,0,0,69081.68,48.47,0
B200260,Food,52,500000.0,367329.6,26.53,0,0,85166.04,48.45,0
B207688,Food,10,500000.0,362735.49,27.45,1,0,328213.86,51.98,0
B204034,IT,14,500000.0,345448.8,30.91,0,0,90731.02,49.24,0
B202856,Food,12,500000.0,320293.94,35.94,0,0,129125.59,38.68,0
B202527,Retail,42,500000.0,403117.86,19.38,0,0,87162.72,50.47,0
B205095,Services,5,500000.0,402190.08,,1,0,75128.63,47.11,0
B200930,Services,8,986282.12,693069.88,29.73,0,0,74221.5,43.98,0
B209354,,31,500000.0,369979.51,26.0,0,0,70510.18,54.71,0
B200635,Manufacturing,61,1916402.94,1237686.75,26.27,1,0,75648.58,49.84,0
B209485,Services,18,500000.0,384856.09,23.03,0,0,40088.78,54.09,0
B202676,Retail,43,500000.0,412746.84,17.45,0,0,71245.46,45.61,0
B201788,Retail,14,500000.0,415602.58,16.88,0,0,59925.89,45.93,0
B206327,Food,12,500000.0,365035.81,26.99,0,0,63164.38,53.0,0
B207264,Retail,12,500000.0,420308.4,15.94,0,0,60401.07,47.06,0
B209005,Services,9,3160764.96,609062.66,21.51,0,0,78833.9,42.18,0
B201313,Food,37,500000.0,402658.47,19.47,0,0,43963.98,40.86,0
B203849,Services,24,500000.0,368848.96,26.23,1,0,96262.05,44.1,0
B207521,Services,17,794644.83,526556.05,,0,0,169675.17,48.81,0
B203710,Services,9,500000.0,381498.34,23.7,1,0,48227.79,48.63,0
B208254,IT,16,500000.0,322009.35,35.6,0,0,93695.57,36.72,0
B209413,Services,3,1040249.9,786739.93,24.37,0,0,157126.97,50.86,0
B205896,Healthcare,12,500000.0,397091.55,20.58,0,0,108954.14,56.07,0
B209044,retail,32,500000.0,418616.36,16.28,0,0,71571.56,53.19,0
B208715,Manufacturing,47,500000.0,360662.61,27.87,1,0,101569.41,42.32,0
B206731,Retail,42,500000.0,399908.24,20.02,0,0,,58.41,0
B205974,Retail,39,500000.0,378015.79,24.4,0,0,90409.19,54.46,0
B207875,Retail,18,1758199.46,405839.7,18.83,1,0,74054.7,61.52,1
B208855,healthcare,10,500000.0,419145.15,16.17,0,0,22432.26,49.19,0
B207662,Retail,15,500000.0,331106.07,33.78,1,0,62794.6,55.13,0
B207921,Services,3,500000.0,352596.67,29.48,1,1,70674.42,56.19,0
B204219,Food,6,500000.0,366871.51,26.63,0,0,56850.02,54.74,0
B208841,Manufacturing,52,500000.0,425567.91,14.89,1,0,66228.07,59.05,0
B208437,Healthcare,34,500000.0,421956.48,15.61,0,0,62103.36,59.2,0
B209860,Retail,30,500000.0,420624.12,15.88,0,0,66082.4,52.61,0
B209430,Services,41,500000.0,379668.38,24.07,0,0,563610.04,49.43,0
B204763,Retail,35,500000.0,400852.82,19.83,1,0,69366.92,54.88,0
B208825,Food,32,500000.0,417273.71,16.55,0,0,63617.15,55.9,0
B202520,Manufacturing,41,500000.0,393343.55,21.33,0,0,88527.95,47.12,0
B201745,Food,15,500000.0,456983.78,8.6,1,0,53931.03,57.89,0
B204832,Services,23,500000.0,401808.38,19.64,1,0,316190.54,54.58,0
B203306,Manufacturing,46,500000.0,368582.4,26.28,0,0,87709.95,58.5,0
B200783,Services,16,500000.0,380678.07,23.86,0,0,57711.35,49.4,0
B205002,,34,500000.0,421799.66,15.64,0,0,84690.85,47.09,0
B200435,Retail,33,500000.0,1892201.29,9.91,0,0,49865.9,61.38,1
B208677,Food,31,500000.0,409890.86,18.02,0,0,72438.05,47.89,0
B201923,Food,4,500000.0,416236.75,16.75,0,0,43810.3,48.32,0
B204785,,12,500000.0,393769.45,21.25,0,0,90364.27,59.19,0
B201078,Food,26,500000.0,372478.78,25.5,1,0,64605.73,45.45,0
B202489,IT,46,500000.0,417876.63,16.42,0,0,50792.66,40.76,0
B200535,Retail,49,500000.0,380658.74,23.87,0,0,76973.12,53.54,0
B201397,Retail,27,500000.0,428293.82,14.34,1,0,,59.84,0
B206503,Services,10,1988434.99,368339.15,26.33,1,1,80309.16,62.73,1
B204878,Services,20,500000.0,384455.17,23.11,1,1,401189.48,70.18,1
B205876,,3,500000.0,328960.06,34.21,0,0,121766.46,44.99,0
B200580,food,26,500000.0,375848.17,24.83,0,0,64336.45,40.19,0
B207997,Retail,12,671073.52,549758.08,18.08,0,0,45193.27,47.96,0
B205327,Retail,8,500000.0,377443.28,24.51,0,0,100003.96,46.13,0
B200547,Manufacturing,67,500000.0,420761.67,15.85,0,0,72941.31,47.33,0
B203377,Manufacturing,66,500000.0,374001.18,25.2,1,0,89729.26,49.79,0
B203706,Services,15,500000.0,330889.47,33.82,0,0,91953.94,38.35,0
B206331,food,14,500000.0,453702.78,9.26,0,0,52863.19,58.68,0
B205823,Retail,30,500000.0,450901.0,9.82,0,0,59978.55,53.19,0
B200664,Manufacturing,48,500000.0,386777.92,22.64,1,0,100951.71,48.39,0
B201663,Manufacturing,24,500000.0,384721.39,23.06,0,0,115737.45,52.73,0
B202157,Food,23,1794009.99,371614.82,25.68,0,0,60040.36,50.66,0
B202205,Healthcare,35,500000.0,381897.76,23.62,0,0,70202.82,44.16,0
B201118,IT,26,542513.46,506836.38,6.58,1,0,62348.66,56.41,0
B203890,Services,14,500000.0,364253.35,27.15,0,0,115353.72,51.79,0
B200550,Food,39,500000.0,422848.79,15.43,1,0,30989.64,56.26,0
B203257,Manufacturing,43,500000.0,456282.11,8.74,0,0,47216.96,59.2,0
B202364,Retail,36,500000.0,462413.62,7.52,1,0,47535.76,57.44,0
B207566,Food,6,1706543.21,371428.09,25.71,0,0,71615.57,51.61,0
B209308,Food,25,534335.45,386775.15,27.62,0,0,470531.59,48.18,0
B203911,Retail,43,500000.0,451605.41,9.68,0,0,88598.47,49.65,0
B206341,Services,8,500000.0,356201.74,28.76,0,0,91737.31,44.38,0
B202228,IT,39,500000.0,396642.39,20.67,0,0,55352.34,53.42,0
B205465,Retail,19,500000.0,414064.22,17.19,0,0,93667.1,45.37,0
B209704,Retail,47,629490.68,468066.01,25.64,0,0,68984.64,48.28,0
B208889,IT,25,500000.0,348611.89,30.28,0,0,99443.75,41.43,0
B203472,IT,13,500000.0,339383.31,32.12,0,0,137093.0,46.94,0
B209081,Food,23,500000.0,370393.01,25.92,1,0,87380.12,52.94,0
B207289,Services,14,500000.0,359821.88,28.04,0,0,77848.33,38.53,0
B204496,Retail,18,500000.0,427296.34,14.54,0,0,53851.29,49.84,0
B207638,Services,22,500000.0,395503.02,20.9,1,0,84505.88,44.84,0
B201059,Healthcare,34,500000.0,404335.71,19.13,1,0,40259.63,44.43,0
B203917,,32,500000.0,367722.01,26.46,0,0,114066.57,39.19,0
B202180,Healthcare,24,634943.43,507023.36,20.15,0,0,76996.89,58.91,0
B200486,Healthcare,22,500000.0,367153.44,26.57,0,0,,48.04,0
B207535,Retail,53,500000.0,439754.13,12.05,1,0,67718.86,47.89,0
B202751,IT,7,500000.0,358441.79,28.31,0,0,86772.83,44.38,0
B202021,IT,22,2044969.13,1583797.92,22.55,0,0,174857.15,52.58,0
B202729,Services,18,500000.0,356889.47,28.62,0,0,77612.26,51.39,0
B205270,Healthcare,16,500000.0,368255.61,26.35,0,0,109063.18,55.48,0
B205204,Food,38,710162.03,646594.56,8.95,0,0,79761.47,56.21,0
B201869,Retail,60,500000.0,353768.52,29.25,0,0,119501.29,52.93,0
B205458,Manufacturing,49,500000.0,382617.69,23.48,1,0,69819.42,46.91,0
B204765,IT,32,500000.0,317367.45,36.53,0,0,107357.62,45.44,0
B209364,IT,8,500000.0,363838.31,27.23,0,0,65946.89,55.05,0
B201194,Services,36,500000.0,360004.36,28.0,0,0,114230.51,45.07,0
B201659,Manufacturing,57,500000.0,406046.57,18.79,1,0,84586.39,55.33,0
B202099,IT,35,500000.0,373232.1,25.35,0,0,83000.26,45.16,0
B202873,Retail,37,500000.0,406994.36,,0,0,88747.54,51.69,0
B203559,Food,12,500000.0,370084.35,25.98,0,0,60370.55,41.38,0
B209194,Food,47,500000.0,381460.57,23.71,0,0,81262.31,41.78,0
B205109,Services,32,500000.0,328646.55,34.27,1,0,100136.69,49.86,0
B206629,Retail,26,500000.0,438833.84,12.23,0,0,61228.96,51.94,0
B209942,Manufacturing,53,500000.0,396672.13,20.67,1,0,31563.17,50.58,0
B204608,Food,36,500000.0,2315117.36,18.02,1,0,72954.33,51.04,0
B200536,Retail,26,500000.0,413287.55,17.34,0,0,59609.57,56.63,0
B208120,Services,9,500000.0,358976.91,28.2,0,0,71443.08,51.98,0
B201820,Services,11,500000.0,400104.46,19.98,0,0,64227.99,50.27,0
B209448,,13,500000.0,374957.76,25.01,0,0,54201.8,43.66,0
B204019,Services,18,500000.0,380503.68,23.9,0,0,99244.78,48.62,0
B207600,Healthcare,10,500000.0,385484.8,22.9,0,0,23197.93,48.28,0
B200203,Food,37,500000.0,399095.9,20.18,0,0,85041.07,64.04,1
B206742,Healthcare,29,500000.0,410514.02,17.9,0,0,22240.64,48.2,0
B204121,Services,8,500000.0,400480.49,19.9,0,0,42040.25,56.14,0
B201362,Food,3,500000.0,404752.18,19.05,0,0,48875.6,54.67,0
B209865,Manufacturing,24,500000.0,419990.32,16.0,0,0,53005.04,67.1,1
B207153,Services,18,500000.0,383610.38,23.28,0,0,65377.76,54.43,0
B201787,Services,32,500000.0,452315.87,9.54,0,0,57836.73,58.79,0
B201043,Manufacturing,37,500000.0,412107.99,17.58,0,0,78628.53,54.34,0
B207722,Retail,27,500000.0,386960.59,22.61,0,0,55390.55,46.04,0
B209395,Retail,8,500000.0,450901.8,9.82,1,0,62255.84,61.17,1
B209794,Healthcare,5,500000.0,426678.92,14.66,0,0,104481.24,53.68,0
B203008,Retail,21,500000.0,418284.91,16.34,1,0,82927.52,57.51,0
B205779,Healthcare,5,500000.0,383523.38,23.3,0,0,56158.57,49.72,0
B203228,Manufacturing,41,500000.0,415215.49,16.96,1,0,52164.1,50.31,0
B202403,Food,30,500000.0,412438.61,17.51,0,0,81940.72,50.73,0
B209231,Food,3,500000.0,337107.42,32.58,1,0,82873.92,47.2,0
B204987,,10,500000.0,353006.31,29.4,0,0,54235.84,52.27,0
B205558,IT,24,500000.0,446959.19,10.61,1,0,63242.76,55.81,0
B201506,Healthcare,13,500000.0,382048.73,23.59,0,0,86027.63,47.12,0
B206260,,12,500000.0,367543.08,,1,0,90985.57,50.3,0
B201487,Services,8,500000.0,344990.87,31.0,1,0,,45.79,0
B205466,Food,19,500000.0,385870.56,22.83,0,0,58253.29,44.15,0
B203981,IT,15,533283.07,410816.4,22.96,0,0,79753.4,44.06,0
B200431,Food,19,500000.0,349906.45,30.02,0,0,144073.99,42.21,0
B202900,Services,17,500000.0,361215.03,27.76,1,0,143793.38,50.37,0
B208773,Manufacturing,47,500000.0,379042.77,24.19,1,0,97010.74,46.88,0
B206609,Retail,4,500000.0,486573.93,2.69,0,0,31325.5,63.83,1
B205905,Retail,52,500000.0,392360.35,21.53,0,0,85649.45,59.35,0
B207719,IT,6,500000.0,374072.9,25.19,0,0,98323.89,46.53,0
B205319,Retail,24,500000.0,437175.72,12.56,0,0,37017.08,60.23,1
B206567,Food,9,500000.0,398006.08,20.4,0,0,273076.15,49.18,0
B207711,Healthcare,23,500000.0,385905.28,22.82,0,0,91215.25,57.03,0
B206582,Retail,28,500000.0,422835.59,15.43,1,0,99649.35,58.31,0
B209741,Retail,25,500000.0,432614.04,13.48,1,0,83154.44,49.75,0
B208359,Services,18,500000.0,362098.78,27.58,1,0,78442.89,47.47,0
B202882,Services,12,500000.0,339095.43,32.18,1,0,97206.23,48.97,0
B200268,IT,40,500000.0,423997.6,15.2,0,0,75072.2,49.38,0
B204253,Manufacturing,47,500000.0,461534.34,7.69,0,0,38441.84,61.33,1
B208854,Food,3,500000.0,404520.92,19.1,0,0,62375.26,50.9,0
B201611,Manufacturing,50,500000.0,386078.43,22.78,0,0,,54.2,0
B202395,Retail,40,625459.99,497903.86,20.39,0,0,105461.05,49.09,0
B208995,Manufacturing,46,500000.0,389228.19,22.15,0,0,76272.9,52.71,0
B204976,Food,29,500000.0,376319.83,24.74,0,0,57146.07,53.91,0
B208686,IT,16,500000.0,343123.57,31.38,0,0,83021.66,47.37,0
B200717,Healthcare,7,500000.0,374346.05,25.13,0,0,107257.84,47.72,0
B209001,Food,3,500000.0,341981.25,31.6,1,0,81434.05,50.17,0
B202949,Services,21,500000.0,402800.73,19.44,0,0,31179.6,42.25,0
B202336,Services,20,500000.0,365860.94,26.83,0,0,74439.58,48.19,0
B206563,Food,32,500000.0,385657.88,22.87,1,0,22269.12,51.53,0
B205664,Food,38,500000.0,354439.46,29.11,0,0,135621.67,48.48,0
B200098,Food,3,608468.79,531682.1,12.62,0,0,71563.82,50.87,0
B205633,Retail,39,500000.0,424516.74,15.1,1,1,45511.54,73.09,1
B209004,services,11,500000.0,369388.67,26.12,0,0,51743.9,40.91,0
B204080,Food,9,500000.0,357313.45,28.54,0,0,51533.04,50.62,0
B204574,Manufacturing,57,500000.0,375883.53,,0,0,68608.88,52.48,0
B201157,Services,21,3108410.71,363658.74,27.27,0,0,111488.54,62.02,1
B202128,Retail,29,500000.0,398798.33,,0,0,89839.76,50.75,0
B202807,Healthcare,32,500000.0,409407.1,18.12,0,0,63389.24,56.56,0
B206977,Retail,31,500000.0,359563.58,28.09,0,0,124880.26,47.24,0
B201431,Retail,26,500000.0,434688.3,13.06,0,0,54862.58,53.96,0
B208766,Food,42,500000.0,370516.3,,1,1,103560.33,66.06,1
B202155,Services,8,500000.0,359582.53,28.08,0,0,101941.78,43.53,0
B208110,IT,11,500000.0,393168.72,21.37,0,0,63763.56,49.56,0
B205135,Retail,26,500000.0,411671.58,17.67,1,0,46579.71,51.65,0
B209833,Food,19,500000.0,412599.95,17.48,1,1,74480.87,70.68,1
B202410,Manufacturing,67,500000.0,399162.86,20.17,0,0,47782.23,50.47,0
B209761,Services,15,560006.81,431802.37,22.89,0,0,33552.63,51.1,0
B205858,Healthcare,8,500000.0,413729.93,17.25,0,0,66017.15,47.03,0
B202817,Healthcare,28,500000.0,384141.07,23.17,0,0,96364.15,43.29,0
B204660,Manufacturing,51,500000.0,378349.76,24.33,0,0,71048.54,44.93,0
B200590,,17,500000.0,471674.59,5.67,0,0,45926.32,59.36,0
B204144,Manufacturing,31,500000.0,331590.28,33.68,0,0,158506.25,43.36,0
B203115,Services,22,500000.0,439991.83,12.0,1,0,65182.37,55.22,0
B203561,Food,12,500000.0,386996.84,22.6,0,0,87968.55,58.3,0
B207518,Healthcare,3,500000.0,384471.71,23.11,0,0,57201.23,51.69,0
B206965,Food,3,500000.0,344340.83,31.13,0,0,92274.35,45.5,0
B207202,Manufacturing,63,500000.0,353424.68,29.32,1,0,57554.52,54.74,0
B209122,IT,30,500000.0,363887.4,27.22,0,0,116592.79,46.64,0
B208650,Manufacturing,54,500000.0,344673.82,31.07,0,0,43125.77,48.0,0
B207192,Food,21,500000.0,431287.24,13.74,1,1,81273.29,80.01,1
B208144,Healthcare,13,2427695.06,393179.94,21.36,0,0,74195.1,43.44,0
B203058,Healthcare,27,500000.0,430919.52,13.82,0,0,64787.81,55.63,0
B202267,Healthcare,49,500000.0,397640.35,20.47,0,0,63325.35,48.85,0
B209015,Retail,15,500000.0,438358.64,12.33,1,0,89001.28,53.27,0
B203283,Retail,26,500000.0,388747.78,22.25,0,0,51006.6,53.4,0
B200533,Services,26,1329146.06,1034827.6,22.14,0,0,273648.7,56.26,0
B203715,Food,25,500000.0,370202.57,25.96,0,0,,51.11,0
B209876,Food,14,500000.0,369126.09,26.17,0,0,128341.39,44.76,0
B205261,Food,11,500000.0,395128.81,20.97,0,0,55615.28,40.84,0
B203154,Retail,13,500000.0,401071.99,19.79,0,0,56218.98,52.62,0
B200517,IT,6,522641.47,355342.33,32.01,0,0,97217.34,41.23,0
B206415,Retail,36,500000.0,415866.52,16.83,1,0,42647.85,51.32,0
B205692,Healthcare,42,500000.0,413010.65,17.4,1,0,41676.95,58.8,0
B203949,IT,3,500000.0,409149.06,18.17,1,0,77478.94,54.01,0
B207732,Retail,44,500000.0,441655.72,11.67,1,0,46238.09,46.36,0
B208774,nan,31,500000.0,390691.97,21.86,0,0,102546.99,51.45,0
B204060,IT,25,500000.0,375003.37,25.0,1,0,61996.18,44.34,0
B208509,Healthcare,8,500000.0,481672.79,3.67,0,0,40595.64,61.94,1
B209844,Food,7,500000.0,409445.04,18.11,0,0,72830.4,60.07,1
B204285,Retail,19,500000.0,398274.96,20.35,0,0,77364.53,46.02,0
B209997,Manufacturing,32,500000.0,409291.91,18.14,0,0,37658.31,53.9,0
B203531,Food,19,500000.0,353973.26,29.21,0,0,60580.62,45.35,0
B200988,IT,22,500000.0,394079.37,21.18,1,0,63648.89,49.62,0
B204743,Healthcare,37,500000.0,358108.22,28.38,0,0,55930.45,53.04,0
B204436,Retail,10,500000.0,379079.73,24.18,0,0,63804.53,50.18,0
B202581,Services,11,500000.0,429721.86,14.06,1,0,86779.26,61.28,1
B200845,Healthcare,28,500000.0,399267.43,20.15,0,0,77696.89,49.43,0
B203183,Manufacturing,30,500000.0,400108.06,19.98,0,0,111129.15,52.09,0
B202880,IT,29,500000.0,341396.1,31.72,1,0,59807.45,43.54,0
B209270,Services,3,500000.0,358744.06,28.25,0,0,62686.17,38.47,0
B208156,Services,7,500000.0,351104.55,29.78,0,0,74860.82,45.78,0
B200854,IT,5,500000.0,355162.14,28.97,0,0,53111.16,49.36,0
B204662,Services,27,500000.0,360892.36,27.82,0,0,289384.87,50.5,0
B203270,,17,500000.0,372835.11,25.43,0,0,108563.39,59.57,0
B203853,Food,30,500000.0,384222.65,23.16,0,0,97285.8,46.37,0
B206071,Retail,32,500000.0,443761.16,11.25,0,0,60205.47,52.92,0
B203436,Services,4,500000.0,355644.0,28.87,0,0,58686.85,45.33,0
B208660,Retail,39,500000.0,454042.78,9.19,1,0,93411.27,58.57,0
B203501,Services,29,500000.0,341863.17,31.63,0,0,102792.35,44.08,0
B200038,Retail,27,500000.0,402131.18,19.57,0,0,60032.96,49.63,0
B206355,Healthcare,24,500000.0,366639.49,26.67,0,0,90292.25,48.31,0
B203940,Food,17,500000.0,393205.68,21.36,0,0,109688.01,52.55,0
B205929,Services,16,500000.0,317194.91,36.56,0,0,58735.21,44.08,0
B203924,Services,18,500000.0,445824.88,10.84,0,0,55604.8,56.49,0
B208389,Manufacturing,30,500000.0,401760.42,19.65,1,0,35577.79,53.05,0
B201530,Retail,16,500000.0,398693.74,20.26,0,0,79889.92,48.19,0
B206391,Manufacturing,30,500000.0,364658.4,27.07,1,0,93698.02,43.02,0
B206662,Food,22,500000.0,358272.93,28.35,0,0,121659.57,47.02,0
B203496,Healthcare,3,500000.0,377803.93,24.44,1,0,97141.18,50.55,0
B204857,Services,3,500000.0,434951.98,13.01,0,0,90914.98,55.25,0
B202683,Retail,18,500000.0,418573.42,16.29,1,0,107265.01,52.48,0
B200734,IT,10,500000.0,347437.04,30.51,0,0,129876.86,53.32,0
B207717,Retail,20,500000.0,419508.64,16.1,1,0,74356.29,58.59,0
B205991,Food,3,500000.0,391872.26,21.63,0,0,76302.09,51.43,0
B208224,Services,29,500000.0,396112.92,20.78,1,0,45850.45,48.26,0
B200997,Manufacturing,53,500000.0,389627.81,22.07,0,0,73247.84,54.11,0
B203852,Healthcare,20,500000.0,357356.69,28.53,0,0,95146.04,41.98,0
B201728,Services,19,500000.0,406327.34,18.73,0,0,29082.55,53.52,0
B205730,Food,3,500000.0,398208.83,20.36,0,0,66899.99,44.27,0
B204416,Services,33,500000.0,409083.93,18.18,0,0,88011.91,57.44,0
B200506,Services,36,500000.0,343152.92,31.37,0,0,99046.45,36.13,0
B206109,Retail,21,500000.0,381876.84,,0,0,59373.76,49.6,0
B200150,Food,15,500000.0,417509.12,16.5,1,0,62841.53,52.67,0
B208236,Food,26,500000.0,427104.8,14.58,1,0,60578.59,51.78,0
B209709,Services,28,500000.0,375665.9,24.87,0,0,93091.09,55.75,0
B207439,Food,29,500000.0,429259.07,14.15,1,0,58983.89,49.01,0
B200908,,6,775827.88,624412.52,19.52,1,0,69275.7,52.37,0
B209127,Services,30,585448.46,419014.85,28.43,0,0,118191.76,48.47,0
B203985,Services,31,500000.0,358203.32,28.36,0,0,57006.05,51.33,0
B209994,Manufacturing,64,500000.0,392177.04,21.56,0,0,41551.84,40.45,0
B201965,Manufacturing,58,500000.0,373617.35,25.28,0,0,91626.38,43.56,0
B207226,IT,12,500000.0,1174701.1,27.99,0,0,107812.09,49.84,0
B202103,services,5,563224.61,440494.57,21.79,0,0,231490.23,50.98,0
B202111,IT,35,500000.0,391402.05,21.72,0,0,73373.08,50.21,0
B207156,,36,814464.92,598638.27,26.5,1,0,145280.96,51.5,0
B207127,Manufacturing,53,500000.0,399072.02,20.19,1,0,73539.57,47.94,0
B207869,Healthcare,9,500000.0,359719.23,28.06,0,0,123405.99,46.7,0
B201207,Food,7,500000.0,386413.07,22.72,1,0,92982.15,45.47,0
B205659,Retail,20,500000.0,441416.41,11.72,0,0,30373.9,63.58,1
B204411,Food,3,500000.0,336465.26,32.71,0,0,118495.64,49.58,0
B208674,Services,31,500000.0,399122.21,20.18,0,0,78520.41,54.81,0
B200023,Services,29,500000.0,379122.7,24.18,0,0,421873.11,48.76,0
B205971,Services,26,500000.0,337570.27,32.49,0,0,94451.4,40.78,0
B201875,Manufacturing,51,500000.0,404763.75,19.05,0,0,,58.18,0
B209988,Manufacturing,57,515549.53,2435297.1,27.17,0,0,83309.63,49.78,0
B201675,Healthcare,44,500000.0,365185.73,26.96,0,0,128761.19,51.79,0
B201085,Food,14,500000.0,337319.07,32.54,0,0,141400.73,47.31,0
B209869,Services,16,500000.0,382095.36,23.58,1,0,92698.66,42.51,0
B202672,Retail,40,500000.0,373369.67,25.33,0,0,80567.71,51.73,0
B201641,Retail,26,500000.0,1936151.9,12.15,1,1,68670.39,82.01,1
B207030,Retail,25,500000.0,396695.3,20.66,1,0,62434.91,56.75,0
B208502,Services,32,500000.0,345504.99,30.9,0,0,58301.11,50.97,0
B202438,IT,49,590887.69,408718.98,30.83,1,0,146319.03,55.87,0
B201622,retail,21,500000.0,399985.01,20.0,1,0,88607.52,56.78,0
B200871,Retail,14,500000.0,443900.75,11.22,0,0,47480.76,46.86,0
B209025,Retail,7,2054307.51,404582.99,19.08,1,0,41733.5,49.45,0
B208724,IT,5,538474.84,367767.2,31.7,0,0,84617.2,50.72,0
B202928,Healthcare,28,650688.01,526445.53,19.09,0,0,141102.43,52.69,0
B204542,Food,22,500000.0,349602.73,30.08,1,0,131472.77,43.64,0
B203898,Retail,53,500000.0,462240.74,7.55,0,0,68907.47,55.82,0
B204858,Food,20,2291874.08,379559.59,24.09,1,0,57993.16,47.76,0
B205914,Manufacturing,34,500000.0,358716.07,28.26,0,0,109576.39,52.34,0
B204234,Retail,28,500000.0,378950.0,24.21,0,0,95763.43,42.23,0
B200321,Manufacturing,34,500000.0,401646.06,19.67,1,0,70680.77,46.4,0
B206538,Retail,10,500000.0,466351.72,6.73,1,0,40968.64,59.1,0
B206708,Services,25,500000.0,380259.67,23.95,0,0,81208.07,46.46,0
B204262,Retail,33,500000.0,381421.69,23.72,0,0,102156.11,45.43,0
B201771,Services,6,500000.0,377147.02,24.57,0,0,79032.72,49.91,0
B200624,,13,500000.0,412772.69,17.45,0,0,,47.29,0
B208888,Healthcare,39,500000.0,434560.85,13.09,1,1,80840.84,76.92,1
B208473,services,17,500000.0,353089.73,29.38,0,0,444379.85,46.67,0
B206907,Retail,48,500000.0,428363.95,14.33,1,0,72251.05,53.9,0
B207572,Services,27,500000.0,305045.02,38.99,0,0,123395.49,46.4,0
B202374,Retail,13,500000.0,346733.66,30.65,0,0,106783.26,42.63,0
B207782,Healthcare,28,500000.0,384398.6,23.12,0,0,77883.39,50.5,0
B209303,,36,500000.0,365344.12,26.93,1,0,44711.48,47.69,0
B207734,Retail,20,500000.0,381933.06,23.61,0,0,89807.36,49.95,0
B203647,Retail,27,500000.0,446148.76,10.77,1,1,72639.46,73.74,1
B201960,Retail,34,500000.0,359345.83,28.13,0,0,86416.0,51.51,0
B209255,Retail,19,500000.0,440727.44,11.85,1,0,54782.29,58.07,0
B209697,Manufacturing,33,500000.0,341638.17,31.67,1,0,136285.99,50.67,0
B204887,Manufacturing,36,1189825.57,843441.54,29.11,1,0,130555.96,49.94,0
B207294,IT,47,500000.0,353991.09,29.2,0,0,78268.83,53.28,0
B203445,Manufacturing,37,1574163.36,397327.52,20.53,0,0,69411.92,46.88,0
B203376,Services,28,500000.0,341465.81,31.71,0,0,49362.34,51.74,0
B201060,Services,44,500000.0,383185.3,23.36,1,0,73670.28,51.23,0
B200214,Food,10,500000.0,393167.87,21.37,0,0,78899.03,52.01,0
B202308,Services,18,500000.0,413943.15,17.21,0,0,43064.29,50.57,0
B206938,Services,14,500000.0,359848.72,28.03,0,0,,47.18,0
B200996,Retail,38,500000.0,396375.27,20.72,1,0,62590.61,55.9,0
B205862,IT,28,500000.0,323616.16,35.28,0,0,66194.17,45.55,0
B206161,Services,24,500000.0,343151.04,31.37,1,0,104567.42,47.53,0
B209374,Retail,28,500000.0,438243.72,12.35,0,0,95918.66,48.89,0
B200474,,20,500000.0,413639.83,17.27,1,0,94643.91,53.27,0
B207702,IT,7,500000.0,337181.0,32.56,0,0,93569.49,56.31,0
B204708,Manufacturing,41,500000.0,364573.28,27.09,0,0,93026.13,48.94,0
B202775,retail,14,500000.0,432729.56,13.45,1,0,49720.41,44.33,0
B202070,IT,4,500000.0,395584.79,20.88,0,0,48532.18,49.0,0
B204510,IT,10,500000.0,334851.13,33.03,1,0,63430.76,52.63,0
B209733,Services,18,500000.0,303563.2,39.29,0,0,406771.09,39.03,0
B205010,IT,13,500000.0,356208.96,28.76,0,0,53677.59,42.04,0
B204107,IT,9,500000.0,389608.38,22.08,1,0,56055.03,50.79,0
B200287,Retail,11,500000.0,460481.52,7.9,1,0,77410.68,59.35,0
B206395,Food,18,500000.0,391093.98,21.78,1,1,60132.75,71.62,1
B209774,Retail,39,643626.79,507912.34,21.09,1,0,97515.16,46.3,0
B207087,Food,36,500000.0,402826.3,19.43,0,0,28973.56,51.41,0
B203278,Services,3,500000.0,331625.72,33.67,0,0,32080.69,43.19,0
B205325,,8,500000.0,397591.88,20.48,0,0,98317.3,41.32,0
B203632,Healthcare,15,500000.0,344732.72,31.05,0,0,105957.76,50.06,0
B203811,Healthcare,22,503250.3,423183.22,15.91,1,0,71416.42,48.18,0
B207539,Food,22,500000.0,348847.87,30.23,0,0,105880.46,47.4,0
B205432,Healthcare,28,500000.0,337294.2,32.54,0,0,113738.72,42.69,0
B206193,Food,11,500000.0,395977.15,20.8,0,0,71152.43,42.57,0
B204004,,62,1640149.16,1391201.66,15.18,0,0,225292.6,49.29,0
B203900,,27,500000.0,390183.66,,1,0,90009.85,56.39,0
B207851,Retail,20,500000.0,445739.63,10.85,0,0,57362.49,61.38,1
B204758,Manufacturing,23,500000.0,374629.56,25.07,0,0,50397.2,53.1,0
B205337,Healthcare,15,500000.0,367038.62,26.59,0,0,342209.53,44.74,0
B209118,Food,24,500000.0,388242.35,22.35,0,0,71022.61,48.3,0
B201991,Services,39,500000.0,329219.02,34.16,1,0,35764.66,44.97,0
B204081,Manufacturing,49,500000.0,398428.73,20.31,0,0,83891.13,54.8,0
B209178,Healthcare,6,500000.0,421270.11,15.75,0,0,61174.73,53.32,0
B207248,Manufacturing,60,500000.0,389836.51,22.03,1,0,105416.86,49.31,0
B203736,Food,3,500000.0,383048.55,23.39,1,0,41559.6,53.29,0
B207348,Services,14,500000.0,390768.08,21.85,0,0,449360.09,54.17,0
B208947,Services,16,500000.0,320706.05,35.86,0,0,52110.43,51.84,0
B207735,Food,27,500000.0,424581.69,,0,0,51037.85,64.84,1
B200267,Services,3,500000.0,400174.73,19.97,0,0,102581.98,54.24,0
B200553,Healthcare,3,500000.0,449406.99,10.12,0,0,47242.95,56.77,0
B202446,IT,20,500000.0,339038.91,32.19,0,0,57832.97,43.31,0
B209355,Manufacturing,36,500000.0,378488.87,24.3,1,0,100874.62,47.65,0
B201076,Retail,31,500000.0,459454.63,8.11,0,0,92606.5,57.02,0
B208130,Retail,49,500000.0,398977.97,20.2,0,0,,48.13,0
B202363,Services,16,500000.0,396065.04,20.79,0,0,76391.48,50.66,0
B201938,Healthcare,15,500000.0,426536.51,14.69,0,0,86483.28,53.78,0
B203218,Services,15,500000.0,399002.92,20.2,0,0,83604.82,55.62,0
B207313,Manufacturing,63,500000.0,411481.51,,0,0,89420.27,43.02,0
B202117,Services,25,500000.0,387397.38,22.52,1,0,61836.55,53.57,0
B206170,IT,12,500000.0,359880.48,28.02,0,0,97657.96,56.22,0
B205531,Retail,50,623003.46,479330.81,23.06,0,0,78242.75,53.68,0
B207320,IT,31,500000.0,322594.66,35.48,0,0,75048.52,46.46,0
B205409,Services,25,500000.0,354108.83,29.18,1,0,67003.11,48.58,0
B204450,IT,33,560225.92,465603.0,16.89,0,0,22954.29,46.11,0
B207312,Food,10,500000.0,383371.68,23.33,0,0,,58.5,0
B209887,Retail,35,500000.0,426346.46,14.73,1,1,75960.4,76.54,1
B205906,Food,9,607565.64,483060.87,20.49,0,0,80305.22,62.28,1
B204193,Retail,47,500000.0,400271.16,19.95,0,0,35723.31,46.38,0
B206261,Retail,22,713504.77,578595.93,18.91,0,0,128424.75,56.58,0
B209848,Manufacturing,79,500000.0,383907.1,23.22,1,0,66189.31,51.68,0
B203925,IT,22,500000.0,353857.67,29.23,0,0,84615.31,42.43,0
B205385,Food,36,500000.0,370253.18,25.95,0,0,96527.91,39.79,0
B202982,,41,500000.0,392589.88,21.48,0,0,110530.24,53.41,0
B201964,Healthcare,34,500000.0,371166.1,25.77,0,0,39092.91,53.19,0
B209713,Retail,46,500000.0,379293.9,24.14,1,0,72007.67,57.96,0
B203178,Services,31,500000.0,401101.87,19.78,0,0,,49.47,0
B202065,,28,594770.66,486772.89,18.16,1,0,93770.03,60.84,1
B207355,Food,34,500000.0,1676558.85,22.36,1,0,96113.9,50.43,0
B203033,Services,28,500000.0,345557.87,30.89,0,0,107457.98,44.4,0
B205299,Retail,32,500000.0,401790.48,19.64,1,0,51975.35,45.6,0
B201309,Services,21,500000.0,400177.09,19.96,0,0,58958.36,55.97,0
B207204,Food,10,500000.0,416359.5,16.73,0,0,96413.21,51.13,0
B203105,IT,43,991655.11,814628.62,17.85,1,0,135327.14,56.66,0
B205185,Retail,3,500000.0,450671.44,9.87,0,0,59715.9,49.52,0
B204248,Retail,30,500000.0,417661.57,16.47,1,0,80578.0,58.3,0
B207874,Food,6,500000.0,416528.13,16.69,0,0,72646.1,51.81,0
B209758,Services,22,500000.0,363266.53,27.35,0,0,79136.02,42.49,0
B208293,manufacturing,42,500000.0,360184.71,27.96,0,0,90063.86,44.28,0
B208899,Retail,48,1252703.66,1088576.96,13.1,1,0,182706.31,60.42,1
B204890,Retail,30,500000.0,442557.3,11.49,1,1,97416.43,67.12,1
B204996,Manufacturing,62,500000.0,388460.93,22.31,0,0,131759.6,52.22,0
B201185,Food,23,500000.0,413668.15,17.27,1,0,119860.95,52.52,0
B200784,Retail,11,500000.0,378592.9,24.28,0,0,25201.64,48.85,0
B206442,Retail,31,603608.15,505952.61,16.18,0,0,74953.43,58.99,0
B206847,Manufacturing,50,500000.0,341488.37,31.7,1,0,93782.72,47.85,0
B208466,Food,47,500000.0,378058.52,24.39,1,0,99830.63,44.89,0
B208079,Manufacturing,53,500000.0,393899.3,21.22,0,0,71558.26,55.42,0
B208035,Food,37,500000.0,360968.96,27.81,0,0,90038.07,44.71,0
B207297,,26,500000.0,408287.63,18.34,0,0,264474.97,53.29,0
B209470,IT,25,500000.0,358316.65,28.34,0,0,121855.45,47.91,0
B209454,Food,18,500000.0,412460.41,17.51,0,0,88002.34,55.27,0
B202307,Services,13,500000.0,407605.06,18.48,0,0,40520.48,49.74,0
B200790,Healthcare,29,500000.0,433420.43,13.32,0,0,51506.22,61.98,1
B207742,Manufacturing,34,500000.0,394766.03,21.05,1,0,65681.32,45.82,0
B204541,Services,40,500000.0,2537789.16,17.47,0,0,59398.87,46.02,0
B205142,Food,60,500000.0,337935.98,32.41,0,0,33525.75,42.39,0
B205349,Manufacturing,25,500000.0,361707.52,27.66,1,0,132259.42,57.8,0
B207181,Retail,30,500000.0,410026.44,17.99,1,0,70847.23,58.05,0
B203075,Food,24,2696789.71,371666.78,25.67,0,0,32465.91,51.0,0
B204644,Services,29,500000.0,366233.49,26.75,0,0,69445.39,47.0,0
B204264,Retail,25,826247.99,756674.5,,1,1,87984.83,74.23,1
B202487,IT,3,500000.0,376849.91,24.63,0,0,69842.35,46.96,0
B209116,IT,8,500000.0,373831.39,25.23,0,0,72233.71,50.4,0
B201980,IT,13,500000.0,337502.34,32.5,1,0,85110.26,56.71,0
B202424,Food,16,500000.0,378124.37,24.38,0,0,,52.98,0
B209698,Services,33,2487833.44,320028.42,35.99,0,0,106370.98,54.94,0
B201416,Services,21,500000.0,328976.12,34.2,0,0,99481.08,42.77,0
B202116,Retail,3,500000.0,425146.52,14.97,1,0,61043.17,55.41,0
B202752,Retail,7,3093211.59,469500.81,6.1,0,0,63871.31,55.48,0
B207020,IT,36,500000.0,306009.05,38.8,1,0,53963.66,43.7,0
B204609,Manufacturing,57,500000.0,426787.56,14.64,0,0,39346.33,42.8,0
B205181,Food,25,500000.0,345244.57,30.95,1,0,92842.23,49.0,0
B207017,Food,17,500000.0,356491.6,28.7,1,1,59230.07,62.87,1
B205365,retail,38,500000.0,397439.28,,1,0,87110.72,54.77,0
B202954,Manufacturing,49,500000.0,352290.61,29.54,0,0,100397.13,49.06,0
B200425,IT,41,500000.0,339255.91,32.15,0,0,54055.25,50.05,0
B201009,Food,15,500000.0,391581.36,21.68,1,0,42757.53,49.22,0
B203242,Retail,48,500000.0,456352.36,8.73,1,0,41797.88,55.65,0
B203205,Services,36,500000.0,357497.26,28.5,0,0,82056.38,48.3,0
B202095,Manufacturing,46,500000.0,346809.16,30.64,1,0,92890.23,52.66,0
B201988,Retail,9,500000.0,392376.0,21.52,0,0,94888.11,49.53,0
B203818,Services,33,500000.0,392029.45,21.59,0,0,77450.48,52.75,0
B205029,Manufacturing,35,500000.0,436182.59,12.76,0,0,61511.92,56.86,0
B205750,Retail,16,500000.0,396322.61,20.74,1,1,76157.59,65.45,1
B203480,Services,10,500000.0,371295.46,25.74,1,0,83101.57,52.03,0
B209566,IT,30,814468.28,550783.94,32.38,0,0,113331.16,53.79,0
B205168,Manufacturing,43,500000.0,430885.26,13.82,1,1,41169.71,66.5,1
B208063,Retail,35,500000.0,424768.36,15.05,1,0,30574.45,50.49,0
B202706,Food,17,500000.0,458456.9,8.31,1,0,58348.53,57.47,0
B201007,Manufacturing,28,500000.0,377832.8,24.43,0,0,61035.58,46.55,0
B204808,Manufacturing,33,915744.58,752679.7,17.81,0,0,107634.55,57.7,0
B207065,Retail,33,500000.0,399964.4,20.01,0,0,92488.15,58.33,0
B204438,Services,23,500000.0,427489.96,14.5,0,0,83281.43,48.89,0
B206580,Retail,31,500000.0,428652.72,14.27,0,0,73855.66,56.47,0
B207907,IT,39,3052052.49,333414.96,33.32,1,0,77530.51,49.62,0
B202208,Food,23,500000.0,422006.6,15.6,0,0,54475.15,51.25,0
B204982,Services,4,500000.0,380662.63,23.87,0,0,79654.4,48.06,0
B209123,Retail,7,500000.0,442082.26,11.58,0,0,62159.23,59.24,0
B204291,Manufacturing,34,500000.0,403965.4,19.21,0,0,64652.45,41.21,0
B206140,Healthcare,21,500000.0,417156.12,16.57,0,0,75554.73,55.8,0
B209376,Retail,15,500000.0,421476.3,15.7,0,0,53171.47,52.5,0
B204472,IT,3,500000.0,323711.0,35.26,0,0,98585.25,41.14,0
B206096,Retail,49,500000.0,415009.56,17.0,0,0,75609.44,51.93,0
B209452,IT,23,500000.0,379905.69,24.02,0,0,30639.93,41.87,0
B206716,Services,14,516087.98,422741.71,18.09,0,0,56575.93,56.98,0
B204615,Manufacturing,50,1217013.75,1116732.93,8.24,1,0,154902.83,52.86,0
B203317,Healthcare,36,762070.81,625710.51,17.89,1,0,105271.34,49.54,0
B207189,Retail,27,500000.0,376195.07,24.76,0,0,70144.97,54.68,0
B207022,IT,12,1641322.97,339581.23,,0,0,76949.49,43.01,0
B203958,Services,21,500000.0,362218.39,27.56,0,0,64986.42,50.4,0
B209911,Manufacturing,68,500000.0,488346.59,2.33,1,1,230651.43,74.93,1
B205757,Retail,46,500000.0,419387.45,16.12,1,0,88858.48,47.49,0
B202232,IT,31,500000.0,327908.77,34.42,0,0,,52.34,0
B201266,Food,15,513269.56,376302.18,26.69,1,0,80103.17,58.64,0
B201930,Services,33,500000.0,369707.09,26.06,0,0,85268.12,53.43,0
B201791,Retail,39,500000.0,404476.54,19.1,1,0,52293.91,56.57,0
B202901,,37,500000.0,407196.77,18.56,1,0,76928.13,57.2,0
B209696,Food,25,500000.0,366445.02,26.71,1,0,79941.49,54.65,0
B206027,Retail,20,500000.0,385348.76,22.93,1,0,61863.56,50.09,0
B205068,Retail,57,500000.0,448160.41,10.37,0,0,48160.29,54.41,0
B203463,Food,16,500000.0,407476.1,18.5,1,0,57235.96,46.67,0
B201184,Food,11,2493889.62,378266.98,24.35,0,0,88831.76,45.0,0
B207179,Manufacturing,47,500000.0,358734.41,28.25,1,0,489280.57,51.27,0
B208769,Healthcare,3,500000.0,395791.14,20.84,0,0,86982.67,51.09,0
B200161,Manufacturing,61,500000.0,388925.75,22.21,0,0,58561.31,52.31,0
B202127,Healthcare,6,500000.0,383246.98,23.35,1,1,78436.89,67.22,1
B201299,Healthcare,32,500000.0,338321.07,32.34,0,0,59428.5,56.6,0
B201038,Retail,40,500000.0,382595.01,23.48,1,0,74081.83,50.35,0
B209777,Retail,45,500000.0,396081.58,20.78,0,0,39729.7,59.22,0
B209922,Services,34,2370425.51,371798.74,25.64,0,0,117459.99,45.86,0
B206180,Healthcare,31,500000.0,371319.57,25.74,0,0,93437.22,39.29,0
B208819,Services,18,500000.0,370950.85,25.81,0,0,67972.31,49.39,0
B209730,Retail,18,500000.0,397643.45,20.47,0,0,102142.3,47.85,0
B206126,Retail,32,500000.0,380577.03,,0,0,63373.84,51.07,0
B202930,Food,18,500000.0,380716.21,23.86,0,0,67404.46,51.19,0
B208933,Food,27,500000.0,407361.0,18.53,0,0,84083.52,54.16,0
B202849,services,38,500000.0,392831.51,21.43,0,0,41795.08,54.89,0
B205729,Manufacturing,72,500000.0,394681.46,21.06,1,0,77953.23,53.6,0
B209995,Services,7,500000.0,375981.58,24.8,0,0,47648.62,48.4,0
B203250,Food,29,500000.0,356696.01,28.66,0,0,22210.02,48.21,0
B207229,Retail,26,500000.0,426335.96,14.73,1,0,64470.59,52.76,0
B200333,Healthcare,23,500000.0,357671.55,28.47,0,0,21861.04,41.85,0
B207782,Healthcare,28,500000.0,384398.6,23.12,0,0,77883.39,50.5,0
B204049,IT,29,500000.0,372769.54,25.45,0,0,101146.77,56.19,0
B205504,Manufacturing,33,1501230.35,389560.71,22.09,1,0,98209.76,47.46,0
B204829,Manufacturing,44,500000.0,385903.92,22.82,1,0,71021.34,47.27,0
B202094,Retail,49,500000.0,396334.71,20.73,0,0,95204.04,50.51,0
B205773,Manufacturing,34,500000.0,408186.82,18.36,1,0,72175.59,47.37,0
B202144,Healthcare,16,500000.0,392893.45,21.42,0,0,60925.96,49.77,0
B200516,Healthcare,28,500000.0,371936.99,25.61,0,0,96901.57,51.55,0
B205608,Services,34,500000.0,333486.66,33.3,0,0,106477.7,51.4,0
B202609,Manufacturing,50,500000.0,369256.83,26.15,0,0,95392.31,57.2,0
B209415,Food,26,500000.0,339787.88,32.04,0,0,113341.63,44.63,0
B206178,Food,6,500000.0,462298.9,7.54,0,0,71320.76,52.89,0
B204882,Manufacturing,39,500000.0,355848.61,28.83,0,0,74392.22,48.24,0
B204052,Services,18,500000.0,369152.07,26.17,0,0,62862.68,46.41,0
B202605,Manufacturing,44,500000.0,2668234.68,17.15,0,0,54232.14,56.81,0
B205548,Healthcare,16,500000.0,356414.9,28.72,0,0,26259.7,45.47,0
B205410,Retail,35,500000.0,413826.15,17.23,1,0,47338.68,55.11,0
B209568,Food,21,500000.0,392448.32,21.51,0,0,61043.02,51.02,0
B209742,Services,25,500000.0,375100.38,24.98,0,0,34907.76,43.29,0
B200910,Services,15,500000.0,363389.9,27.32,0,0,102762.43,38.98,0
B201124,IT,28,500000.0,330765.72,33.85,0,0,99274.81,51.94,0
B206078,,19,595857.99,477503.91,19.86,0,0,47941.39,54.32,0
B206640,Retail,47,500000.0,412726.96,17.45,1,0,57322.95,59.21,0
B206797,Services,43,500000.0,404284.33,,1,0,37990.6,50.22,0
B201976,Retail,35,3310457.99,394760.21,21.05,0,0,107390.47,52.62,0
B201021,IT,23,500000.0,334030.27,33.19,0,0,59149.19,50.34,0
B202413,Retail,42,500000.0,365550.94,26.89,1,0,64873.24,42.49,0
B204325,Manufacturing,57,500000.0,364033.92,27.19,0,0,97495.12,45.75,0
B203932,Manufacturing,58,500000.0,432593.58,13.48,1,0,31690.61,57.46,0
B202781,Retail,35,500000.0,441284.85,11.74,0,0,64330.62,56.54,0
B207863,Services,15,500000.0,392053.73,21.59,0,0,78035.33,48.7,0
B202412,Retail,11,500000.0,412561.14,17.49,1,0,59834.12,52.58,0
B200139,Manufacturing,42,500000.0,393610.78,21.28,0,0,80605.9,40.72,0
B201904,Manufacturing,26,500000.0,402386.36,19.52,0,0,69879.96,50.37,0
B209461,Healthcare,14,500000.0,417127.14,16.57,1,0,81057.11,52.61,0
B203062,Retail,16,500000.0,463573.01,7.29,0,0,74152.29,56.42,0
B207767,,14,500000.0,365404.42,26.92,0,0,49176.99,57.29,0
B200532,,10,500000.0,371714.8,25.66,1,0,45713.14,51.77,0
B204159,Food,20,500000.0,414050.12,17.19,0,0,64831.42,51.96,0
B201851,Healthcare,22,500000.0,373436.45,25.31,1,1,89700.3,66.27,1
B207981,Manufacturing,64,500000.0,343524.74,,0,0,109365.13,53.74,0
B209228,Retail,54,500000.0,427797.06,14.44,0,0,75239.61,57.45,0
B205371,Manufacturing,56,500000.0,409001.95,18.2,0,0,73158.4,40.52,0
B208599,Healthcare,8,500000.0,420726.12,15.85,0,0,45864.34,54.53,0
B203693,Food,28,500000.0,421776.8,15.64,0,0,81018.98,57.33,0
B209574,healthcare,3,500000.0,390520.46,21.9,0,0,85928.56,48.8,0
B205500,Services,17,500000.0,1097188.24,34.28,0,0,72662.65,41.98,0
B200009,Retail,31,500000.0,424613.67,15.08,1,0,45333.99,54.46,0
B206138,Healthcare,16,997955.79,774802.24,22.36,1,0,141280.3,55.74,0
B201948,Food,36,500000.0,365170.65,26.97,0,0,112062.78,44.32,0
B206941,Retail,31,500000.0,418684.39,16.26,1,0,77617.72,56.03,0
B206648,Food,9,607320.28,495167.28,18.47,0,0,118524.06,46.58,0
B208116,Food,18,500000.0,373116.96,25.38,0,0,67815.05,57.16,0
B202723,,12,500000.0,357214.77,28.56,1,0,99091.95,46.57,0
B200332,IT,35,500000.0,369896.16,26.02,1,0,71188.73,56.75,0
B207649,Manufacturing,59,500000.0,413222.46,17.36,0,0,35486.85,63.55,1
B206490,Services,39,500000.0,1412585.21,37.57,0,0,157134.99,52.0,0
B206130,Healthcare,32,735000.6,524122.2,28.69,0,0,123040.47,49.24,0
B201220,Food,12,500000.0,366394.3,26.72,0,0,74946.84,51.58,0
B203170,Services,11,500000.0,394407.64,21.12,0,0,71446.46,56.23,0
B209053,Retail,26,500000.0,419067.14,16.19,1,0,50325.25,56.29,0
B208694,retail,44,500000.0,414909.58,17.02,0,0,21568.35,50.86,0
B200271,,30,500000.0,382371.04,23.53,1,1,,61.61,1
B206028,Healthcare,10,500000.0,418749.02,16.25,1,0,63110.06,64.45,1
B204727,Services,29,500000.0,386412.1,22.72,0,0,54415.53,54.74,0
B202291,IT,31,500000.0,370892.35,25.82,0,0,52258.11,46.77,0
B209378,Manufacturing,72,500000.0,364792.08,27.04,1,0,96572.52,53.01,0
B206901,Food,18,500000.0,368555.04,26.29,0,0,79604.3,46.09,0
B205569,Services,29,500000.0,363997.78,27.2,0,0,102427.5,58.14,0
B206880,IT,10,500000.0,354037.64,29.19,0,0,130329.77,53.06,0
B202680,Manufacturing,56,500000.0,374014.09,25.2,1,0,80543.43,50.49,0
B206779,Retail,38,500000.0,407990.15,18.4,0,0,96617.46,52.76,0
B203867,Food,3,500000.0,385822.41,22.84,0,0,46732.95,52.88,0
B206929,Manufacturing,45,739318.13,538912.44,27.11,1,0,161456.61,54.25,0
B203386,Retail,22,500000.0,382733.94,23.45,0,0,48733.02,40.26,0
B208880,Retail,9,500000.0,424600.84,15.08,1,0,76694.75,54.4,0
B208851,Manufacturing,50,500000.0,404629.4,19.07,0,0,90853.38,52.82,0
B204106,Services,18,500000.0,381244.36,23.75,0,0,103336.23,47.93,0
B209861,Services,23,500000.0,383772.52,23.25,0,0,89650.93,57.87,0
B204651,Healthcare,28,500000.0,382919.22,23.42,0,0,54799.77,51.41,0
B208462,Retail,61,500000.0,389122.05,22.18,0,0,58735.47,49.61,0
B202259,Services,39,500000.0,442066.13,11.59,1,1,,78.83,1
B209745,healthcare,3,500000.0,412328.7,17.53,0,0,28883.11,54.98,0
B204501,Services,9,500000.0,324138.38,,0,0,97281.06,37.66,0
B207958,Manufacturing,30,500000.0,395111.1,20.98,0,0,79379.01,51.65,0
B206431,Manufacturing,54,500000.0,344816.96,31.04,0,0,93888.89,52.26,0
B202863,Services,10,500000.0,351704.37,29.66,1,0,94026.04,45.15,0
B203834,Food,42,500000.0,373368.74,25.33,0,0,53969.57,52.14,0
B202087,Services,23,500000.0,320142.9,35.97,0,0,136988.13,46.04,0
B202350,Food,30,500000.0,433981.78,13.2,0,0,,48.61,0
B201464,Services,31,500000.0,396100.49,20.78,0,0,53566.2,47.9,0
B202613,Services,3,500000.0,353493.08,,0,0,96613.85,51.03,0
B209188,Food,41,500000.0,362411.91,27.52,1,0,88793.79,51.41,0
B202717,Manufacturing,38,500000.0,406491.45,18.7,1,1,105818.89,71.55,1
B200526,Healthcare,10,500000.0,421807.42,15.64,1,0,65842.84,47.96,0
B203891,Services,26,500000.0,340772.57,31.85,0,0,136086.2,44.61,0
B206612,Healthcare,17,500000.0,395613.08,20.88,0,0,63380.4,53.38,0
B205433,Retail,52,500000.0,1830783.3,21.73,0,0,68778.07,52.35,0
B200065,Retail,12,500000.0,425566.44,14.89,0,0,31883.94,52.72,0
B206625,Manufacturing,19,812779.01,655419.53,19.36,1,1,123754.14,74.32,1
B201288,Services,20,500000.0,320133.76,35.97,1,0,100581.33,46.44,0
B201825,Retail,30,500000.0,456949.48,8.61,1,0,44188.79,52.91,0
B204876,IT,14,500000.0,323802.72,35.24,0,0,114232.78,41.35,0
B207391,Food,22,500000.0,443175.78,11.36,1,0,94744.89,64.01,1
B204816,Manufacturing,63,500000.0,367388.57,26.52,0,0,66277.99,49.36,0
B208157,Services,41,500000.0,381445.01,23.71,0,0,83119.7,54.45,0
B200856,Retail,21,500000.0,394797.78,21.04,0,0,12566.8,48.2,0
B200557,Food,6,500000.0,403883.26,19.22,1,0,94292.26,59.46,0
B201405,Services,11,500000.0,387752.27,22.45,0,0,88152.89,51.08,0
B206200,Retail,37,500000.0,402793.02,19.44,0,0,72064.86,54.2,0
B206636,Healthcare,3,500000.0,419464.43,16.11,0,0,57110.63,59.13,0
B205937,Food,10,1575990.88,378157.98,24.37,0,0,55467.15,44.97,0
B209335,Manufacturing,45,500000.0,1258316.79,29.54,1,0,46005.36,53.25,0
B201005,Manufacturing,58,500000.0,427960.02,14.41,1,0,,54.53,0
B209226,Retail,35,642582.42,567885.51,11.62,1,0,52934.5,48.15,0
B209305,Food,13,500000.0,440635.91,11.87,1,1,87152.63,65.99,1
B204630,Services,11,500000.0,348666.12,30.27,0,0,237518.92,46.5,0
B205780,IT,12,870244.14,636543.39,26.85,0,0,110371.26,42.63,0
B209396,Healthcare,17,500000.0,342447.23,31.51,0,0,115832.5,50.82,0
B201020,Food,20,500000.0,377337.86,24.53,0,0,85440.94,55.66,0
B209023,Services,7,500000.0,341342.78,31.73,0,0,118626.26,53.61,0
B202851,Food,20,500000.0,410575.37,17.88,1,0,71264.57,61.48,1
B200511,,17,500000.0,393138.13,21.37,1,0,66645.2,50.11,0
B205785,IT,7,500000.0,337342.56,32.53,0,0,75697.55,42.88,0
B201721,Retail,42,500000.0,450655.47,9.87,1,0,65589.81,60.54,1
B201886,Food,17,500000.0,402925.6,19.41,0,0,99218.84,46.84,0
B209054,Food,19,500000.0,370745.28,25.85,0,0,52216.59,43.76,0
B201995,Healthcare,13,500000.0,334435.92,33.11,0,0,322090.48,40.48,0
B205894,Manufacturing,43,500000.0,402172.55,19.57,1,0,,51.2,0
B203856,IT,3,500000.0,376057.07,24.79,0,0,92199.57,54.21,0
B201148,IT,23,500000.0,353295.08,29.34,0,0,48302.83,47.27,0
B209749,Manufacturing,56,500000.0,382499.53,23.5,0,0,106315.08,39.27,0
B205658,Manufacturing,56,500000.0,365309.66,26.94,1,0,36109.22,60.13,1
B203790,Retail,42,500000.0,373024.34,25.4,0,0,70930.94,48.22,0
B202431,Food,20,500000.0,369760.76,26.05,0,0,99465.25,52.63,0
B203492,Services,10,500000.0,400677.62,19.86,0,0,81392.89,56.38,0
B207091,Manufacturing,49,500000.0,334989.29,33.0,0,0,119379.08,54.36,0
B202515,Manufacturing,43,732687.45,531469.68,27.46,0,0,135067.85,56.83,0
B208331,Services,47,500000.0,401056.68,19.79,0,0,73243.98,57.14,0
B206655,Retail,48,500000.0,416491.68,16.7,0,0,42736.35,53.21,0
B201743,Healthcare,28,500000.0,387613.77,22.48,0,0,592099.53,53.82,0
B208442,Services,14,500000.0,379147.55,24.17,0,0,57308.03,49.05,0
B204702,Services,5,500000.0,365538.7,26.89,0,0,40330.89,53.54,0
B200496,IT,19,921038.79,753463.39,18.19,0,0,123121.8,56.79,0
B200637,IT,33,500000.0,380919.25,23.82,0,0,75404.66,46.01,0
B201331,Services,23,500000.0,354309.22,29.14,0,0,86412.97,45.72,0
B203581,Retail,21,500000.0,1512161.24,15.07,1,0,105634.12,53.27,0
B208997,Retail,58,500000.0,402884.0,19.42,1,0,,53.91,0
B201648,Retail,22,500000.0,439123.05,12.18,0,0,51237.47,49.87,0
B201181,Retail,21,500000.0,379013.41,24.2,0,0,85946.81,48.26,0
B203129,Healthcare,27,500000.0,377897.31,24.42,1,0,75954.19,45.96,0
B208410,,45,500000.0,457329.52,8.53,1,0,49778.83,53.68,0
B208564,Food,10,500000.0,339761.17,32.05,0,0,87246.84,46.13,0
B201769,Healthcare,16,500000.0,304397.3,39.12,0,0,115071.31,35.42,0
B205851,Manufacturing,31,500000.0,415458.18,,0,0,63421.47,46.34,0
B209279,Retail,54,500000.0,437982.18,12.4,1,0,70129.09,47.5,0
B209351,manufacturing,41,500000.0,414658.2,17.07,0,0,71792.88,57.06,0
B203027,,3,500000.0,342311.88,31.54,0,0,122240.25,56.96,0
B200510,Services,3,500000.0,334747.12,33.05,0,0,104928.37,49.78,0
B209627,Food,23,500000.0,368108.46,26.38,0,0,56610.88,46.94,0
B202061,Retail,38,500000.0,430451.33,13.91,0,0,70508.55,54.61,0
B207235,,17,500000.0,394913.53,21.02,0,0,46836.24,62.38,1
B204030,Healthcare,17,500000.0,389609.47,22.08,1,0,42759.2,49.05,0
B207319,services,3,500000.0,363010.89,27.4,1,0,66861.19,51.73,0
B205328,Healthcare,3,500000.0,366011.12,26.8,0,0,,48.43,0
B200456,Retail,40,507970.0,407665.83,19.75,1,0,113202.66,49.14,0
B201808,Food,33,500000.0,436272.56,12.75,0,0,44259.57,53.26,0
B207844,Services,22,500000.0,405671.26,18.87,0,0,51890.84,55.1,0
B200756,Services,15,500000.0,336253.83,32.75,0,0,54528.27,31.29,0
B207565,Food,3,500000.0,377945.88,24.41,0,0,105799.05,54.72,0
B206427,Services,34,500000.0,354332.6,29.13,1,0,115028.05,49.06,0
B209536,Healthcare,30,500000.0,355706.07,28.86,1,0,67885.05,51.73,0
B201065,retail,31,500000.0,376839.36,24.63,0,0,83968.92,50.89,0
B208445,Retail,28,1914587.24,405684.25,18.86,1,0,30835.22,45.01,0
B201265,services,23,500000.0,391432.06,21.71,1,0,122219.03,48.75,0
B207906,IT,22,500000.0,378858.7,24.23,0,0,97234.53,52.51,0
B201819,Manufacturing,56,500000.0,367460.83,26.51,0,0,102552.96,54.66,0
B200691,Manufacturing,73,500000.0,374097.18,25.18,0,0,68307.61,45.04,0
B202839,Healthcare,14,500000.0,384415.33,23.12,0,0,93378.86,48.87,0
B200593,Healthcare,6,619094.36,447296.75,27.75,1,0,133580.0,49.09,0
B203589,manufacturing,47,500000.0,399565.38,20.09,0,0,102697.82,49.3,0
B209665,Retail,5,500000.0,438283.0,12.34,0,0,76479.21,57.5,0
B203633,Services,8,500000.0,351757.17,29.65,0,0,121210.51,44.1,0
B200501,Food,20,500000.0,438415.65,12.32,0,0,43086.96,55.76,0
B206264,Food,14,500000.0,407635.81,18.47,0,0,48593.05,56.9,0
B208129,Retail,23,500000.0,457588.62,8.48,1,1,38378.24,74.18,1
B208298,Food,18,500000.0,374864.07,25.03,0,0,136031.59,56.09,0
B205134,Retail,36,500000.0,387604.01,22.48,0,0,104704.56,48.84,0
B205117,Services,37,500000.0,377054.01,24.59,0,0,67898.07,55.31,0
B209530,Services,3,500000.0,379476.82,24.1,0,0,68049.81,38.65,0
B204453,Healthcare,41,500000.0,280677.47,43.86,0,0,131955.28,38.75,0
B207633,Retail,24,500000.0,447304.66,10.54,1,0,,53.67,0
B202652,Retail,46,500000.0,422528.99,15.49,0,0,41561.68,58.28,0
B209747,Manufacturing,42,500000.0,398469.01,20.31,0,0,77940.69,57.23,0
B207040,Manufacturing,27,500000.0,329265.89,34.15,1,0,88202.83,54.36,0
B201508,Food,27,500000.0,361073.63,27.79,0,0,85733.02,53.0,0
B200210,Services,20,500000.0,352627.04,29.47,0,0,88444.71,47.96,0
B209063,IT,18,568579.08,397729.74,30.05,1,0,85942.31,49.52,0
B209280,Food,3,500000.0,396522.36,20.7,0,0,71428.89,45.37,0
B206177,Manufacturing,52,500000.0,343807.89,31.24,0,0,119865.3,50.45,0
B206479,Manufacturing,40,500000.0,375517.93,24.9,0,0,119474.76,46.25,0
B207238,Manufacturing,29,500000.0,440752.17,11.85,0,0,64515.76,63.34,1
B200736,it,38,500000.0,389317.29,22.14,1,1,79462.62,68.11,1
B207466,Retail,39,500000.0,423561.77,15.29,1,0,65332.16,52.29,0
B201994,Food,22,500000.0,347552.56,30.49,1,0,39832.92,41.01,0
B203393,Retail,26,500000.0,403641.46,19.27,0,0,74477.96,58.93,0
B200382,,18,500000.0,337513.98,32.5,1,0,79028.58,48.46,0
B203328,,31,500000.0,414927.64,17.01,0,0,23265.16,53.5,0
B204914,Manufacturing,49,500000.0,339570.92,32.09,1,0,81232.19,52.76,0
B208793,services,17,500000.0,391508.77,21.7,0,0,118215.71,50.36,0
B208624,Services,3,500000.0,350675.31,29.86,1,0,77820.88,43.9,0
B202841,Food,6,3426119.18,402334.96,19.53,1,0,75579.41,52.52,0
B204022,Manufacturing,54,500000.0,335781.81,32.84,1,0,124253.96,45.49,0
B204812,Retail,25,500000.0,381837.07,23.63,0,0,73080.22,51.8,0
B204163,Services,4,500000.0,389412.47,22.12,0,0,48122.24,54.31,0
B207815,Food,19,500000.0,1950695.79,25.57,1,0,54355.78,54.96,0
B203622,Retail,26,500000.0,394198.15,21.16,0,0,85137.45,49.87,0
B200903,Services,17,500000.0,354787.33,29.04,0,0,112522.18,42.96,0
B202974,Retail,42,593792.27,452333.98,23.82,0,0,56401.01,45.58,0
B201334,Healthcare,32,659621.53,463401.66,29.75,0,0,779528.19,48.77,0
B205438,Retail,31,2145068.47,420968.45,15.81,1,1,55758.14,68.07,1
B200572,Services,3,500000.0,377399.12,24.52,0,0,106792.12,47.73,0
B206376,Services,34,500000.0,374971.34,25.01,1,0,24164.42,48.66,0
B203532,Services,29,500000.0,389688.74,22.06,0,0,85791.95,55.41,0
B202691,Services,23,632768.78,460275.47,27.26,0,0,100155.37,60.14,1
B205198,Retail,53,500000.0,404638.07,19.07,1,0,61972.23,60.83,1
B205126,Services,22,500000.0,339691.86,32.06,0,0,92460.13,50.58,0
B207213,Food,25,500000.0,395717.22,20.86,0,0,76700.96,46.56,0
B203156,Manufacturing,61,500000.0,376197.32,24.76,0,0,84663.96,48.27,0
B208865,Retail,40,500000.0,401490.98,19.7,1,0,94969.34,49.84,0
B202033,,3,500000.0,386373.85,22.73,1,0,78817.1,50.09,0
B200219,Food,3,500000.0,403455.44,19.31,0,0,83302.07,54.16,0
B209764,Retail,20,500000.0,393711.95,21.26,0,0,23576.62,56.69,0
B205764,Food,12,500000.0,397879.98,20.42,0,0,68345.94,52.13,0
B207910,Manufacturing,48,500000.0,376801.01,24.64,1,0,89162.94,47.78,0
B207967,Manufacturing,59,500000.0,385640.85,22.87,0,0,86359.52,46.91,0
B202659,Services,15,500000.0,306434.51,38.71,0,0,113047.85,45.75,0
B201106,Food,3,500000.0,350196.66,29.96,1,0,114249.22,50.87,0
B209141,Services,7,500000.0,347356.63,30.53,0,0,150727.82,46.15,0
B201882,Manufacturing,28,500000.0,453558.98,9.29,1,0,43468.12,60.23,1
B207548,Healthcare,16,500000.0,371780.72,25.64,1,0,79328.41,52.47,0
B201624,Manufacturing,35,500000.0,380882.28,23.82,0,0,53683.43,56.86,0
B206638,Services,11,500000.0,341390.79,31.72,0,0,25955.51,52.05,0
B205479,Services,29,500000.0,320773.58,35.85,0,0,131605.51,45.86,0
B209846,Services,15,500000.0,419546.17,16.09,0,0,77013.54,59.44,0
B207609,Healthcare,19,500000.0,354621.28,29.08,1,0,99317.08,40.33,0
B205545,Food,21,500000.0,454256.57,9.15,1,0,68136.11,54.27,0
B200933,Services,27,500000.0,397990.28,20.4,1,0,64837.1,50.96,0
B207081,Retail,31,500000.0,447722.2,10.46,0,0,63974.11,54.78,0
B200944,Retail,18,500000.0,393887.2,21.22,0,0,96249.95,49.11,0
B208178,IT,16,500000.0,346589.24,30.68,0,0,92843.87,49.17,0
B207943,Manufacturing,46,500000.0,389851.51,22.03,0,0,62874.57,50.03,0
B203511,Manufacturing,54,500000.0,390763.79,21.85,0,0,65483.13,44.46,0
B208182,,18,500000.0,398420.26,20.32,0,0,519590.28,46.36,0
B200507,Retail,36,500000.0,422829.94,15.43,1,1,58439.86,69.16,1
B207498,Retail,29,500000.0,458295.88,8.34,0,0,38094.57,52.67,0
B205725,Services,22,500000.0,360311.62,27.94,1,0,79370.92,53.88,0
B203778,Retail,38,500000.0,431297.76,13.74,0,0,52741.31,51.67,0
B206099,Services,20,500000.0,356246.4,,1,0,65439.26,46.45,0
B201764,Healthcare,18,500000.0,403389.68,19.32,0,0,59869.86,59.31,0
B202697,Retail,39,500000.0,434479.14,13.1,1,0,75181.51,52.01,0
B208273,Retail,15,500000.0,409004.04,18.2,0,0,67499.02,46.2,0
B209310,Retail,44,500000.0,477094.27,4.58,0,0,22850.73,57.67,0
B203987,,28,500000.0,407207.59,18.56,1,0,53345.93,57.81,0
B202346,Manufacturing,64,500000.0,418573.3,16.29,1,0,50093.54,51.5,0
B205457,Retail,37,500000.0,433545.19,13.29,0,0,52322.13,63.57,1
B203534,Services,3,500000.0,447652.34,10.47,0,0,68610.58,56.74,0
B206317,IT,19,500000.0,371019.76,25.8,0,0,90690.24,43.5,0
B203910,Services,24,500000.0,1895593.22,29.99,0,0,,41.38,0
B201114,Healthcare,17,500000.0,419578.72,16.08,0,0,59732.23,47.64,0
B204868,Food,26,500000.0,357390.3,28.52,0,0,139165.38,37.49,0
B205791,IT,20,500000.0,410527.16,17.89,0,0,29957.06,49.31,0
B208579,Manufacturing,69,500000.0,358003.75,28.4,0,0,66919.51,52.88,0
B203544,Retail,25,500000.0,476060.2,,1,0,76277.55,51.06,0
B207437,Manufacturing,58,500000.0,349867.92,,1,0,85617.97,42.63,0
B204505,Services,10,557202.61,430512.87,22.74,0,0,158559.43,52.65,0
B201862,Healthcare,42,500000.0,385256.46,22.95,0,0,100915.67,51.47,0
B203388,Retail,16,500000.0,439097.85,12.18,1,0,63595.33,45.56,0
B203585,Healthcare,23,500000.0,385660.03,22.87,1,0,95195.09,56.77,0
B205652,Retail,28,2842001.66,466064.17,8.22,1,0,50492.75,55.58,0
B203401,Services,6,500000.0,396603.22,20.68,1,0,80167.66,54.93,0
B200251,Services,9,500000.0,418160.15,16.37,0,0,74537.03,51.21,0
B209525,IT,38,500000.0,354499.6,29.1,0,0,129973.81,52.67,0
B209921,healthcare,15,500000.0,407470.15,18.51,0,0,30206.68,52.99,0
B209569,IT,34,500000.0,393445.91,21.31,0,0,85724.24,50.56,0
B208508,Retail,37,500000.0,422870.79,15.43,0,0,67210.18,60.54,1
B200698,Food,24,500000.0,401711.03,19.66,1,0,57910.96,46.0,0
B207892,Services,18,500000.0,364291.47,27.14,0,0,64027.45,45.12,0
B202035,Food,23,500000.0,383417.51,23.32,0,0,80799.46,56.92,0
B206572,Manufacturing,41,980213.37,719516.15,26.6,1,0,131497.14,45.49,0
B208942,IT,3,500000.0,371877.17,25.62,0,0,129603.74,48.53,0
B202632,Retail,6,500000.0,422236.93,15.55,0,0,71298.49,46.43,0
B200227,Food,26,500000.0,395000.36,21.0,0,0,80957.45,52.09,0
B206137,Manufacturing,46,500000.0,446974.28,10.61,1,0,57248.85,51.09,0
B202271,Retail,40,500000.0,364073.43,27.19,0,0,89524.34,48.59,0
B204909,Retail,19,500000.0,445092.78,10.98,0,0,31229.88,58.19,0
B201584,Services,28,500000.0,407452.82,18.51,1,0,73417.39,50.72,0
B203400,Services,14,500000.0,357339.83,28.53,1,0,102662.87,41.15,0
B200205,IT,14,500000.0,381984.84,23.6,1,0,90450.46,48.48,0
B209113,Manufacturing,46,503481.78,416410.12,17.29,1,0,72969.87,58.3,0
B206473,Food,19,500000.0,404402.44,19.12,1,0,,48.69,0
B208066,Manufacturing,62,500000.0,378540.61,24.29,0,0,111613.52,53.9,0
B203767,Services,25,618180.2,502938.29,18.64,1,0,131338.44,56.34,0
B207307,Manufacturing,38,500000.0,426812.49,14.64,0,0,60823.2,59.47,0
B204979,Food,22,500000.0,409739.87,18.05,0,0,95858.99,51.85,0
B201000,Retail,15,500000.0,417688.71,16.46,0,0,96879.49,49.5,0
B205304,Services,13,500000.0,391728.66,21.65,1,0,116341.07,52.49,0
B205761,Retail,37,500000.0,371773.43,25.65,0,0,88657.45,55.66,0
B201093,Services,23,500000.0,382753.76,23.45,0,0,44735.63,59.31,0
B204656,Services,20,500000.0,385316.61,22.94,0,0,87452.64,50.72,0
B204959,,10,500000.0,380022.29,24.0,0,0,100801.16,61.12,1
B203768,Food,3,500000.0,414738.92,17.05,1,1,74701.54,73.68,1
B204531,Retail,26,500000.0,434095.36,13.18,1,0,43371.0,41.2,0
B207672,IT,19,500000.0,364545.68,27.09,0,0,109384.21,47.89,0
B204661,Manufacturing,46,500000.0,376714.87,24.66,1,0,661737.81,47.92,0
B202088,Retail,33,3101754.14,450450.36,9.91,0,0,40311.61,58.82,0
B202426,Retail,28,500000.0,2724296.62,19.53,0,0,55001.02,47.92,0
B209106,,25,500000.0,421551.83,15.69,0,0,57030.55,55.99,0
B205853,Retail,34,500000.0,408023.13,18.4,0,0,79051.3,51.0,0
B209362,Services,16,500000.0,353037.78,29.39,0,0,61819.2,49.01,0
B201718,Healthcare,12,500000.0,385968.89,,1,0,358037.15,47.34,0
B207748,Retail,36,500000.0,373226.82,25.35,1,0,88013.8,56.37,0
B203103,Retail,21,500000.0,409679.09,18.06,1,0,39860.56,56.37,0
B200578,Manufacturing,43,500000.0,350031.94,29.99,0,0,96538.47,48.75,0
B201687,Food,17,500000.0,367652.11,,0,0,131972.57,47.1,0
B203717,Services,12,500000.0,395915.36,20.82,0,0,106374.76,59.39,0
B201633,Services,10,520597.67,366600.84,29.58,1,0,77239.36,45.83,0
B209592,Manufacturing,48,500000.0,391362.99,21.73,0,0,97239.37,41.74,0
B201410,Food,14,533818.08,445864.45,16.48,0,0,72958.68,53.18,0
B206158,Retail,33,500000.0,456236.0,8.75,1,1,56809.17,75.85,1
B201083,Manufacturing,33,500000.0,463949.5,7.21,0,0,77516.09,55.09,0
B204266,Manufacturing,53,500000.0,426550.97,14.69,0,0,64197.47,58.24,0
B206204,IT,14,500000.0,353841.6,29.23,0,0,123269.08,51.57,0
B209218,Services,16,500000.0,388292.15,22.34,0,0,71152.37,53.37,0
B205636,Food,4,500000.0,384049.51,,0,0,106318.19,42.83,0
B209377,Manufacturing,32,500000.0,370655.69,25.87,0,0,103244.16,51.4,0
B200302,Food,35,3102632.47,357669.42,28.47,1,0,64447.64,45.66,0
B209734,,49,500000.0,452577.72,9.48,0,0,37676.92,57.43,0
B209831,Retail,29,500000.0,428535.63,14.29,0,0,45363.76,53.75,0
B200069,Services,5,500000.0,360345.17,27.93,0,0,89632.5,52.5,0
B201925,Food,14,500000.0,394966.19,21.01,0,0,36608.22,47.58,0
B201029,Manufacturing,60,500000.0,456353.85,8.73,0,0,66320.5,58.49,0
B209187,Manufacturing,44,500000.0,386456.11,22.71,0,0,80713.1,55.07,0
B202559,Manufacturing,47,500000.0,414040.26,17.19,0,0,55450.02,54.77,0
B200923,Services,37,500000.0,401424.08,19.72,0,0,57212.61,50.55,0
B202663,Retail,45,500000.0,416109.92,16.78,0,0,75401.51,46.99,0
B205336,Services,33,500000.0,309979.07,38.0,1,0,42639.98,43.71,0
B207865,Food,11,500000.0,434809.42,13.04,0,0,58890.76,56.47,0
B202745,Manufacturing,44,500000.0,397936.14,20.41,0,0,84741.12,46.92,0
B200329,Retail,41,500000.0,393246.42,21.35,0,0,70411.9,51.05,0
B207761,Services,31,500000.0,326466.68,34.71,0,0,110331.31,38.41,0
B201922,Healthcare,20,500000.0,394168.76,21.17,0,0,,57.04,0
B207349,Manufacturing,38,500000.0,364134.83,27.17,1,0,50998.61,54.36,0
B207021,Food,14,570089.13,475901.78,16.52,0,0,34865.33,57.49,0
B205507,Services,3,621754.13,502386.78,19.2,0,0,116115.06,58.38,0
B204315,Retail,25,500000.0,400167.54,19.97,1,0,42799.01,55.36,0
B207922,Manufacturing,40,500000.0,354810.63,29.04,1,0,132371.11,47.17,0
B207094,Food,37,500000.0,400532.18,19.89,0,0,64153.51,59.71,0
B200156,Services,18,500000.0,410006.27,18.0,0,0,47573.63,56.97,0
B206601,Retail,10,500000.0,409311.85,18.14,1,0,72248.79,55.84,0
B201323,Food,27,500000.0,370722.81,25.86,1,0,72114.9,51.12,0
B202608,Healthcare,13,500000.0,407446.32,18.51,0,0,87503.66,48.69,0
B203537,IT,10,500000.0,316067.06,36.79,0,0,66519.39,43.17,0
B209173,Services,22,500000.0,329497.86,34.1,0,0,,42.91,0
B206045,Retail,43,500000.0,427060.22,14.59,1,0,57243.3,58.84,0
B209903,Healthcare,21,500000.0,370012.78,26.0,1,0,47061.17,52.4,0
B205585,Services,18,500000.0,318426.2,36.31,0,0,118920.16,48.97,0
B203429,Retail,21,500000.0,432589.73,13.48,0,0,51255.93,60.99,1
B209889,it,36,500000.0,360016.99,28.0,0,0,100189.82,52.79,0
B204841,Healthcare,29,500000.0,423469.31,15.31,0,0,59755.41,55.23,0
B208143,Food,23,500000.0,449783.12,10.04,1,0,85424.37,58.53,0
B209203,Retail,21,500000.0,357227.24,28.55,1,0,105488.24,55.28,0
B207357,Healthcare,7,500000.0,405102.78,18.98,1,0,95289.03,53.83,0
B203644,Manufacturing,63,500000.0,374732.55,,0,0,89221.47,47.69,0
B207703,Manufacturing,53,500000.0,356597.43,28.68,1,1,75106.67,56.95,0
B200406,IT,40,3105577.71,1842799.82,24.43,0,0,34101.54,50.63,0
B207147,Food,19,500000.0,367291.14,26.54,0,0,44706.74,51.19,0
B204342,Food,24,500000.0,422526.84,15.49,0,0,18125.94,56.15,0
B202755,Manufacturing,49,500000.0,378419.79,24.32,1,1,59759.69,64.96,1
B203720,Services,19,500000.0,328188.54,34.36,1,0,,42.62,0
B207324,Retail,29,500000.0,452022.5,9.6,0,0,46432.53,53.95,0
B203808,Manufacturing,40,500000.0,362074.38,27.59,0,0,52367.12,50.07,0
B207954,IT,16,500000.0,320949.72,35.81,1,1,85954.84,58.14,0
B208145,Retail,16,500000.0,412193.36,17.56,1,1,58750.1,65.98,1
B206072,Food,10,500000.0,426225.23,14.75,1,0,65111.58,56.09,0
B207416,Manufacturing,47,500000.0,392260.88,21.55,0,0,76803.11,48.44,0
B201782,Food,16,500000.0,386665.63,22.67,0,0,94328.34,48.2,0
B201814,Manufacturing,47,1280586.39,1042334.43,18.6,1,0,243846.28,53.03,0
B207217,Healthcare,13,500000.0,429540.4,14.09,0,0,72073.79,53.52,0
B206890,Retail,33,1783474.39,424929.16,15.01,0,0,66209.22,44.64,0
B202952,Manufacturing,50,500000.0,366290.78,26.74,0,0,112437.14,48.25,0
B200629,Services,10,500000.0,395756.17,20.85,0,0,,56.05,0
B200349,Retail,31,500000.0,414640.12,17.07,1,0,42904.18,58.04,0
B206471,IT,4,500000.0,391319.62,21.74,0,0,82132.08,52.95,0
B203053,Manufacturing,51,500000.0,435753.3,12.85,1,0,30344.75,58.49,0
B203484,Services,24,500000.0,366811.05,26.64,0,0,90536.07,46.98,0
B206253,Food,35,500000.0,375900.92,24.82,0,0,128476.17,55.61,0
B206328,Services,32,500000.0,365488.94,26.9,0,0,48262.75,37.59,0
B200243,Healthcare,19,500000.0,390846.9,21.83,0,0,44109.18,60.46,1
B204328,Services,23,500000.0,374220.64,25.16,0,0,90929.91,54.8,0
B201256,Healthcare,13,500000.0,400340.25,19.93,0,0,66564.45,47.47,0
B207012,Manufacturing,51,500000.0,396401.32,20.72,1,0,66903.76,48.12,0
B203527,Manufacturing,42,500000.0,406141.71,18.77,0,0,81304.35,42.58,0
B206639,Healthcare,19,500000.0,365396.86,26.92,1,1,109396.07,65.67,1
B209026,Retail,22,500000.0,411449.17,17.71,0,0,44374.92,56.32,0
B206912,Retail,29,500000.0,459928.9,8.01,0,0,54279.59,56.94,0
B204797,Manufacturing,41,500000.0,361721.41,27.66,1,1,76086.3,61.53,1
B201647,Services,12,500000.0,383702.77,,0,0,44122.5,50.02,0
B209590,Services,4,500000.0,397386.06,20.52,1,0,70517.48,51.71,0
B204925,Retail,25,500000.0,390856.59,21.83,0,0,59713.34,50.08,0
B205540,Food,18,500000.0,337893.79,32.42,1,1,149853.08,66.98,1
B207842,Manufacturing,51,500000.0,438792.63,12.24,0,0,34552.09,58.23,0
B202381,Food,4,500000.0,426204.66,14.76,0,0,53848.56,51.72,0
B205210,Manufacturing,51,500000.0,375479.5,24.9,0,0,101836.9,53.77,0
B203169,IT,31,500000.0,384631.81,23.07,1,1,52193.83,66.94,1
B201639,,54,500000.0,359268.22,,0,0,91431.49,51.29,0
B207585,Healthcare,40,500000.0,393455.73,21.31,0,0,444201.04,52.93,0
B204278,Services,32,500000.0,352583.64,29.48,0,0,92181.32,48.49,0
B203162,Services,20,500000.0,381762.18,23.65,0,0,90322.51,38.24,0
B205071,Food,11,500000.0,388476.88,22.3,1,0,92802.66,46.56,0
B205834,,49,500000.0,414196.32,17.16,1,0,84982.3,47.41,0
B201780,Services,38,500000.0,353352.53,29.33,0,0,70041.95,45.3,0
B202939,Healthcare,12,500000.0,373331.57,25.33,1,0,83917.44,42.2,0
B200361,Retail,35,500000.0,446240.08,10.75,0,0,52473.44,64.98,1
B206496,Healthcare,21,500000.0,394028.77,21.19,0,0,53259.81,44.67,0
B205997,Food,39,500000.0,420559.12,15.89,0,0,77741.68,51.88,0
B209443,IT,16,500000.0,331237.16,33.75,0,0,118017.27,42.54,0
B202447,Food,40,500000.0,399464.35,20.11,0,0,76167.08,49.38,0
B206832,Retail,54,500000.0,428367.45,14.33,1,0,89125.25,51.84,0
B205254,Food,8,500000.0,387627.11,22.47,1,0,50912.92,48.83,0
B207571,services,3,500000.0,357011.53,28.6,0,0,57294.09,46.16,0
B205505,Manufacturing,52,853231.77,586760.31,31.23,1,0,123100.14,44.27,0
B201412,Services,28,500000.0,418491.31,16.3,0,0,65661.26,59.42,0
B205816,Services,37,500000.0,1410684.59,23.45,0,0,14322.82,46.88,0
B204435,Retail,45,500000.0,386634.08,22.67,0,0,52073.28,50.54,0
B209024,Retail,12,500000.0,387246.36,22.55,0,0,100049.05,48.48,0
B200879,Healthcare,15,1603569.92,415556.38,16.89,1,0,73123.54,50.09,0
B209843,IT,9,718597.51,508369.21,29.26,0,0,98536.64,43.67,0
B203009,Retail,39,500000.0,403001.9,19.4,1,0,,58.27,0
B202227,Manufacturing,51,500000.0,409373.06,18.13,1,0,78453.24,50.11,0
B209488,Retail,49,500000.0,436532.4,12.69,1,0,99482.78,49.01,0
B200114,Services,35,500000.0,426742.33,14.65,0,0,50942.32,59.73,0
B204836,Services,21,500000.0,390051.73,,0,0,78169.88,52.47,0
B200710,Manufacturing,49,743588.7,559186.96,,0,0,128396.31,48.98,0
B206498,it,7,500000.0,398553.47,20.29,1,0,95243.55,56.83,0
B207270,IT,36,500000.0,429199.68,14.16,0,0,68944.11,50.98,0
B207569,Retail,20,500000.0,419698.27,16.06,0,0,35557.2,53.44,0
B203038,Retail,34,500000.0,444106.37,11.18,0,0,32762.24,57.5,0
B206859,Services,35,500000.0,2277672.1,25.44,0,0,70347.01,51.7,0
B202934,Manufacturing,45,500000.0,388053.91,22.39,0,0,114503.43,54.05,0
B206534,Healthcare,19,591610.4,384735.64,34.97,0,0,33955.2,51.24,0
B203970,Retail,21,500000.0,428820.82,14.24,1,0,75042.59,43.9,0
B201307,Services,13,500000.0,343441.73,31.31,0,0,74039.63,49.83,0
B200481,Retail,42,500000.0,391792.63,21.64,0,0,89616.47,45.89,0
B209370,Retail,22,3121185.75,439568.67,12.09,1,0,48018.38,56.01,0
B201768,Manufacturing,47,500000.0,389257.82,22.15,0,0,92493.38,58.75,0
B203252,Services,14,500000.0,318666.57,36.27,1,0,113236.55,46.35,0
B205568,Manufacturing,43,500000.0,341597.93,31.68,1,1,606204.14,61.32,1
B206422,Services,3,500000.0,376731.76,24.65,0,0,72805.77,51.97,0
B207122,Retail,41,500000.0,390537.13,21.89,0,0,58273.75,59.03,0
B207242,Healthcare,28,500000.0,392843.33,21.43,0,0,70401.33,53.42,0
B207745,Retail,50,500000.0,408367.62,18.33,0,0,70532.64,51.6,0
B206611,,37,500000.0,354420.43,29.12,1,0,98107.87,56.89,0
B204518,Manufacturing,46,500000.0,393163.04,21.37,0,0,55141.23,56.83,0
B205908,,25,500000.0,357090.35,28.58,0,0,121398.87,41.7,0
B205645,IT,23,500000.0,369594.27,26.08,0,0,70758.86,53.5,0
B206545,IT,28,576852.16,383792.5,33.47,1,0,155683.69,48.75,0
B202300,Retail,35,500000.0,424380.29,15.12,0,0,64469.49,60.48,1
B204429,Healthcare,17,500000.0,371772.83,25.65,0,0,125461.69,53.68,0
B205383,Manufacturing,41,500000.0,400982.75,,1,0,65057.56,43.96,0
B200225,Manufacturing,52,500000.0,415949.6,16.81,1,0,52003.96,58.87,0
B209881,retail,33,500000.0,440689.21,11.86,1,0,80654.91,47.43,0
B205260,Retail,31,514329.44,415078.23,19.3,0,0,,46.91,0
B206782,Services,3,500000.0,353317.36,29.34,1,0,64895.46,48.14,0
B207519,Manufacturing,18,500000.0,364437.06,27.11,0,0,65332.76,42.99,0
B201651,Services,10,603298.32,455969.78,24.42,0,0,144673.28,49.04,0
B207055,Food,43,500000.0,357100.99,28.58,0,0,64791.37,53.61,0
B200898,Manufacturing,66,500000.0,383419.62,23.32,1,0,74134.79,60.7,1
B207917,Manufacturing,30,500000.0,388186.23,22.36,0,0,80859.2,54.5,0
B206417,Services,24,500000.0,388691.12,22.26,0,0,83649.89,45.39,0
B201424,nan,47,1524448.46,433147.56,13.37,0,0,41178.6,64.2,1
B208986,Healthcare,17,527096.11,443753.08,15.81,0,0,45642.45,56.84,0
B200865,Food,39,500000.0,360394.11,27.92,0,0,47365.21,42.32,0
B205562,IT,30,532599.58,375078.84,29.58,0,0,94546.09,48.87,0
B206186,Services,26,500000.0,385903.41,22.82,0,0,83870.17,55.5,0
B206554,Food,35,500000.0,433468.33,13.31,0,0,56656.35,53.89,0
B209040,Services,34,634512.02,453903.76,28.46,0,0,113483.29,55.98,0
B209012,Retail,43,500000.0,405859.28,18.83,1,0,108480.73,49.42,0
B202913,,7,500000.0,330220.2,33.96,1,0,120362.56,46.5,0
B209567,Retail,33,500000.0,421836.54,,0,0,84714.11,44.46,0
B206537,Healthcare,30,500000.0,433745.33,13.25,0,0,43146.6,53.23,0
B204076,Retail,43,500000.0,428143.94,14.37,0,0,73446.18,45.69,0
B201174,Retail,18,500000.0,433254.2,13.35,0,0,67276.97,53.11,0
B201388,Retail,14,500000.0,383508.68,23.3,0,0,87545.94,44.13,0
B201435,IT,29,500000.0,292613.29,41.48,1,0,182051.9,44.08,0
B204998,Retail,32,500000.0,416822.42,16.64,1,0,61701.0,55.92,0
B205551,Food,6,500000.0,370256.92,25.95,0,0,55411.63,53.99,0
B206622,Healthcare,32,656773.68,475420.73,27.61,0,0,43725.03,45.21,0
B209344,Healthcare,23,500000.0,396508.91,,0,0,59121.8,47.69,0
B200354,Food,24,500000.0,382090.17,23.58,0,0,85735.58,52.79,0
B209551,IT,21,500000.0,365229.24,26.95,0,0,47716.11,57.75,0
B200915,IT,34,779410.21,515429.92,33.87,1,0,145804.17,42.01,0
B204807,Food,26,504192.41,406787.97,19.32,0,0,65781.4,39.09,0
B209652,Healthcare,19,500000.0,407376.02,18.52,0,0,64980.04,48.75,0
B203188,Manufacturing,40,500000.0,2318335.54,26.34,0,0,83228.08,55.84,0
B204611,Retail,36,500000.0,413969.3,17.21,0,0,66627.49,55.55,0
B205367,IT,42,500000.0,357477.38,28.5,0,0,95275.61,56.38,0
B208745,Food,22,500000.0,394709.37,21.06,0,0,89231.64,44.4,0
B207060,Retail,24,500000.0,379858.41,24.03,0,0,72690.94,45.67,0
B209186,Manufacturing,47,500000.0,393942.95,,0,0,64857.56,49.47,0
B200067,Healthcare,3,500000.0,407706.04,18.46,0,0,79457.42,61.44,1
B200699,Manufacturing,66,500000.0,363739.37,27.25,1,0,76037.07,52.35,0
B202297,Healthcare,15,546436.82,454102.87,16.9,1,1,39848.85,71.29,1
B202043,Food,22,500000.0,406072.64,18.79,1,0,57940.63,62.99,1
B203422,Retail,16,500000.0,418184.16,16.36,0,0,64668.91,50.53,0
B206237,Healthcare,10,500000.0,335057.27,32.99,0,0,,43.68,0
B209626,Manufacturing,48,500000.0,407546.47,18.49,1,0,67586.5,52.3,0
B208863,Retail,34,500000.0,469350.35,6.13,0,0,28358.88,59.92,0
B206703,Manufacturing,43,500000.0,376561.45,24.69,0,0,248797.73,45.06,0
B205123,Retail,20,500000.0,440660.56,11.87,0,0,28691.8,65.16,1
B204919,Retail,14,500000.0,396779.95,20.64,0,0,87804.47,62.84,1
B201011,Retail,42,500000.0,387626.98,22.47,0,0,88791.39,52.13,0
B209827,Food,18,500000.0,407696.48,18.46,0,0,77791.05,49.4,0
B205511,Food,23,500000.0,347405.48,30.52,0,0,63255.29,44.3,0
B205682,Services,18,500000.0,359374.81,28.13,0,0,106925.15,45.13,0
B205396,Manufacturing,49,557756.59,472249.88,15.33,0,0,46743.25,45.07,0
B204771,IT,20,500000.0,336987.84,32.6,1,0,105652.09,47.56,0
B207507,Healthcare,5,500000.0,357604.28,28.48,0,0,103447.9,48.9,0
B207775,Manufacturing,52,500000.0,393193.01,21.36,1,0,72273.36,50.71,0
B202721,IT,10,500000.0,301242.4,39.75,1,0,102536.7,40.84,0
B203565,Services,9,500000.0,370474.65,25.91,0,0,64829.28,49.25,0
B209905,IT,16,500000.0,369300.21,26.14,0,0,66318.79,40.71,0
B209538,Services,3,500000.0,421171.73,15.77,0,0,56559.7,60.23,1
B206472,Retail,29,500000.0,383060.67,23.39,1,0,85992.63,47.25,0
B201841,Services,16,500000.0,383419.24,23.32,1,0,268131.45,53.0,0
B202656,,4,500000.0,379630.45,24.07,0,0,78942.82,51.09,0
B202159,Healthcare,11,500000.0,396535.15,,0,0,65612.89,55.66,0
B205667,Healthcare,16,500000.0,420901.4,15.82,0,0,69709.7,60.16,1
B207993,Retail,44,500000.0,437118.31,12.58,0,0,47301.01,59.71,0
B207605,Manufacturing,28,500000.0,410669.47,17.87,0,0,58674.37,58.97,0
B206063,Food,28,500000.0,360086.37,27.98,0,0,99791.77,46.12,0
B208218,Retail,34,500000.0,401660.0,19.67,0,0,29069.56,58.93,0
B204244,Retail,12,500000.0,419023.5,,0,0,75875.25,57.14,0
B208830,Healthcare,3,500000.0,406794.49,18.64,1,1,51968.19,75.55,1
B207344,food,21,500000.0,425646.57,14.87,0,0,44314.1,64.77,1
B206519,retail,22,500000.0,464071.68,7.19,0,0,140094.62,56.53,0
B201952,Manufacturing,25,699547.14,543633.53,22.29,0,0,599338.39,41.37,0
B204626,it,12,500000.0,375964.75,24.81,0,0,68411.41,40.62,0
B205082,Retail,32,500000.0,382898.08,,0,0,79605.58,51.03,0
B200682,Healthcare,15,500000.0,329286.79,34.14,0,0,110570.9,43.69,0
B200189,Services,29,500000.0,369521.0,26.1,0,0,78025.28,43.63,0
B209300,Services,22,500000.0,419616.81,16.08,0,0,89597.43,58.99,0
B200785,Retail,81,500000.0,399760.56,20.05,0,0,65710.23,53.14,0
B200763,IT,9,500000.0,322257.2,35.55,0,0,118382.8,42.48,0
B200766,Healthcare,10,500000.0,1741291.1,15.59,0,0,60860.89,50.19,0
B201822,Food,9,500000.0,409647.91,18.07,1,0,75403.81,55.02,0
B208569,Services,16,500000.0,337426.16,32.51,1,0,135173.58,42.09,0
B201941,IT,11,500000.0,348492.66,30.3,0,0,34748.99,51.61,0
B208928,Retail,22,500000.0,472248.95,5.55,1,0,67597.94,67.62,1
B208219,Manufacturing,40,500000.0,370558.29,,0,0,75715.95,47.51,0
B201893,Retail,27,500000.0,372200.28,,0,0,91395.56,53.68,0
B201729,Food,14,500000.0,408783.6,18.24,0,0,93674.53,58.66,0
B207493,Manufacturing,40,500000.0,384430.63,23.11,0,0,54890.97,47.73,0
B201292,Retail,21,500000.0,378583.4,24.28,1,1,84118.5,68.09,1
B203172,Healthcare,11,500000.0,389220.34,22.16,0,0,83485.56,48.35,0
B209207,Food,33,500000.0,389474.93,22.11,0,0,45440.46,48.68,0
B200358,,11,587779.17,460187.62,21.71,1,1,84833.94,56.12,0
B206614,Healthcare,6,500000.0,441796.46,,1,0,50110.69,59.23,0
B207615,Services,32,500000.0,413649.26,17.27,0,0,88817.69,49.01,0
B204087,Manufacturing,41,500000.0,368026.67,26.39,0,0,45616.03,45.39,0
B203641,Food,28,500000.0,340725.87,31.85,0,0,104204.66,45.37,0
B208843,Manufacturing,42,500000.0,336751.85,32.65,0,0,90924.83,47.39,0
B207531,Services,13,500000.0,332482.11,33.5,0,0,131949.09,43.89,0
B202340,Food,15,500000.0,404702.25,19.06,0,0,50621.37,62.15,1
B204421,Food,3,500000.0,1916845.91,,0,0,56709.03,56.91,0
B204129,Manufacturing,36,500000.0,356103.9,28.78,0,0,67866.09,38.79,0
B204425,Healthcare,31,500000.0,408628.16,18.27,0,0,393462.91,55.16,0
B206146,Services,10,500000.0,382541.86,23.49,0,0,124663.11,57.69,0
B208955,Food,22,500000.0,378383.41,24.32,0,0,,51.81,0
B209851,IT,45,500000.0,323546.34,35.29,0,0,154045.33,44.6,0
B205624,Healthcare,27,500000.0,2611022.32,20.23,0,0,106492.22,49.66,0
B209008,Healthcare,22,500000.0,372603.14,25.48,1,0,94923.01,51.52,0
B207726,Services,32,500000.0,402651.71,19.47,1,0,56038.61,50.94,0
B202783,Manufacturing,55,866280.08,575071.83,33.62,1,1,202631.24,72.02,1
B207446,IT,33,500000.0,325812.49,34.84,0,0,96568.35,35.01,0
B205632,Services,22,500000.0,381326.03,23.73,1,0,91390.41,51.57,0
B205983,IT,28,500000.0,357959.97,28.41,0,0,66555.06,49.72,0
B202230,Food,35,500000.0,374581.46,25.08,1,0,48355.97,43.66,0
B201386,Healthcare,21,500000.0,406922.12,18.62,0,0,94080.37,48.88,0
B209705,Manufacturing,37,500000.0,395287.51,20.94,1,0,51394.05,40.03,0
B209977,Manufacturing,23,500000.0,383117.17,23.38,0,0,91491.64,44.38,0
B202156,Retail,31,500000.0,369542.57,26.09,0,0,72846.13,55.7,0
B204461,Manufacturing,39,500000.0,433632.85,13.27,0,0,80133.03,48.62,0
B202298,Healthcare,37,500000.0,375439.12,24.91,1,0,64939.95,49.17,0
B204782,Retail,33,500000.0,400581.12,19.88,1,0,74264.17,55.29,0
B208704,Retail,26,500000.0,442963.26,11.41,0,0,34958.58,58.15,0
B205357,Food,11,500000.0,399726.1,20.05,0,0,86436.97,65.17,1
B209298,,12,500000.0,364970.84,27.01,1,0,250988.46,56.2,0
B207620,Healthcare,25,500000.0,383539.36,,0,0,54490.13,39.81,0
B203714,Retail,29,500000.0,437887.88,12.42,1,0,66818.86,60.68,1
B202884,IT,12,500000.0,358010.22,28.4,0,0,56760.8,50.42,0
B206774,Healthcare,20,500000.0,389185.95,22.16,0,0,61310.78,55.57,0
B208274,IT,3,988328.9,841605.37,14.85,0,0,149786.11,60.15,1
B205501,Services,25,500000.0,374065.1,25.19,0,0,76456.32,40.46,0
B204788,Retail,25,500000.0,389817.61,22.04,0,0,80871.72,49.37,0
B202795,Manufacturing,63,500000.0,397595.23,20.48,0,0,95116.92,47.27,0
B207092,Food,22,500000.0,362385.64,27.52,1,0,529997.74,38.37,0
B200726,Retail,32,500000.0,408957.41,18.21,1,0,46001.23,54.87,0
B209867,IT,32,500000.0,349670.33,30.07,0,0,72692.13,50.91,0
B203457,Services,16,556635.37,410621.96,26.23,0,0,74523.23,43.05,0
B208900,Manufacturing,46,500000.0,422345.69,15.53,1,0,53448.15,51.59,0
B205549,Manufacturing,27,656414.62,488793.27,25.54,0,0,116288.44,48.54,0
B206020,Retail,41,500000.0,415200.87,16.96,1,0,76554.9,57.28,0
B204146,Services,22,500000.0,339312.33,,0,0,112990.34,49.09,0
B206337,Services,42,500000.0,363733.39,27.25,0,0,84219.35,37.66,0
B202804,Manufacturing,56,500000.0,359051.33,28.19,0,0,93522.43,50.55,0
B209243,Healthcare,24,500000.0,400289.21,19.94,0,0,60534.86,53.94,0
B205859,Services,9,500000.0,371336.75,25.73,0,0,37502.58,52.98,0
B203042,Services,48,500000.0,390187.07,21.96,0,0,112216.98,51.69,0
B208329,Retail,26,500000.0,379073.62,24.19,0,0,,50.97,0
B209828,IT,22,500000.0,381188.22,23.76,1,0,61914.94,42.04,0
B206083,IT,12,1968941.69,343716.27,31.26,0,0,,47.68,0
B209497,Services,9,500000.0,363929.46,27.21,0,0,136746.22,61.3,1
B200673,Retail,32,500000.0,441835.74,11.63,1,0,,62.06,1
B209558,IT,21,500000.0,387942.22,22.41,0,0,77625.39,52.11,0
B200752,Manufacturing,52,500000.0,391361.56,,1,0,48153.5,56.14,0
B206322,Services,37,500000.0,377280.87,24.54,0,0,96722.47,43.59,0
B203405,Retail,33,500000.0,436756.74,12.65,1,0,31979.56,59.83,0
B206120,Retail,20,5638935.65,1399998.0,11.28,0,0,174574.39,43.14,0
B203137,Manufacturing,41,500000.0,415841.37,16.83,0,0,97491.51,55.79,0
B201027,Retail,25,500000.0,377417.45,24.52,0,0,73810.94,51.49,0
B209864,Retail,45,500000.0,393566.03,21.29,1,0,80246.77,41.93,0
B203018,Services,16,500000.0,2534755.2,11.03,0,0,67157.81,52.79,0
B209669,Retail,7,500000.0,439324.86,12.14,0,0,59040.94,62.5,1
B206090,Retail,32,500000.0,462434.83,7.51,1,1,58124.38,74.96,1
B209543,Retail,39,500000.0,473776.46,5.24,1,0,54538.37,62.96,1
B200802,Food,10,500000.0,343463.9,31.31,0,0,106660.04,43.86,0
B203994,Services,17,500000.0,363575.48,27.28,0,0,50245.92,46.33,0
B200387,,10,500000.0,400328.16,19.93,1,0,84581.14,49.38,0
B205369,Manufacturing,55,500000.0,360338.85,27.93,1,0,50357.11,45.49,0
B203598,Food,37,500000.0,400836.3,19.83,1,0,85872.42,51.36,0
B203277,Retail,36,500000.0,364970.93,27.01,0,0,,46.47,0
B205102,Manufacturing,14,500000.0,352440.51,29.51,0,0,90708.06,45.6,0
B204903,IT,14,500000.0,345440.6,30.91,0,0,71633.21,45.86,0
B207642,Food,3,500000.0,361281.6,27.74,0,0,56838.1,34.79,0
B208113,Services,36,500000.0,374640.21,25.07,0,0,78621.86,50.24,0
B209656,Food,27,500000.0,401870.45,19.63,1,0,104639.47,55.61,0
B207962,Food,15,500000.0,372588.58,25.48,0,0,73187.63,60.5,1
B200652,Manufacturing,26,500000.0,369466.36,26.11,0,0,119374.8,54.55,0
B205766,Retail,36,500000.0,412510.37,17.5,1,1,85949.44,70.43,1
B206141,,26,500000.0,352753.16,29.45,1,0,51186.26,49.57,0
B205989,services,3,500000.0,363235.68,27.35,0,0,69064.39,45.87,0
B203231,Retail,36,500000.0,425010.66,15.0,0,0,99845.61,50.26,0
B200566,Retail,32,500000.0,473947.11,5.21,1,1,31915.63,73.2,1
B201152,Services,28,500000.0,314115.57,37.18,0,0,549449.34,46.0,0
B208520,Services,6,500000.0,333752.76,33.25,1,0,62150.13,53.27,0
B200601,Services,24,500000.0,393212.7,21.36,1,0,25905.64,54.01,0
B208607,Food,21,500000.0,338386.6,32.32,0,0,120256.57,39.04,0
B201016,Manufacturing,39,500000.0,362400.66,27.52,1,0,109238.32,50.08,0
B202334,Retail,24,500000.0,348521.57,30.3,0,0,129828.61,48.27,0
B208201,it,19,500000.0,386756.66,22.65,0,0,79691.64,51.08,0
B202315,Services,27,500000.0,373807.85,25.24,0,0,307917.68,45.14,0
B209681,IT,24,500000.0,346195.97,30.76,1,0,54775.79,53.32,0
B200951,Services,21,500000.0,385169.44,22.97,0,0,47951.84,52.61,0
B206509,Manufacturing,47,500000.0,389700.07,22.06,0,0,104417.39,54.14,0
B206345,Retail,61,500000.0,379996.12,24.0,0,0,64022.83,50.91,0
B209765,Services,3,500000.0,366132.61,26.77,0,0,69804.99,54.18,0
B208018,Retail,3,500000.0,383569.28,23.29,1,0,52339.41,57.11,0
B200126,IT,12,500000.0,390470.26,21.91,1,0,52313.94,53.54,0
B209248,Food,23,500000.0,399663.87,20.07,0,0,102741.42,47.88,0
B200967,Food,5,631424.73,468624.22,25.78,0,0,129331.51,44.31,0
B209379,Retail,35,500000.0,387697.96,22.46,1,1,,63.68,1
B200320,Services,3,500000.0,341996.48,31.6,0,0,109286.14,46.48,0
B206685,IT,10,500000.0,406861.48,18.63,1,0,,49.0,0
B206154,Food,20,500000.0,446308.61,10.74,0,0,61002.54,56.66,0
B203444,IT,3,500000.0,348893.41,30.22,0,0,46299.06,44.34,0
B206013,Manufacturing,32,500000.0,380750.29,23.85,0,0,38505.86,59.39,0
B201603,Retail,43,524141.32,402975.95,23.12,1,1,112076.78,69.69,1
B200665,healthcare,37,500000.0,445551.68,10.89,0,0,,44.69,0
B202856,Food,12,500000.0,320293.94,35.94,0,0,129125.59,38.68,0
B206564,Manufacturing,52,500000.0,407120.09,18.58,0,0,59897.78,53.64,0
B203933,IT,16,500000.0,352244.79,29.55,1,0,41871.06,47.28,0
B203520,Retail,24,500000.0,446343.13,10.73,1,0,,58.58,0
B205453,Services,20,500000.0,392261.14,21.55,0,0,53794.52,60.6,1
B201438,Retail,23,500000.0,441715.2,11.66,1,0,69090.26,50.69,0
B201332,Manufacturing,49,500000.0,416558.17,16.69,1,0,50734.24,43.4,0
B206353,Retail,37,500000.0,404476.05,19.1,1,0,70905.72,53.56,0
B202570,Retail,16,500000.0,411154.93,17.77,1,0,35658.7,49.44,0
B209038,Services,5,500000.0,388838.63,22.23,0,0,27274.59,49.06,0
B206298,,3,500000.0,355539.88,28.89,0,0,81071.69,47.47,0
B207331,Manufacturing,57,500000.0,379542.07,24.09,0,0,93196.21,56.06,0
B201053,Food,15,500000.0,410126.94,17.97,0,0,62211.87,45.08,0
B207133,Retail,21,500000.0,375987.67,24.8,0,0,43956.8,53.81,0
B204298,Manufacturing,37,500000.0,420429.55,15.91,1,0,34288.93,61.17,1
B202829,Retail,21,500000.0,413463.56,17.31,1,0,65124.18,46.2,0
B202048,Food,10,500000.0,397720.58,20.46,0,0,89914.8,44.18,0
B208285,Retail,25,500000.0,466466.19,6.71,1,0,43611.74,47.5,0
B202041,Retail,28,500000.0,2474272.53,25.48,1,0,78779.71,46.78,0
B206707,Retail,12,500000.0,416856.76,16.63,0,0,27122.93,59.36,0
B201866,Retail,48,500000.0,415790.45,16.84,1,0,26659.45,58.01,0
B206588,Food,11,500000.0,368224.59,26.36,1,1,34733.53,67.19,1
B207367,Manufacturing,38,500000.0,405776.27,18.84,1,1,58238.82,65.85,1
B202943,Manufacturing,53,500000.0,374651.78,25.07,1,0,113619.11,50.33,0
B200758,Food,31,500000.0,384679.73,23.06,0,0,74072.52,45.41,0
B207557,Services,11,500000.0,369396.84,26.12,0,0,60504.07,60.18,1
B200014,Services,21,500000.0,391869.4,21.63,1,0,89070.68,51.96,0
B203280,Retail,14,500000.0,417509.24,,0,0,64314.74,52.95,0
B208618,Healthcare,9,664863.49,592971.0,10.81,1,1,71962.91,72.22,1
B200813,Services,19,500000.0,351758.97,29.65,1,0,86170.19,44.05,0
B203502,IT,31,500000.0,362065.77,27.59,0,0,85975.69,53.82,0
B200796,Manufacturing,35,500000.0,391395.67,21.72,1,0,37228.95,50.38,0
B206033,IT,16,691578.66,456843.2,33.94,0,0,79676.02,53.14,0
B202242,IT,6,500000.0,356876.01,,1,0,78949.14,49.25,0
B203645,Food,12,500000.0,395248.07,20.95,1,0,80869.24,53.71,0
B203138,Retail,23,500000.0,448270.32,10.35,0,0,75283.48,58.45,0
B205006,Manufacturing,58,500000.0,388856.32,22.23,0,0,75922.46,50.4,0
B204040,IT,20,500000.0,350905.72,29.82,0,0,52447.49,50.12,0
B209936,IT,33,500000.0,355263.86,28.95,0,0,97309.9,51.55,0
B208279,Healthcare,21,500000.0,327596.9,34.48,0,0,74182.17,46.3,0
B206790,Retail,7,500000.0,428924.64,14.22,1,0,74586.91,49.44,0
B206740,Retail,22,571693.16,457851.97,19.91,1,0,,52.59,0
B204339,Food,20,500000.0,363029.73,27.39,0,0,91135.94,53.61,0
B207086,food,18,500000.0,373537.21,25.29,1,0,91437.05,40.61,0
B206945,Services,6,500000.0,369959.45,26.01,1,0,51914.54,40.5,0
B206725,IT,9,2633771.07,369522.42,26.1,0,0,91447.99,49.59,0
B207038,manufacturing,56,500000.0,373595.65,25.28,0,0,70360.0,54.87,0
B207902,Healthcare,29,500000.0,441323.49,11.74,0,0,54813.61,49.46,0
B206218,Healthcare,3,500000.0,365108.04,26.98,1,0,58751.77,54.19,0
B204963,Retail,32,500000.0,396441.01,20.71,0,0,49921.95,61.18,1
B207789,Food,3,500000.0,423797.57,15.24,0,0,35581.59,46.91,0
B208252,Services,24,500000.0,304251.01,39.15,0,0,119102.55,49.54,0
B207287,Retail,50,500000.0,411267.93,17.75,1,0,62462.33,48.94,0
B202237,Manufacturing,38,500000.0,388266.37,22.35,0,0,58827.47,39.5,0
B209215,Services,33,500000.0,346255.42,30.75,0,0,326225.76,36.19,0
B207985,Retail,28,500000.0,409730.73,18.05,1,1,96978.28,63.93,1
B202258,Manufacturing,58,500000.0,437546.0,12.49,1,0,68026.05,54.73,0
B205955,Services,44,500000.0,373309.2,25.34,1,0,68666.07,48.04,0
B205978,Retail,45,500000.0,380087.19,23.98,0,0,65916.84,57.32,0
B205414,,26,500000.0,346701.88,30.66,0,0,80291.71,48.48,0
B209930,Manufacturing,51,3250308.98,474273.34,28.18,1,0,84977.34,44.73,0
B207077,Manufacturing,14,540044.68,432343.23,19.94,1,0,74748.1,56.81,0
B203101,Food,8,500000.0,379949.94,,1,0,120047.11,43.39,0
B204316,Healthcare,22,500000.0,388434.75,22.31,0,0,80941.06,48.06,0
B209021,Manufacturing,61,2170108.73,398617.08,27.0,1,1,98710.33,63.44,1
B208767,IT,34,500000.0,448117.15,10.38,1,0,28023.35,58.41,0
B200019,Services,16,500000.0,345558.19,30.89,0,0,113744.79,54.29,0
B201570,Retail,32,500000.0,385303.51,22.94,1,0,,44.78,0
B209324,Retail,37,500000.0,395235.74,20.95,0,0,85906.42,56.48,0
B208432,Retail,37,500000.0,427787.52,,1,0,57115.68,47.12,0
B200008,Manufacturing,44,500000.0,377934.43,24.41,1,1,57754.24,58.82,0
B208386,Services,30,3444685.97,378744.38,,1,0,85791.57,50.5,0
B204406,Manufacturing,49,500000.0,363124.26,27.38,1,0,115133.68,45.34,0
B201883,,20,500000.0,466354.83,6.73,0,0,60927.78,54.57,0
B205133,Retail,21,500000.0,371603.9,,0,0,95605.88,50.04,0
B203239,Manufacturing,44,500000.0,410694.08,17.86,1,0,75163.2,60.09,1
B203549,Services,18,500000.0,317188.98,36.56,0,0,62462.56,47.57,0
B202357,Food,34,500000.0,438919.84,12.22,1,1,67885.05,69.93,1
B208447,Manufacturing,33,500000.0,403086.38,19.38,1,1,89119.31,65.26,1
B203588,Services,35,500000.0,348945.17,30.21,0,0,91839.89,41.93,0
B202732,Food,24,500000.0,424477.37,15.1,1,0,94156.66,60.66,1
B203576,Retail,51,500000.0,416121.41,16.78,1,0,51730.77,53.32,0
B209189,Services,3,500000.0,371094.57,25.78,1,0,63150.02,43.91,0
B207607,IT,6,500000.0,338238.6,32.35,0,0,92195.09,36.87,0
B203426,nan,18,500000.0,374594.01,25.08,0,0,40370.05,54.65,0
B207866,Manufacturing,38,500000.0,393233.03,21.35,1,0,55025.71,52.65,0
B202785,Services,38,500000.0,329780.52,34.04,0,0,236098.02,55.5,0
B203948,Services,32,500000.0,383946.53,23.21,0,0,86053.98,51.02,0
B204957,Healthcare,43,500000.0,368866.89,26.23,0,0,80681.54,55.47,0
B206118,Retail,27,500000.0,347235.7,30.55,1,1,,59.71,0
B200990,Food,25,500000.0,388244.52,22.35,0,0,84369.11,46.66,0
B206188,Food,30,500000.0,433886.44,13.22,1,1,59575.14,67.64,1
B209756,Manufacturing,55,500000.0,399823.8,20.04,0,0,38925.58,55.36,0
B204133,IT,27,500000.0,375818.88,24.84,1,0,62110.6,55.22,0
B209110,Services,33,500000.0,346555.13,30.69,0,0,,47.23,0
B200894,Food,23,500000.0,407148.63,18.57,1,0,55569.39,52.47,0
B208948,Food,31,500000.0,365750.54,26.85,0,0,35409.2,49.1,0
B207544,Retail,39,500000.0,1296626.2,17.41,1,0,32349.64,47.16,0
B200006,Healthcare,29,500000.0,382783.62,23.44,0,0,80693.43,47.23,0
B206980,Healthcare,33,1975613.47,383642.44,23.27,0,0,83331.99,45.92,0
B208319,Services,15,500000.0,2247628.62,27.96,0,0,105155.04,61.12,1
B207110,Retail,45,500000.0,411072.78,17.79,1,0,71982.06,49.44,0
B208147,IT,19,500000.0,305142.86,38.97,0,0,117112.18,37.08,0
B208989,Retail,23,500000.0,334792.22,33.04,0,0,112429.8,52.31,0
B203295,Services,42,500000.0,436587.14,12.68,1,0,53954.8,62.16,1
B203274,Retail,57,500000.0,401638.25,19.67,0,0,54471.25,56.58,0
B204307,IT,12,500000.0,402939.21,19.41,0,0,45098.47,50.55,0
B200176,Healthcare,3,500000.0,384680.22,23.06,0,0,78760.15,51.5,0
B203052,IT,21,635949.94,447568.12,29.62,0,0,67187.57,43.64,0
B206233,Food,17,500000.0,406758.07,18.65,0,0,49594.72,59.8,0
B202044,Food,11,500000.0,384083.15,23.18,0,0,113122.71,55.59,0
B207873,Food,3,500000.0,437029.77,12.59,0,0,63346.38,49.91,0
B205916,Manufacturing,26,500000.0,439310.32,12.14,1,0,49872.78,53.45,0
B203666,Services,28,500000.0,376446.21,24.71,0,0,62043.79,52.92,0
B205434,Manufacturing,52,500000.0,372501.61,25.5,0,0,74640.46,53.8,0
B209267,Services,31,500000.0,373611.54,25.28,0,0,36832.78,46.02,0
B202290,Food,8,500000.0,411036.64,17.79,0,0,104395.5,44.66,0
B200104,IT,24,3055591.96,354695.88,29.06,0,0,85336.47,53.84,0
B202373,healthcare,25,608415.94,424609.72,30.21,0,0,47036.63,56.02,0
B208720,Manufacturing,64,520951.27,453604.32,12.93,1,0,47486.16,55.64,0
B202265,Retail,35,500000.0,434154.4,13.17,1,0,70681.62,56.87,0
B202543,,32,500000.0,459666.04,8.07,0,0,75266.62,60.98,1
B205538,Services,14,593908.45,439364.63,26.02,0,0,77489.64,49.19,0
B203649,Retail,41,500000.0,412938.78,17.41,1,0,79412.71,57.81,0
B202792,Retail,42,500000.0,437622.05,12.48,1,0,,45.37,0
B208350,IT,27,500000.0,378566.9,24.29,0,0,47970.28,55.02,0
B200404,Services,44,500000.0,382209.08,23.56,1,0,45938.74,49.0,0
B202770,Healthcare,30,500000.0,374110.39,25.18,0,0,86067.15,50.02,0
B204684,IT,20,500000.0,315005.7,37.0,0,0,134145.48,39.93,0
B202625,Healthcare,44,500000.0,406550.26,,1,0,50587.12,51.01,0
B208094,Food,36,500000.0,389755.28,22.05,1,0,44712.02,42.69,0
B206358,Manufacturing,56,500000.0,2770980.9,19.69,0,0,47121.35,55.37,0
B206172,Retail,28,597336.45,3400062.85,13.81,1,0,74579.58,51.4,0
B201488,Services,13,500000.0,394447.84,21.11,0,0,89559.28,53.22,0
B206802,Food,33,500000.0,406599.01,18.68,1,0,,56.6,0
B205988,Services,16,2760792.23,386778.95,22.64,0,0,68468.48,47.0,0
B207654,Food,21,821404.71,682676.02,,1,0,147622.36,53.73,0
B208831,Retail,17,500000.0,429942.58,14.01,0,0,37349.22,50.21,0
B206289,Food,19,500000.0,402369.46,19.53,1,0,76126.31,53.2,0
B209985,Retail,39,500000.0,408978.9,18.2,0,0,46679.56,63.99,1
B200218,IT,38,500000.0,406140.31,18.77,1,0,78225.37,55.46,0
B207370,Food,19,500000.0,389088.14,22.18,0,0,83045.64,56.52,0
B201419,Manufacturing,60,500000.0,428410.46,14.32,0,0,118210.49,52.13,0
B206889,Retail,30,500000.0,474229.59,5.15,1,0,30794.43,60.87,1
B206576,IT,34,575563.48,408582.84,29.01,1,0,58653.02,60.39,1
B203102,Services,13,500000.0,332589.88,33.48,1,0,104696.82,39.15,0
B200634,Manufacturing,35,500000.0,372060.24,25.59,1,1,80013.45,71.91,1
B204079,IT,7,500000.0,324560.03,35.09,0,0,99301.22,44.43,0
B202368,Services,29,500000.0,342228.48,31.55,0,0,59360.55,47.86,0
B203857,Services,3,500000.0,394177.15,21.16,0,0,70826.45,55.34,0
B202029,Retail,33,500000.0,363175.37,27.36,0,0,79820.52,56.05,0
B202695,Services,25,500000.0,361182.03,27.76,1,0,98247.79,45.8,0
B207537,,5,500000.0,420274.09,15.95,0,0,95788.58,61.97,1
B204290,Manufacturing,38,500000.0,381236.28,23.75,1,0,80543.54,46.81,0
B207032,Manufacturing,30,500000.0,407201.12,18.56,1,0,100558.02,52.12,0
B209287,IT,20,500000.0,408061.1,18.39,1,0,79993.26,62.42,1
B202549,Manufacturing,47,500000.0,400045.04,19.99,1,0,44810.02,47.29,0
B201035,IT,3,500000.0,305280.84,38.94,1,0,74661.98,48.16,0
B206757,healthcare,31,500000.0,372087.66,25.58,0,0,84786.96,45.83,0
B203116,Services,29,500000.0,430802.32,13.84,1,0,43241.51,61.26,1
B208444,Retail,31,1944362.35,445554.77,10.89,0,0,53154.97,53.84,0
B207575,Retail,27,500000.0,370022.58,26.0,0,0,,44.85,0
B209416,,53,500000.0,398370.65,20.33,1,0,80659.1,57.14,0
B209266,,39,500000.0,396600.23,20.68,0,0,57658.16,51.94,0
B202911,Food,10,500000.0,389459.51,22.11,0,0,101006.85,51.49,0
B209262,Services,8,517833.55,400650.04,22.63,0,0,43705.7,56.99,0
B207727,Food,32,500000.0,391684.31,21.66,0,0,80150.63,51.15,0
B203368,Manufacturing,49,500000.0,363579.1,27.28,0,0,106013.45,48.82,0
B207774,Retail,21,598409.59,466905.66,21.98,0,0,115672.02,55.32,0
B200232,Manufacturing,48,500000.0,400050.74,19.99,0,0,113354.98,50.59,0
B201095,Services,6,500000.0,371064.17,25.79,0,0,54634.32,51.78,0
B204383,Services,12,3345618.88,402087.99,19.58,0,0,107967.1,54.76,0
B202198,Food,9,500000.0,403995.91,19.2,0,0,69827.64,54.51,0
B201266,Food,15,513269.56,376302.18,26.69,1,0,80103.17,58.64,0
B204932,Manufacturing,45,500000.0,415278.95,16.94,0,0,23357.63,54.32,0
B206243,Food,13,500000.0,399809.98,20.04,0,0,61387.2,47.88,0
B202474,Services,3,500000.0,386983.47,22.6,0,0,85642.83,43.8,0
B204734,Services,14,500000.0,366097.82,26.78,0,0,79370.42,48.61,0
B202833,Services,3,500000.0,341865.84,31.63,0,0,,47.65,0
B206102,IT,21,500000.0,394287.81,21.14,1,0,85181.28,55.16,0
B205762,Manufacturing,44,500000.0,389091.26,22.18,0,0,44319.17,49.97,0
B204333,IT,49,615928.21,399682.46,35.11,0,0,127115.18,50.57,0
B205847,Retail,30,500000.0,458290.83,8.34,1,1,24937.44,66.71,1
B203529,IT,25,500000.0,312626.28,37.47,0,0,139460.01,37.31,0
B206432,Retail,25,705095.88,568599.51,19.36,1,0,138733.67,43.75,0
B203464,Retail,32,500000.0,399348.06,20.13,1,0,71924.64,59.26,0
B203745,Retail,19,500000.0,395030.28,20.99,0,0,66137.25,47.13,0
B201384,Healthcare,49,500000.0,387721.31,22.46,0,0,105516.88,53.86,0
B207497,Retail,39,500000.0,451889.21,9.62,0,0,,55.27,0
B207984,Manufacturing,49,556588.39,379430.62,31.83,1,0,121261.36,61.38,1
B208594,Retail,49,500000.0,364333.31,27.13,0,0,67703.84,51.21,0
B203669,Food,25,500000.0,372881.42,25.42,0,0,436329.25,49.22,0
B201403,Healthcare,20,500000.0,308073.88,38.39,0,0,78773.85,41.8,0
B209501,,25,606794.96,483878.12,20.26,0,0,54299.85,49.69,0
B203660,Retail,55,500000.0,421212.63,15.76,0,0,56624.12,62.98,1
B207885,Healthcare,20,695580.8,434818.68,37.49,1,0,104498.8,35.0,0
B209326,IT,26,500000.0,375100.9,24.98,1,1,105010.54,70.52,1
B201132,Manufacturing,43,500000.0,385148.94,,1,0,69679.72,50.22,0
B200833,Healthcare,13,500000.0,363825.98,27.23,0,0,101247.22,51.08,0
B200751,Retail,37,500000.0,397997.38,20.4,1,0,68583.57,62.53,1
B201329,Healthcare,18,500000.0,357200.38,28.56,0,0,70332.3,44.15,0
B209757,Services,24,500000.0,354967.46,29.01,0,0,99686.13,54.96,0
B209975,Retail,45,500000.0,404362.08,19.13,0,0,61379.03,48.7,0
B203142,Healthcare,18,500000.0,344695.01,31.06,1,0,88432.84,42.43,0
B209097,Manufacturing,50,500000.0,386899.1,22.62,1,0,78432.44,45.12,0
B207470,Food,15,500000.0,370022.13,26.0,1,0,113928.63,45.2,0
B209816,Manufacturing,53,500000.0,411450.29,17.71,0,0,97178.4,53.61,0
B203835,Retail,16,500000.0,397315.52,20.54,0,0,,53.46,0
B205820,Manufacturing,60,500000.0,357224.85,28.56,0,0,121074.57,51.06,0
B205964,Manufacturing,42,500000.0,402519.41,19.5,1,0,53218.46,53.4,0
B204696,IT,5,500000.0,317697.45,36.46,0,0,111878.49,43.95,0
B209224,Healthcare,32,570016.43,474204.85,16.81,0,0,70620.78,56.41,0
B206647,food,12,500000.0,355122.07,,0,0,,55.11,0
B209849,IT,26,798938.7,563497.9,29.47,1,0,151561.1,43.4,0
B202875,Services,7,500000.0,389390.8,22.12,0,0,52164.65,53.65,0
B205276,IT,8,500000.0,352118.37,29.58,0,0,101426.04,38.28,0
B204452,Food,23,500000.0,391079.72,21.78,1,0,57814.91,61.24,1
B209016,Retail,41,500000.0,410959.31,17.81,0,0,35498.72,47.69,0
B205563,Services,15,500000.0,391385.49,21.72,0,0,71207.11,44.43,0
B209628,Retail,43,500000.0,437397.89,12.52,0,0,32030.69,58.39,0
B208496,Retail,6,500000.0,440537.6,11.89,0,0,67112.82,66.41,1
B204697,,43,500000.0,395039.61,20.99,0,0,60892.89,54.77,0
B207452,Retail,14,500000.0,371815.7,25.64,0,0,72455.47,46.4,0
B207501,Healthcare,17,500000.0,377556.26,24.49,0,0,89838.38,50.89,0
B204951,IT,25,500000.0,343397.49,31.32,1,0,60033.02,46.01,0
B204440,,21,500000.0,445601.77,10.88,1,0,72597.57,58.92,0
B203139,Manufacturing,45,500000.0,409251.12,18.15,1,0,74225.15,49.34,0
B206882,Food,16,500000.0,424027.78,15.19,0,0,50021.37,58.21,0
B209441,manufacturing,61,500000.0,357981.88,28.4,0,0,77941.04,49.75,0
B203508,Manufacturing,47,500000.0,400980.16,19.8,0,0,72254.27,49.67,0
B208283,Services,14,500000.0,413327.4,17.33,0,0,49071.03,62.02,1
B200308,Retail,3,500000.0,409112.35,18.18,0,0,446866.56,45.07,0
B206030,Food,45,500000.0,386810.05,22.64,0,0,18389.88,44.37,0
B205825,Manufacturing,51,500000.0,387424.95,22.52,0,0,67166.79,49.15,0
B207144,Retail,10,500000.0,472232.69,5.55,1,0,35588.96,60.78,1
B200730,IT,27,500000.0,356029.25,28.79,0,0,91835.68,45.9,0
B207559,IT,25,500000.0,363673.31,27.27,0,0,118543.33,55.48,0
B206359,IT,24,500000.0,351873.43,29.63,1,0,53094.06,50.68,0
B204989,IT,37,500000.0,1845837.7,23.39,1,0,94139.41,54.71,0
B205073,Services,26,500000.0,2325709.16,16.24,0,0,40612.5,62.77,1
B204913,Services,32,500000.0,362593.53,27.48,1,0,47289.7,52.51,0
B202022,Healthcare,30,500000.0,407690.68,18.46,0,0,83808.78,55.49,0
B207520,IT,10,500000.0,385766.9,22.85,1,0,104912.41,52.92,0
B205355,manufacturing,51,500000.0,377292.07,24.54,1,0,101929.19,47.16,0
B204387,Food,24,500000.0,361567.58,27.69,0,0,48709.27,50.28,0
B209111,,37,500000.0,390271.02,21.95,0,0,67745.66,54.99,0
B203013,food,24,500000.0,2261329.21,20.42,0,0,82588.72,54.69,0
B207802,Retail,27,500000.0,385382.34,22.92,0,0,57855.34,45.04,0
B204637,IT,3,500000.0,323737.46,35.25,1,0,48702.4,48.43,0
B205342,Manufacturing,58,500000.0,428413.23,14.32,0,0,43201.52,43.83,0
B209198,Services,38,500000.0,430491.26,13.9,1,0,47325.17,58.64,0
B207905,Manufacturing,31,507075.65,426675.64,15.86,1,0,49826.18,45.46,0
B200216,IT,13,500000.0,331140.44,33.77,0,0,41526.19,45.36,0
B206493,Food,16,837013.34,657820.7,21.41,1,1,108428.53,59.87,0
B204482,Food,15,500000.0,357144.33,28.57,1,0,96450.83,40.62,0
B202738,Retail,56,500000.0,388128.86,22.37,1,1,97183.99,72.85,1
B200633,Manufacturing,37,500000.0,385842.99,22.83,1,1,51286.27,69.4,1
B203396,Retail,33,500000.0,453609.84,9.28,0,0,52629.39,52.48,0
B204950,Retail,31,500000.0,460243.05,7.95,1,0,43347.25,62.53,1
B207657,Retail,51,500000.0,383712.53,23.26,0,0,83016.91,52.55,0
B207100,IT,26,500000.0,341887.69,31.62,0,0,82697.29,44.64,0
B202134,Food,4,500000.0,435243.35,12.95,1,0,75270.58,50.07,0
B206465,Services,10,500000.0,407498.88,18.5,0,0,74046.3,64.16,1
B204301,Services,31,500000.0,360196.97,27.96,0,0,67637.31,45.67,0
B204849,Food,9,500000.0,371275.69,25.74,0,0,75006.67,52.21,0
B205038,Retail,62,637633.1,576172.92,9.64,1,1,87076.55,71.87,1
B203471,Retail,15,500000.0,443525.97,11.29,1,0,38888.74,49.59,0
B201697,Food,30,500000.0,405257.94,18.95,0,0,92083.98,49.2,0
B207989,Healthcare,24,500000.0,342190.46,31.56,1,1,119437.89,56.63,0
B202892,Healthcare,10,500000.0,332582.18,33.48,0,0,123178.13,35.5,0
B200356,Healthcare,7,500000.0,380057.75,23.99,0,0,75566.51,47.41,0
B205520,Services,22,500000.0,385540.37,22.89,0,0,76247.06,42.26,0
B203493,Food,12,500000.0,382545.98,23.49,1,1,89077.15,66.43,1
B201050,Food,9,500000.0,390052.57,21.99,0,0,65567.13,48.5,0
B203096,Services,23,500000.0,410399.55,17.92,0,0,42906.89,54.87,0
B202788,Retail,60,500000.0,427151.26,14.57,1,1,39607.04,70.58,1
B203545,Retail,28,500000.0,379758.01,24.05,1,0,78921.22,44.99,0
B202294,Services,9,500000.0,379858.79,24.03,1,0,120664.19,48.71,0
B200200,Food,24,500000.0,419285.96,16.14,1,0,80377.44,50.21,0
B201204,Services,22,500000.0,373488.01,25.3,0,0,79217.83,42.54,0
B201486,Services,9,500000.0,376267.0,24.75,0,0,69707.34,47.23,0
B208334,Manufacturing,38,500000.0,400497.29,19.9,1,0,,58.17,0
B208028,IT,49,500000.0,386323.76,22.74,1,0,86804.16,50.3,0
B207598,services,11,500000.0,420777.99,15.84,0,0,65974.16,47.31,0
B207608,Food,27,500000.0,406677.61,18.66,1,0,87982.32,48.99,0
B206311,IT,15,500000.0,354980.33,29.0,0,0,128565.03,47.19,0
B206557,Food,22,500000.0,386805.1,22.64,0,0,,47.95,0
B201865,Retail,31,500000.0,406086.28,18.78,0,0,71298.79,56.21,0
B207317,Retail,29,500000.0,433097.81,13.38,1,0,78545.94,53.56,0
B202251,Manufacturing,30,500000.0,318790.66,36.24,0,0,27380.24,42.45,0
B202502,Services,7,500000.0,363011.8,27.4,1,0,83335.18,41.92,0
B200372,Services,3,500000.0,372802.8,25.44,0,0,67948.76,44.83,0
B200806,IT,64,500000.0,374647.32,25.07,0,0,107193.46,50.41,0
B209445,IT,4,500000.0,359653.15,28.07,0,0,77354.31,46.15,0
B204318,Services,13,500000.0,376011.89,24.8,0,0,63770.31,47.59,0
B205754,Services,22,860498.28,658171.68,23.51,0,0,106149.49,41.92,0
B209808,IT,15,500000.0,381161.13,23.77,1,0,88633.32,40.69,0
B200600,Manufacturing,49,500000.0,432693.86,13.46,1,0,177136.76,58.01,0
B206460,Retail,29,500000.0,389158.73,22.17,0,0,62026.01,50.87,0
B203854,,9,500000.0,376014.14,24.8,1,0,85183.77,44.64,0
B206894,Manufacturing,55,500000.0,364140.17,27.17,1,0,98276.15,51.45,0
B203439,Retail,26,500000.0,399139.42,20.17,0,0,94503.77,45.12,0
B208623,,17,500000.0,383152.97,23.37,0,0,82057.17,46.33,0
B208990,Food,3,500000.0,344684.27,31.06,1,0,101865.01,50.89,0
B204581,Services,27,500000.0,391090.4,21.78,0,0,90765.07,54.66,0
B205004,Retail,35,500000.0,432872.4,13.43,0,0,45492.76,52.49,0
B208838,IT,13,500000.0,335134.61,32.97,0,0,168578.34,50.58,0
B203354,Retail,30,500000.0,405114.65,18.98,0,0,66221.43,49.77,0
B201003,Healthcare,21,500000.0,345167.01,30.97,0,0,93426.37,47.8,0
B206596,Manufacturing,42,500000.0,380792.16,23.84,1,1,123061.58,66.18,1
B209102,Retail,7,500000.0,444146.56,11.17,1,0,58296.87,56.66,0
B208721,Manufacturing,55,500000.0,397092.83,20.58,0,0,72100.63,52.71,0
B208788,Retail,22,500000.0,423085.06,15.38,1,0,76956.13,45.58,0
B208180,Retail,35,500000.0,407432.9,18.51,0,0,94863.54,53.69,0
B209283,Manufacturing,43,500000.0,428396.66,14.32,1,0,93069.11,53.89,0
B200695,Services,49,500000.0,334087.12,33.18,0,0,54827.92,52.74,0
B201872,IT,3,500000.0,315286.78,36.94,0,0,106080.48,46.66,0
B209600,Retail,27,500000.0,418776.53,16.24,0,0,40188.21,49.4,0
B203361,Services,20,500000.0,400390.25,19.92,0,0,75025.15,47.59,0
B207057,Services,11,500000.0,305412.67,38.92,1,0,76732.11,46.28,0
B207715,Services,36,500000.0,355620.57,28.88,0,0,77706.44,53.13,0
B207258,IT,26,500000.0,394414.24,21.12,0,0,40895.09,49.24,0
B204212,Manufacturing,50,500000.0,381407.75,23.72,0,0,146363.25,63.36,1
B203995,Food,29,500000.0,391601.3,21.68,0,0,,51.26,0
B206450,Manufacturing,66,500000.0,397038.89,20.59,0,0,85651.68,61.39,1
B209894,Retail,42,500000.0,392839.51,21.43,0,0,62264.98,57.25,0
B204891,Healthcare,24,500000.0,367972.73,26.41,0,0,80933.1,50.85,0
B203661,IT,11,501480.0,346055.78,30.99,0,0,75522.33,39.33,0
B203582,Manufacturing,53,500000.0,359422.39,28.12,1,0,66301.11,48.74,0
B203152,Healthcare,5,500000.0,403334.23,19.33,0,0,78547.54,54.54,0
B205942,Healthcare,31,500000.0,399271.78,20.15,0,0,41276.72,54.33,0
B203359,IT,3,500000.0,291013.74,41.8,0,0,122001.29,49.35,0
B201973,Services,3,500000.0,355217.8,28.96,1,0,99735.93,37.55,0
B201984,Manufacturing,22,500000.0,354787.35,29.04,0,0,65895.37,51.47,0
B208576,Manufacturing,50,500000.0,417463.9,16.51,1,0,59049.26,45.14,0
B206258,IT,3,675744.52,527403.34,21.95,0,0,75922.89,59.06,0
B201692,Food,15,500000.0,368266.38,26.35,0,0,88173.12,47.85,0
B205428,Services,26,500000.0,406623.91,18.68,0,0,67406.57,47.79,0
B203028,Food,22,500000.0,384687.66,,0,0,77588.43,48.98,0
B208423,Food,39,500000.0,368219.64,26.36,0,0,57689.27,54.77,0
B207143,Food,25,500000.0,415921.6,16.82,1,0,49060.1,53.99,0
B208228,IT,19,500000.0,358235.93,28.35,0,0,96283.86,53.81,0
B207737,Retail,53,500000.0,396137.47,20.77,0,0,60776.05,51.36,0
B207140,Food,19,500000.0,368665.04,26.27,1,0,66990.6,48.05,0
B207833,IT,20,500000.0,341793.69,31.64,0,0,93730.8,41.29,0
B209181,Retail,11,1603563.34,428466.65,14.31,1,0,34646.99,55.38,0
B205798,Food,37,500000.0,431723.39,13.66,1,0,78795.01,56.2,0
B200284,Retail,45,1900199.08,428919.48,14.22,0,0,95303.23,52.73,0
B204583,IT,8,504394.44,310310.34,38.48,0,0,103572.07,41.93,0
B209932,Manufacturing,52,500000.0,357839.41,28.43,1,0,85623.07,50.84,0
B207095,Food,30,655889.85,511434.32,22.02,0,0,79065.28,56.85,0
B201981,IT,37,500000.0,318751.25,36.25,1,0,83705.74,42.13,0
B209322,Healthcare,3,500000.0,387941.59,22.41,1,0,55877.18,52.03,0
B200568,Services,23,500000.0,375299.35,24.94,0,0,109015.62,51.55,0
B200345,Retail,40,500000.0,440863.53,11.83,1,0,71961.33,53.49,0
B206663,Food,13,500000.0,383534.75,23.29,0,0,93968.07,46.09,0
B206085,retail,16,500000.0,404275.33,19.14,0,0,118241.71,51.83,0
B202016,Services,31,500000.0,340705.38,31.86,0,0,62226.48,41.4,0
B206758,Food,3,500000.0,459061.52,8.19,1,1,61379.59,73.73,1
B205184,Services,50,539677.67,382533.35,29.12,0,0,55512.04,45.19,0
B207486,Retail,16,500000.0,389729.91,22.05,1,0,57116.71,57.73,0
B203092,Retail,19,500000.0,412379.8,17.52,0,0,61469.79,50.71,0
B203618,services,22,500000.0,366764.76,26.65,1,0,,59.86,0
B209158,Manufacturing,21,500000.0,425711.92,14.86,0,0,118232.61,51.86,0
B203568,Healthcare,29,500000.0,419029.23,16.19,0,0,95372.41,47.86,0
B202260,Services,19,500000.0,407345.86,18.53,1,0,84128.74,54.16,0
B208633,Healthcare,32,500000.0,357148.93,28.57,0,0,50878.36,49.73,0
B204936,Food,20,500000.0,383033.96,23.39,0,0,79877.07,42.38,0
B203643,Services,29,500000.0,394294.46,21.14,0,0,30483.44,56.55,0
B202469,Services,29,500000.0,365001.45,27.0,0,0,70309.7,52.5,0
B209608,Manufacturing,20,500000.0,403025.47,19.39,1,0,61819.45,47.09,0
B207257,IT,24,500000.0,300441.94,39.91,1,0,104851.44,49.83,0
B202506,Services,18,500000.0,437881.37,12.42,1,1,,70.53,1
B205579,Food,3,500000.0,423273.45,15.35,0,0,92398.24,58.22,0
B203797,Healthcare,38,500000.0,357162.23,28.57,0,0,89264.11,50.29,0
B204635,nan,27,500000.0,348641.92,30.27,0,0,86940.38,48.67,0
B204790,Retail,23,500000.0,421262.86,15.75,1,0,47019.23,59.05,0
B201514,Retail,37,500000.0,407784.56,18.44,0,0,39704.32,47.89,0
B207063,Manufacturing,50,500000.0,395542.58,20.89,0,0,62962.25,41.76,0
B206205,Manufacturing,56,1190494.37,1022879.0,14.08,0,0,185522.16,50.8,0
B201823,Food,3,500000.0,453643.32,9.27,1,0,42005.34,55.36,0
B204875,Services,36,500000.0,388661.97,22.27,0,0,71888.36,53.44,0
B202736,Services,16,500000.0,397720.77,20.46,0,0,81622.29,47.95,0
B209459,Manufacturing,44,500000.0,372924.15,25.42,0,0,58286.54,45.62,0
B202222,Healthcare,29,500000.0,367866.07,26.43,0,0,51333.97,50.29,0
B202468,Retail,46,500000.0,423005.7,15.4,0,0,49205.99,58.41,0
B201567,Retail,23,604792.47,428150.73,29.21,1,1,103347.48,64.12,1
B208366,Food,13,500000.0,372364.94,25.53,0,0,63379.46,52.41,0
B205949,Manufacturing,28,960538.99,781144.26,18.68,1,0,,55.89,0
B209145,IT,19,500000.0,310444.08,37.91,0,0,,42.42,0
B207383,Manufacturing,28,500000.0,327783.68,34.44,0,0,65459.36,44.78,0
B207630,Retail,13,500000.0,459678.82,8.06,1,0,42806.54,55.99,0
B208059,Retail,33,500000.0,424607.94,15.08,1,1,36250.79,64.62,1
B200408,Services,15,500000.0,384790.22,23.04,1,0,95750.07,56.36,0
B209177,Food,38,500000.0,397789.91,20.44,1,0,79299.3,58.1,0
B204873,Food,15,500000.0,349958.36,30.01,0,0,100787.16,56.48,0
B204130,Services,33,500000.0,352110.25,29.58,0,0,76022.88,53.24,0
B200542,Services,3,500000.0,1968981.09,34.31,0,0,127821.19,49.46,0
B205093,IT,30,500000.0,362914.66,27.42,0,0,66061.04,47.2,0
B207437,Manufacturing,58,500000.0,349867.92,,1,0,85617.97,42.63,0
B208128,Services,18,500000.0,366567.24,26.69,0,0,84585.63,58.07,0
B200080,retail,34,500000.0,457574.03,8.49,0,0,69163.89,53.32,0
B201909,Retail,34,500000.0,379594.23,24.08,0,0,110451.87,51.86,0
B200410,IT,23,500000.0,330286.11,33.94,0,0,83294.12,47.59,0
B205690,Food,16,500000.0,429353.21,,0,0,79690.81,48.03,0
B204592,Food,23,500000.0,400825.69,19.83,1,0,48098.56,47.58,0
B207784,IT,21,650547.46,412688.91,36.56,0,0,152690.03,45.78,0
B204824,Manufacturing,22,532814.44,373803.18,29.84,1,0,58924.01,51.83,0
B205747,IT,3,500000.0,408978.29,18.2,1,0,58384.44,49.79,0
B209955,Services,17,500000.0,322116.53,35.58,1,0,145585.91,35.41,0
B207165,Services,7,1146396.44,926486.96,19.18,1,1,84648.94,77.05,1
B205259,Manufacturing,66,500000.0,402889.22,19.42,1,0,32539.93,49.96,0
B206936,IT,11,500000.0,371728.43,25.65,0,0,98623.18,52.04,0
B208002,IT,27,3322809.14,352846.03,29.43,0,0,42902.37,50.41,0
B208924,Food,10,500000.0,461491.31,7.7,0,0,48187.55,61.32,1
B207472,manufacturing,41,500000.0,438511.83,12.3,0,0,63957.31,57.29,0
B203698,IT,14,500000.0,371882.73,25.62,1,0,,45.4,0
B203543,Healthcare,28,500000.0,408085.48,18.38,0,0,,57.03,0
B205104,Manufacturing,36,500000.0,378921.88,24.22,0,0,,43.75,0
B206419,Services,17,500000.0,348016.38,30.4,0,0,85319.53,49.11,0
B201046,Manufacturing,45,500000.0,326108.3,34.78,0,0,61387.51,48.3,0
B209500,Food,6,500000.0,381382.55,23.72,0,0,75894.11,50.99,0
B202594,Services,14,500000.0,359474.16,28.11,0,0,97980.84,50.67,0
B207551,Retail,23,737550.33,570197.79,22.69,1,0,120744.56,51.89,0
B203683,Services,16,500000.0,368910.19,26.22,1,0,,52.37,0
B203962,Services,26,500000.0,391018.81,21.8,0,0,60159.11,56.96,0
B208262,Retail,36,500000.0,431429.69,13.71,0,0,,57.34,0
B201359,Services,10,500000.0,361541.01,27.69,1,0,46797.77,50.22,0
B201654,Healthcare,10,506504.99,386269.24,23.74,0,0,97458.45,50.15,0
B203389,Food,18,500000.0,406519.33,18.7,0,0,75839.31,48.38,0
B207330,Healthcare,13,500000.0,371042.19,,0,0,71126.53,52.04,0
B206182,Retail,20,3315446.26,414991.41,17.0,1,0,226362.87,56.64,0
B208092,Food,27,500000.0,352995.72,29.4,0,0,98334.46,47.92,0
B201517,services,14,500000.0,358199.41,,0,0,91729.48,42.89,0
B209460,Food,16,500000.0,373431.06,25.31,0,0,93574.79,46.41,0
B203353,Manufacturing,54,500000.0,388773.94,22.25,1,1,84805.74,60.02,1
B207780,Manufacturing,25,500000.0,376856.99,24.63,0,0,72951.08,43.53,0
B202932,Services,19,500000.0,314250.05,37.15,1,0,117329.7,45.28,0
B207453,Retail,10,500000.0,421935.64,15.61,1,0,100898.83,58.5,0
B203939,Manufacturing,36,551170.53,456761.32,17.13,1,1,49624.05,63.55,1
B204881,Retail,35,500000.0,391261.18,21.75,1,0,67877.51,53.94,0
B206347,Food,16,500000.0,408550.07,18.29,0,0,40560.2,55.6,0
B207174,Food,33,500000.0,355409.35,28.92,0,0,135617.88,46.71,0
B206862,food,22,500000.0,403615.47,19.28,0,0,,65.4,1
B203732,Retail,44,500000.0,415579.78,16.88,0,0,62864.33,54.74,0
B200843,Retail,35,500000.0,357743.02,28.45,1,0,85645.69,53.99,0
B208047,Healthcare,35,500000.0,413446.89,17.31,0,0,69239.23,46.61,0
B201786,Food,14,500000.0,373550.6,25.29,0,0,103303.26,65.07,1
B209242,Services,10,500000.0,394536.55,21.09,0,0,108926.14,54.1,0
B206194,Retail,21,500000.0,411743.7,17.65,0,0,,59.58,0
B206386,Services,3,500000.0,414717.81,17.06,0,0,22432.18,54.29,0
B206712,Services,30,500000.0,403079.72,19.38,1,0,74497.13,48.47,0
B200217,Food,33,500000.0,369272.48,26.15,0,0,42811.98,41.75,0
B201555,,37,500000.0,426977.65,14.6,0,0,100094.6,49.22,0
B208923,Retail,16,500000.0,391080.38,21.78,0,0,108019.68,49.16,0
B206006,Services,23,500000.0,363857.09,27.23,0,0,70480.15,54.31,0
B200047,Services,8,500000.0,432189.82,13.56,0,0,67671.39,55.5,0
B203057,Retail,39,500000.0,453487.15,9.3,0,0,58074.01,61.96,1
B209259,Healthcare,19,500000.0,390504.3,21.9,0,0,65190.62,46.35,0
B206737,Services,10,500000.0,378105.96,24.38,1,0,82402.64,50.29,0
B201366,Services,33,500000.0,418306.48,16.34,0,0,59015.59,49.0,0
B207933,Retail,47,578849.97,460710.27,20.41,0,0,88649.81,48.59,0
B204655,Manufacturing,65,500000.0,387184.84,22.56,1,0,67720.51,55.52,0
B203816,Manufacturing,35,500000.0,360621.2,27.88,0,0,49846.46,43.2,0
B209579,Retail,47,500000.0,379049.22,24.19,0,0,114306.53,52.31,0
B208250,Retail,35,500000.0,451535.75,9.69,0,0,47796.84,49.78,0
B204463,Healthcare,44,500000.0,393934.35,21.21,1,0,59848.45,52.02,0
B205326,IT,3,500000.0,332355.93,33.53,0,0,33327.99,50.97,0
B206375,Manufacturing,21,500000.0,398379.83,20.32,1,0,66409.11,48.63,0
B203556,Manufacturing,53,500000.0,421916.72,15.62,1,0,115418.9,53.67,0
B207957,Retail,28,500000.0,370516.71,25.9,1,0,614998.29,46.39,0
B207595,Services,29,500000.0,338221.72,32.36,0,0,,48.74,0
B207008,Retail,28,500000.0,401668.51,,0,0,87210.86,46.92,0
B200146,Food,39,500000.0,393329.49,,0,0,62285.49,54.55,0
B207526,Retail,46,500000.0,442605.17,11.48,1,1,54277.0,75.91,1
B204543,Food,35,792412.23,715761.69,9.67,1,0,86111.12,50.57,0
B204179,IT,31,500000.0,322822.5,35.44,1,0,114571.46,53.98,0
B203731,,19,500000.0,379592.75,24.08,1,0,64253.8,53.89,0
B208435,Services,19,500000.0,406091.6,18.78,0,0,106100.79,59.58,0
B206914,Services,16,500000.0,389808.26,22.04,0,0,94234.7,43.83,0
B208373,Services,3,500000.0,379873.6,24.03,0,0,85995.4,46.66,0
B200794,,50,500000.0,381435.7,,0,0,90510.77,50.5,0
B204671,Retail,31,500000.0,411769.27,17.65,0,0,37211.58,54.99,0
B202938,Retail,24,500000.0,447139.52,10.57,1,0,48168.14,56.22,0
B203968,IT,12,847538.2,541153.17,36.15,0,0,81559.37,47.45,0
B201131,Food,14,500000.0,416787.37,16.64,1,1,62435.97,76.23,1
B203526,Manufacturing,61,500000.0,449839.14,10.03,0,0,39650.04,59.13,0
B209190,,21,500000.0,411742.83,17.65,1,1,35715.58,69.22,1
B204399,Services,31,500000.0,412332.47,17.53,1,0,61340.31,47.54,0
B208621,IT,3,2488587.83,363659.08,27.27,0,0,87558.42,54.81,0
B208177,Retail,20,500000.0,408096.01,18.38,0,0,44622.81,59.55,0
B202135,Food,17,500000.0,412844.68,17.43,0,0,79675.23,55.93,0
B200211,Manufacturing,34,500000.0,356779.05,28.64,1,1,66537.97,64.23,1
B204137,Retail,38,500000.0,427101.49,14.58,1,0,49502.79,57.38,0
B201356,Retail,36,500000.0,413185.93,17.36,1,0,54115.89,46.23,0
B200666,Services,3,500000.0,352122.29,29.58,0,0,71109.33,39.66,0
B207567,Manufacturing,50,500000.0,391497.59,21.7,0,0,55581.98,55.04,0
B209605,Retail,30,500000.0,334516.51,33.1,1,0,122888.53,49.76,0
B206831,Retail,50,500000.0,380479.61,23.9,0,0,65180.22,51.0,0
B203263,Retail,13,500000.0,397021.58,20.6,1,0,62721.14,62.14,1
B201481,Retail,47,500000.0,460645.58,7.87,1,0,25038.84,54.16,0
B202067,Retail,38,2338348.1,375518.48,24.9,1,1,95133.56,60.1,1
B206714,Retail,19,500000.0,1578335.56,15.62,1,0,61627.69,53.98,0
B206608,IT,19,623033.09,438369.75,,0,0,93083.15,43.43,0
B207428,IT,5,500000.0,395040.03,20.99,0,0,63532.27,58.02,0
B207995,retail,29,500000.0,420222.63,15.96,0,0,71008.86,52.03,0
B208703,Services,13,500000.0,423903.74,15.22,0,0,79720.67,54.12,0
B202701,,27,500000.0,404859.39,19.03,0,0,49519.86,53.69,0
B208328,Healthcare,29,500000.0,433654.06,13.27,1,0,68997.53,53.56,0
B200116,Manufacturing,33,500000.0,401247.12,19.75,0,0,46472.1,50.46,0
B209070,Retail,24,500000.0,377623.43,24.48,0,0,105361.44,61.28,1
B209724,Services,3,1937648.33,345449.87,30.91,1,0,94478.3,43.82,0
B206492,Food,13,500000.0,362510.59,27.5,0,0,89507.66,46.36,0
B206947,Services,3,500000.0,359642.51,28.07,1,0,57803.44,48.69,0
B209818,it,12,500000.0,376113.61,24.78,1,0,113522.13,48.17,0
B209148,Food,10,500000.0,390696.82,21.86,0,0,74102.96,57.21,0
B204525,IT,16,500000.0,2069800.81,24.1,1,0,33037.0,48.85,0
B201476,Services,13,500000.0,388740.87,22.25,0,0,28524.69,52.51,0
B200378,Services,13,500000.0,316310.67,36.74,0,0,66068.15,54.1,0
B204613,Healthcare,11,500000.0,365330.86,26.93,0,0,80007.63,52.57,0
B206189,Food,43,500000.0,381629.18,23.67,0,0,81922.8,48.3,0
B200419,Services,23,500000.0,403466.14,19.31,1,1,57387.34,59.23,0
B203756,Healthcare,19,500000.0,419173.57,16.17,0,0,62001.65,51.05,0
B206610,Manufacturing,36,500000.0,411605.42,17.68,1,0,77142.85,62.76,1
B200583,Healthcare,3,500000.0,416062.54,16.79,1,0,39892.17,51.15,0
B207946,Services,5,500000.0,434555.62,13.09,0,0,60102.66,45.53,0
B207757,Services,20,500000.0,410852.2,17.83,0,0,94279.5,53.77,0
B209529,Healthcare,18,500000.0,398687.87,20.26,1,0,53890.95,47.21,0
B207457,Food,8,500000.0,416241.11,16.75,1,1,60795.74,71.0,1
B202737,IT,14,812554.48,635794.57,21.75,1,0,182798.93,51.97,0
B204479,Retail,42,500000.0,449793.2,10.04,0,0,72777.76,61.94,1
B204984,Retail,22,500000.0,441076.81,11.78,0,0,48782.35,49.93,0
B206117,Services,3,500000.0,412054.11,17.59,1,0,71721.63,52.73,0
B200306,Manufacturing,44,500000.0,355720.64,28.86,0,0,,42.22,0
B206305,Services,11,500000.0,353623.07,29.28,0,0,77270.69,52.96,0
B202837,Services,32,500000.0,356401.13,28.72,0,0,32022.58,55.06,0
B203468,Services,12,500000.0,327406.38,34.52,0,0,93545.63,49.58,0
B208101,Services,23,791227.47,580901.75,26.58,0,0,101079.22,51.03,0
B205586,Services,20,500000.0,327610.81,34.48,0,0,162921.66,49.35,0
B207788,Manufacturing,45,500000.0,388735.06,22.25,1,0,53442.67,58.89,0
B204544,Manufacturing,45,500000.0,382793.72,23.44,1,0,129887.12,50.58,0
B200651,Manufacturing,66,500000.0,329286.34,34.14,0,0,76375.57,41.28,0
B209120,manufacturing,59,500000.0,390856.21,21.83,0,0,52626.69,47.95,0
B201529,Food,10,500000.0,370277.17,25.94,0,0,79203.15,52.94,0
B203868,IT,18,500000.0,355553.59,28.89,1,0,46233.85,50.49,0
B201074,Retail,35,500000.0,399779.94,20.04,1,0,73271.69,52.97,0
B203147,Retail,27,500000.0,442902.17,11.42,0,0,62193.59,51.23,0
B203801,Services,5,500000.0,402874.6,19.43,1,0,82798.94,54.83,0
B209562,IT,17,500000.0,362984.81,27.4,1,0,,42.57,0
B200608,Services,23,500000.0,343103.51,31.38,1,0,64769.45,43.06,0
B205421,Manufacturing,41,500000.0,474329.43,5.13,0,0,71540.11,68.83,1
B206095,Services,31,500000.0,322025.95,35.59,1,0,80601.7,40.65,0
B204249,Services,31,500000.0,371547.52,25.69,0,0,72269.77,36.56,0
B208231,Services,3,500000.0,394541.02,21.09,0,0,84531.87,51.36,0
B202798,IT,24,500000.0,360362.44,27.93,0,0,83845.72,53.64,0
B201779,IT,31,500000.0,356714.82,28.66,0,0,,55.43,0
B201943,Retail,29,500000.0,391902.24,21.62,0,0,47477.8,51.38,0
B209240,IT,28,500000.0,338731.95,32.25,1,0,,40.19,0
B204827,Retail,7,500000.0,404063.86,19.19,0,0,78005.82,53.44,0
B209162,IT,17,500000.0,351634.56,29.67,0,0,89933.22,47.41,0
B208185,Services,23,500000.0,417478.88,16.5,0,0,81016.24,64.64,1
B203983,IT,22,500000.0,372360.15,25.53,0,0,96632.69,53.0,0
B201770,Services,14,500000.0,373723.2,25.26,0,0,59266.67,43.53,0
B202865,IT,3,500000.0,340354.98,31.93,0,0,108502.39,40.75,0
B206531,Manufacturing,27,656514.73,574053.94,12.56,1,1,50723.75,72.42,1
B205162,Retail,31,500000.0,371917.82,25.62,0,0,82729.91,47.71,0
B203418,Food,13,500000.0,424585.95,15.08,1,0,30420.44,58.14,0
B202462,Retail,28,500000.0,385408.17,22.92,1,0,76535.16,47.61,0
B209959,Food,14,706940.3,531368.85,24.84,0,0,117425.61,47.49,0
B207039,Manufacturing,27,500000.0,337332.92,32.53,0,0,88238.76,34.57,0
B203802,IT,33,500000.0,339450.09,32.11,0,0,,47.74,0
B206599,Manufacturing,39,500000.0,357112.55,28.58,1,0,47335.31,43.74,0
B208354,Food,23,500000.0,377106.49,24.58,0,0,66104.12,56.36,0
B205573,Food,15,500000.0,327012.39,34.6,1,0,87171.15,37.92,0
B200715,Retail,43,500000.0,361063.39,27.79,1,0,38083.9,57.29,0
B203211,Retail,30,500000.0,387418.8,22.52,0,0,50527.23,48.99,0
B200414,Manufacturing,52,500000.0,378257.08,24.35,0,0,79468.85,51.6,0
B206935,Retail,8,500000.0,407403.61,18.52,1,0,69426.69,58.15,0
B202993,,23,500000.0,440378.02,11.92,0,0,,61.06,1
B207976,IT,11,500000.0,335811.19,32.84,0,0,53285.7,34.87,0
B207982,Manufacturing,48,500328.64,406992.5,,1,0,86298.88,51.32,0
B203127,Manufacturing,41,500000.0,410076.2,17.98,0,0,58675.18,56.71,0
B201827,Manufacturing,58,500000.0,361188.66,,0,0,76236.65,55.47,0
B204589,Manufacturing,39,500000.0,422676.54,15.46,1,1,50507.54,66.12,1
B208973,IT,25,631710.98,498012.81,21.16,0,0,103150.23,42.56,0
B207109,Healthcare,27,500000.0,383171.3,23.37,0,0,50670.69,50.33,0
B206946,Retail,46,500000.0,390777.78,21.84,0,0,69327.79,59.33,0
B209666,Healthcare,16,500000.0,383437.2,23.31,1,0,58781.79,55.02,0
B209249,IT,5,500000.0,363663.78,27.27,1,0,68758.83,45.99,0
B200890,,5,500000.0,403186.56,19.36,0,0,84300.75,52.56,0
B208361,Services,26,500000.0,344150.03,31.17,0,0,128274.06,43.22,0
B206892,Services,31,500000.0,351385.22,,0,0,107934.31,51.06,0
B207785,Retail,26,500000.0,459931.25,8.01,1,0,30356.21,52.38,0
B202545,Retail,37,500000.0,389083.74,22.18,0,0,114508.24,48.43,0
B209503,Manufacturing,61,500000.0,394693.23,21.06,0,0,94109.66,49.43,0
B203934,Food,19,500000.0,385016.89,23.0,0,0,75041.5,43.24,0
B208717,Manufacturing,44,500000.0,375542.28,24.89,0,0,89994.33,47.84,0
B208041,IT,3,504661.24,391936.32,22.34,1,0,71936.11,45.63,0
B205316,food,17,500000.0,343641.87,,0,0,101635.42,54.07,0
B207826,Retail,21,500000.0,1936450.12,23.2,1,1,75140.23,62.58,1
B208124,Retail,32,500000.0,361764.69,,0,0,85162.82,45.02,0
B203087,manufacturing,47,500000.0,390020.11,22.0,0,0,68452.67,48.15,0
B206865,,3,500000.0,382438.31,23.51,0,0,54758.65,49.31,0
B203827,Retail,31,500000.0,390885.76,21.82,0,0,73975.14,57.5,0
B202518,Food,19,500000.0,419982.13,16.0,0,0,56580.45,50.38,0
B202385,Food,41,500000.0,391445.53,21.71,0,0,76773.44,49.5,0
B203221,Retail,36,500000.0,384413.62,23.12,0,0,67302.93,53.38,0
B202673,manufacturing,51,500000.0,428317.75,14.34,0,0,58704.06,57.71,0
B209241,Manufacturing,52,500000.0,394810.89,21.04,1,0,88446.47,43.14,0
B202302,Retail,5,500000.0,431547.3,13.69,0,0,76288.37,54.49,0
B207471,Retail,19,500000.0,417338.72,16.53,1,1,60348.5,64.37,1
B208140,Healthcare,3,3318510.13,2093529.36,20.45,0,0,219767.1,52.35,0
B204933,IT,38,500000.0,306393.83,38.72,1,0,121305.37,40.98,0
B209076,healthcare,7,500000.0,358849.94,28.23,0,0,81134.99,58.88,0
B204879,Services,22,500000.0,393879.71,21.22,0,0,78181.85,48.41,0
B200283,Manufacturing,32,500000.0,383771.05,23.25,0,0,125045.17,48.88,0
B200591,Manufacturing,38,500000.0,375945.73,24.81,0,0,78891.93,52.49,0
B205348,Food,33,500000.0,403695.62,19.26,0,0,66278.6,41.89,0
B207611,Healthcare,15,3234513.72,329505.43,34.1,1,0,91834.96,40.06,0
B204561,Retail,22,500000.0,407239.34,18.55,1,1,32537.29,67.38,1
B201273,Manufacturing,55,500000.0,485931.66,2.81,1,0,67067.69,53.54,0
B203861,Manufacturing,57,500000.0,392110.37,21.58,1,0,5998.71,62.62,1
B203110,Services,3,500000.0,377611.58,24.48,0,0,89334.55,46.92,0
B205295,Retail,29,500000.0,464224.33,7.16,1,0,62025.71,62.25,1
B203402,Healthcare,32,500000.0,340616.5,31.88,0,0,71369.08,50.08,0
B209532,Healthcare,22,500000.0,419442.59,16.11,1,0,51667.69,60.79,1
B209114,IT,3,500000.0,358816.34,28.24,0,0,44650.04,47.21,0
B201474,Healthcare,32,500000.0,346627.31,30.67,0,0,79278.35,47.81,0
B208971,Services,9,500000.0,393189.9,21.36,0,0,92800.6,51.41,0
B207602,Services,26,500000.0,346133.58,30.77,0,0,102868.76,48.92,0
B207112,Manufacturing,24,500000.0,390679.81,21.86,0,0,101908.19,48.78,0
B209369,Services,18,500000.0,355899.16,28.82,0,0,95261.51,46.63,0
B207047,Manufacturing,21,500000.0,457112.34,8.58,0,0,61742.53,59.94,0
B205136,Services,21,500000.0,292393.56,41.52,0,0,120102.33,39.18,0
B201141,food,31,500000.0,431666.09,13.67,0,0,39767.86,53.74,0
B203840,nan,3,500000.0,377122.73,24.58,0,0,100423.28,54.51,0
B204521,Healthcare,13,500000.0,385224.02,22.96,0,0,43435.62,51.28,0
B203483,Retail,21,500000.0,416507.57,16.7,1,0,63516.11,70.33,1
B201714,Services,21,500000.0,361087.12,27.78,0,0,97181.48,50.73,0
B200632,retail,8,500000.0,422327.37,15.53,0,0,415643.95,53.75,0
B209482,Services,17,500000.0,439578.31,12.08,0,0,68861.77,64.13,1
B208714,Manufacturing,32,500000.0,413729.47,17.25,0,0,81262.41,49.71,0
B209646,Manufacturing,61,500000.0,425026.36,14.99,0,0,85578.27,46.18,0
B200552,Retail,24,500000.0,410276.02,17.94,0,0,84968.39,46.4,0
B209863,Manufacturing,33,500000.0,415250.89,16.95,1,0,81661.84,59.84,0
B203727,Food,14,500000.0,411552.08,17.69,0,0,39703.89,42.24,0
B204083,it,13,500000.0,402787.11,19.44,0,0,87413.71,57.72,0
B207641,Retail,21,500000.0,384103.88,23.18,0,0,61370.72,48.9,0
B209462,Manufacturing,54,500000.0,382320.63,23.54,1,0,57294.23,47.23,0
B209066,Food,15,599195.04,459978.65,23.23,1,1,93083.82,69.38,1
B201876,Manufacturing,36,500000.0,395132.21,20.97,0,0,58403.88,58.88,0
B208790,IT,31,500000.0,372996.58,25.4,0,0,46568.96,47.54,0
B203653,Retail,28,500000.0,440041.09,11.99,1,1,86371.26,63.63,1
B206998,IT,23,500000.0,285548.34,42.89,0,0,120676.45,40.88,0
B205122,Services,44,500000.0,367134.23,26.57,1,0,84782.31,44.57,0
B209783,Manufacturing,36,500000.0,386529.44,22.69,1,0,,47.5,0
B204698,Services,9,500000.0,417945.17,16.41,0,0,42745.2,54.55,0
B202620,Retail,30,500000.0,401687.82,19.66,1,0,74619.93,55.38,0
B206000,Retail,35,500000.0,412511.71,17.5,1,0,,57.78,0
B203093,Manufacturing,56,500000.0,369781.32,26.04,0,0,84663.07,43.01,0
B205431,Retail,12,614851.47,546095.38,11.18,0,0,71018.22,58.87,0
B203064,Retail,40,500000.0,429213.4,14.16,1,0,47120.18,50.71,0
B200492,,40,500000.0,425952.61,14.81,0,0,70555.85,55.57,0
B202744,services,13,500000.0,394897.59,21.02,0,0,80993.04,47.22,0
B205587,Healthcare,12,500000.0,343476.93,31.3,0,0,111403.35,51.36,0
B206579,Retail,27,500000.0,443685.16,11.26,1,0,66764.59,47.25,0
B202050,Services,7,500000.0,375237.18,24.95,0,0,57279.28,55.61,0
B204580,IT,22,500000.0,441934.49,11.61,0,0,60751.93,59.22,0
B205334,Services,33,500000.0,1391884.47,24.57,0,0,104558.02,53.37,0
B205366,Retail,26,2877776.46,428832.23,14.23,1,0,81656.14,49.8,0
B200154,Manufacturing,52,500000.0,387043.42,22.59,0,0,58177.26,54.08,0
B207203,Manufacturing,46,500000.0,384928.87,23.01,0,0,61362.74,45.65,0
B204687,Manufacturing,47,500000.0,346488.56,30.7,0,0,86257.48,46.79,0
B202390,IT,3,713303.2,449908.95,,0,0,118390.13,37.75,0
B207482,Healthcare,4,500000.0,329440.69,34.11,0,0,99885.3,41.09,0
B207171,Food,3,500000.0,422710.1,15.46,0,0,57065.04,55.74,0
B200300,Retail,42,500000.0,396000.54,20.8,0,0,63852.98,44.05,0
B202172,Services,29,500000.0,2247651.82,21.65,1,1,48626.83,65.89,1
B209925,Healthcare,12,500000.0,400124.87,19.98,1,0,350998.66,53.41,0
B202459,IT,42,500000.0,334809.41,33.04,0,0,84048.22,47.22,0
B201573,Services,23,1810749.24,427521.56,14.5,0,0,,52.67,0
B201596,IT,3,500000.0,331974.18,33.61,0,0,113579.71,49.13,0
B207036,Services,35,500000.0,419929.17,16.01,0,0,28749.55,52.61,0
B205954,IT,31,500000.0,375073.43,24.99,0,0,84206.34,52.21,0
B207685,Food,17,500000.0,404836.79,19.03,0,0,79219.12,60.01,1
B209389,Food,8,500000.0,398009.01,20.4,0,0,96138.19,53.1,0
B202885,Food,30,500000.0,379006.13,24.2,0,0,90844.72,50.28,0
B206426,Services,14,500000.0,339384.97,32.12,0,0,92843.14,39.34,0
B204733,Healthcare,20,500000.0,381350.5,23.73,0,0,82895.09,54.51,0
B202580,Manufacturing,54,500000.0,405753.36,18.85,1,0,88829.6,60.4,1
B203562,Food,26,500000.0,368732.13,26.25,0,0,131204.21,60.59,1
B204439,Retail,35,500000.0,468376.87,6.32,1,0,40696.1,62.54,1
B200465,Healthcare,25,500000.0,364844.85,27.03,1,0,79606.65,48.91,0
B208039,Healthcare,30,500000.0,376694.35,24.66,0,0,75507.02,58.14,0
B207473,Retail,38,500000.0,446854.33,10.63,0,0,51405.59,60.89,1
B205599,Retail,25,500000.0,408935.08,18.21,0,0,46968.4,56.47,0
B204855,Food,17,500000.0,462107.74,7.58,0,0,38960.59,40.34,0
B208243,Retail,19,3383562.53,412824.51,17.44,0,0,30709.49,56.09,0
B204931,Retail,24,500000.0,395556.98,20.89,1,0,104978.03,52.42,0
B206229,Retail,48,500000.0,419822.99,16.04,0,0,96353.66,41.37,0
B201186,Manufacturing,49,500000.0,395368.88,20.93,0,0,57574.99,52.13,0
B207159,Manufacturing,56,500000.0,439160.34,12.17,1,0,47781.35,59.87,0
B202557,IT,15,500000.0,309690.83,38.06,0,0,104311.75,43.73,0
B202617,retail,25,500000.0,411726.88,,0,0,64451.22,53.17,0
B200163,Food,24,500000.0,333741.27,33.25,0,0,91223.19,47.42,0
B205738,Retail,34,500000.0,385018.82,23.0,1,0,82908.48,44.67,0
B203752,Retail,22,500000.0,437504.02,12.5,0,0,45734.16,51.05,0
B204103,Services,8,500000.0,398331.13,20.33,0,0,76260.21,57.04,0
B203965,Services,32,500000.0,339209.55,32.16,1,1,89802.22,62.76,1
B207942,Retail,30,500000.0,1680507.23,16.15,0,0,64028.06,52.45,0
B200483,Retail,16,500000.0,377144.01,24.57,0,0,59785.39,54.0,0
B207652,Services,4,500000.0,359084.93,28.18,0,0,88997.3,50.71,0
B208705,Services,3,500000.0,377098.81,24.58,0,0,100881.01,62.31,1
B205544,Retail,15,500000.0,441837.06,11.63,0,0,57867.08,45.37,0
B207679,IT,17,500000.0,374515.55,25.1,0,0,70348.46,48.04,0
B200247,Food,31,500000.0,413409.57,17.32,0,0,116438.55,52.77,0
B202678,IT,3,500000.0,389792.77,22.04,0,0,412289.42,50.74,0
B200235,Healthcare,16,500000.0,425204.54,14.96,0,0,77812.32,46.34,0
B207288,Manufacturing,56,500000.0,402725.81,19.45,1,0,39909.38,56.9,0
B200653,Food,30,500000.0,349128.28,30.17,0,0,67571.78,54.49,0
B205956,Manufacturing,33,500000.0,380319.32,23.94,1,0,107212.65,37.75,0
B202586,IT,3,1500173.33,353201.66,,0,0,67427.48,38.74,0
B201870,Services,19,500000.0,349014.2,30.2,0,0,86811.29,48.8,0
B205570,,10,500000.0,390863.4,21.83,1,0,69584.39,51.55,0
B205164,Manufacturing,43,500000.0,390230.54,21.95,0,0,91358.94,51.75,0
B209618,IT,25,500000.0,403329.81,19.33,1,0,75840.36,53.59,0
B203266,Manufacturing,31,500000.0,422599.56,15.48,0,0,56581.16,60.3,1
B207385,Services,30,500000.0,409887.15,18.02,0,0,94930.35,47.81,0
B204804,Retail,19,500000.0,384329.2,23.13,1,0,105516.61,61.49,1
B206549,Retail,34,500000.0,372965.87,25.41,1,0,93345.15,44.57,0
B208362,services,3,500000.0,329857.83,34.03,1,0,105322.58,45.7,0
B205354,Healthcare,30,500000.0,418803.35,16.24,0,0,86955.24,54.1,0
B207861,Food,29,580167.64,414875.79,28.49,0,0,85397.32,59.06,0
B201108,Services,23,500000.0,366198.41,26.76,0,0,47116.68,54.3,0
B203458,Services,9,500000.0,364067.8,27.19,0,0,71920.44,51.75,0
B202582,Services,25,500000.0,378901.62,24.22,0,0,75540.06,48.74,0
B203269,Food,23,2108858.05,449281.91,10.14,1,0,61074.67,62.52,1
B207119,healthcare,31,500000.0,381801.81,23.64,0,0,56749.4,51.15,0
B201784,,37,500000.0,385327.65,22.93,1,0,32155.25,51.37,0
B200685,Healthcare,42,500000.0,429006.53,14.2,0,0,70682.47,58.72,0
B207296,Retail,29,500000.0,392040.21,21.59,0,0,82510.5,45.92,0
B202454,Food,17,500000.0,385942.59,22.81,1,1,74236.64,64.64,1
B207760,Services,3,500000.0,402793.26,19.44,1,0,50153.95,51.24,0
B205194,retail,14,500000.0,374774.42,25.05,0,0,100902.86,58.4,0
B202189,Services,3,500000.0,388072.11,22.39,0,0,104460.58,50.93,0
B201090,Services,16,500000.0,408203.5,18.36,0,0,74170.7,46.92,0
B209856,Retail,32,500000.0,432122.42,13.58,0,0,57762.91,51.81,0
B206299,Retail,36,500000.0,431642.62,13.67,0,0,51680.07,57.97,0
B209466,Healthcare,24,500000.0,372824.14,25.44,1,1,69194.75,70.3,1
B207184,IT,11,924079.0,647674.95,29.91,0,0,174922.21,44.47,0
B202720,Retail,34,500000.0,431005.4,13.8,0,0,54376.83,54.56,0
B206962,it,17,500000.0,400028.46,19.99,0,0,61758.09,50.83,0
B208915,Retail,33,500000.0,443623.12,11.28,0,0,70567.12,55.39,0
B202979,Retail,41,500000.0,410988.35,17.8,0,0,53659.02,57.74,0
B209079,Food,24,500000.0,369290.26,26.14,0,0,121896.79,55.9,0
B205994,Retail,29,500000.0,383668.51,23.27,1,0,101492.35,58.04,0
B203161,Services,14,500000.0,376045.91,24.79,1,0,70107.75,53.38,0
B207372,Services,32,500000.0,372568.72,25.49,0,0,95392.71,48.54,0
B202092,Food,31,500000.0,339959.33,32.01,1,0,104115.32,47.15,0
B202366,Manufacturing,51,500000.0,426898.83,14.62,1,1,58808.79,70.73,1
B206307,Manufacturing,54,500000.0,400142.66,19.97,0,0,69199.06,52.75,0
B206304,Manufacturing,41,1339093.45,1054929.2,21.22,0,0,114083.96,55.25,0
B202409,Retail,20,500000.0,399745.65,20.05,0,0,421085.33,48.97,0
B201075,Retail,36,500000.0,413214.8,17.36,1,0,64973.92,45.16,0
B209974,Healthcare,36,500000.0,356376.48,28.72,0,0,60646.65,50.11,0
B208286,Services,46,500000.0,364523.54,27.1,1,0,104320.47,50.69,0
B204705,IT,41,500000.0,326858.02,34.63,0,0,80024.39,41.06,0
B205375,Manufacturing,45,500000.0,392665.66,21.47,0,0,77086.25,47.86,0
B206602,Manufacturing,58,1784955.62,376256.2,24.75,0,0,77500.95,43.89,0
B204965,,25,500000.0,417534.2,16.49,1,0,19266.49,51.36,0
B202716,Manufacturing,52,500000.0,418352.3,16.33,1,0,19680.83,52.49,0
B205416,Manufacturing,36,500000.0,404156.31,19.17,0,0,,57.04,0
B208700,Manufacturing,49,500000.0,403406.92,19.32,1,0,57903.3,51.29,0
B200331,Food,25,500000.0,369394.66,26.12,0,0,65494.52,45.08,0
B200447,Services,42,500000.0,366601.16,26.68,0,0,823473.06,43.39,0
B208460,Services,29,500000.0,390503.73,21.9,0,0,59157.36,50.16,0
B205070,Retail,52,500000.0,392687.69,21.46,1,1,59986.58,55.08,0
B204874,Services,38,500000.0,381488.64,23.7,0,0,82975.8,43.55,0
B201044,Manufacturing,56,500000.0,408415.51,18.32,0,0,82423.76,52.41,0
B203922,Retail,15,500000.0,380763.35,23.85,0,0,53371.33,49.8,0
B206060,Retail,39,500000.0,1659686.93,17.95,1,0,41656.04,59.75,0
B202292,IT,22,500000.0,384336.27,23.13,0,0,66481.12,53.36,0
B207772,Retail,34,500000.0,436914.43,12.62,1,1,56532.2,69.89,1
B204442,Retail,21,500000.0,423833.38,15.23,0,0,59777.1,58.2,0
B204222,Retail,17,500000.0,385378.75,22.92,0,0,88396.04,50.05,0
B202895,IT,35,500000.0,353918.81,29.22,0,0,324367.33,47.48,0
B203512,IT,20,500000.0,303913.82,39.22,0,0,125063.68,38.85,0
B201018,Healthcare,21,500000.0,2020174.76,16.56,0,0,38313.4,52.65,0
B205821,Services,3,500000.0,385829.08,22.83,1,0,84165.05,48.01,0
B205069,Services,12,500000.0,353740.3,29.25,0,0,24552.23,37.38,0
B207182,Manufacturing,56,500000.0,381584.35,23.68,1,0,93622.71,53.22,0
B201520,Food,23,500000.0,325125.94,34.97,1,0,78623.63,37.27,0
B202598,Services,17,500000.0,380176.47,23.96,0,0,78928.41,49.66,0
B206518,Services,17,500000.0,377680.12,24.46,0,0,91786.92,46.06,0
B206244,Retail,39,500000.0,396066.65,20.79,1,0,104632.14,49.94,0
B208675,Services,4,500000.0,405409.48,18.92,1,0,67704.56,48.52,0
B207031,Services,13,500000.0,380887.84,23.82,0,0,90924.75,38.37,0
B206544,Manufacturing,50,500000.0,394539.98,21.09,0,0,92693.61,48.25,0
B203788,Services,21,500000.0,395177.97,20.96,0,0,81810.17,51.14,0
B203671,Manufacturing,45,548129.95,410827.13,25.05,1,0,59536.79,51.81,0
B200262,Services,12,500000.0,403381.27,19.32,0,0,73409.6,47.57,0
B206458,it,3,500000.0,341455.97,31.71,0,0,60137.95,45.83,0
B208122,Retail,41,500000.0,428845.93,14.23,1,1,61864.13,78.96,1
B202868,Food,31,500000.0,384810.59,23.04,0,0,44194.34,46.03,0
B202519,Services,13,500000.0,400569.54,19.89,1,0,42646.87,53.25,0
B207388,,22,500000.0,382099.35,23.58,0,0,94828.76,36.34,0
B200943,Food,37,500000.0,372963.7,25.41,0,0,93380.9,46.65,0
B200450,Food,13,500000.0,365635.43,26.87,0,0,73288.1,46.18,0
B205630,Manufacturing,76,500000.0,436170.08,12.77,0,0,55469.18,59.9,0
B201311,Healthcare,8,500000.0,380811.49,23.84,0,0,95379.99,47.57,0
B207582,Food,3,500000.0,410322.45,17.94,0,0,19406.45,52.36,0
B201858,Manufacturing,38,500000.0,383356.95,23.33,1,1,444793.4,62.04,1
B204489,Services,25,500000.0,367209.71,26.56,0,0,65863.25,57.63,0
B203554,Retail,41,500000.0,447911.34,10.42,0,0,62205.59,59.59,0
B200850,Food,3,500000.0,418026.34,16.39,0,0,63206.4,57.23,0
B209045,Services,20,1662534.2,386113.28,22.78,0,0,83837.9,47.85,0
B200675,Food,3,500000.0,363614.93,27.28,0,0,63676.38,50.74,0
B207846,Services,19,541126.05,464730.84,14.12,0,0,62383.71,51.95,0
B207656,Retail,32,500000.0,405579.85,18.88,0,0,77131.1,49.06,0
B201443,IT,7,500000.0,311263.9,37.75,0,0,61921.98,41.44,0
B200134,Healthcare,3,500000.0,390190.54,21.96,0,0,71391.48,46.63,0
B200440,Food,18,500000.0,386205.46,22.76,0,0,64254.45,57.64,0
B207710,Healthcare,10,500000.0,397541.0,20.49,1,1,90084.47,68.67,1
B200479,IT,40,500000.0,423959.09,15.21,0,0,52243.79,60.09,1
B209427,Food,7,500000.0,361288.76,27.74,0,0,97897.13,44.57,0
B208752,Food,23,500000.0,397709.24,20.46,0,0,85528.32,49.77,0
B207186,Food,22,500000.0,462634.97,7.47,0,0,24357.75,51.31,0
B206718,Healthcare,23,500000.0,406390.88,18.72,0,0,73029.97,55.37,0
B202820,Retail,19,500000.0,370904.51,25.82,1,0,107381.46,58.87,0
B206119,Food,5,500000.0,371213.02,25.76,0,0,57732.36,46.17,0
B201212,IT,22,500000.0,349610.87,30.08,0,0,78167.29,51.21,0
B200841,Food,3,500000.0,361013.98,27.8,0,0,113344.41,42.74,0
B201569,Services,3,500000.0,408766.03,18.25,0,0,53140.81,51.49,0
B202671,Services,26,500000.0,385125.01,22.97,0,0,108022.13,50.61,0
B205826,Retail,20,500000.0,387034.93,22.59,0,0,52464.4,47.85,0
B207440,retail,40,500000.0,381507.58,23.7,0,0,77415.69,53.24,0
B206132,Retail,26,500000.0,432281.38,13.54,1,1,72545.04,71.42,1
B207353,Services,34,500000.0,344517.74,,0,0,75677.01,40.86,0
B209408,Manufacturing,74,500000.0,355004.65,29.0,1,1,73656.21,74.65,1
B200245,IT,21,535201.49,364606.5,31.87,0,0,130519.79,48.36,0
B207467,Retail,6,500000.0,454668.38,9.07,0,0,30937.09,56.78,0
B206155,Retail,13,500000.0,468304.12,6.34,0,0,63906.45,61.6,1
B200662,IT,4,500000.0,332162.49,33.57,1,0,43607.56,48.91,0
B207728,Healthcare,24,500000.0,403344.65,19.33,0,0,44038.56,56.88,0
B201014,Retail,35,500000.0,484592.77,3.08,1,0,62998.87,61.65,1
B203702,Manufacturing,22,500000.0,352634.73,29.47,0,0,72666.11,48.0,0
B207676,Retail,35,500000.0,390935.09,21.81,1,0,92847.3,49.23,0
B208477,Healthcare,15,500000.0,385461.64,22.91,0,0,121194.94,56.68,0
B203264,Food,35,500000.0,434684.69,13.06,0,0,66899.29,56.77,0
B201989,Retail,38,500000.0,425617.77,14.88,1,0,76391.37,54.08,0
B204330,IT,3,500000.0,360536.14,27.89,0,0,71018.54,44.33,0
B204712,Services,9,546258.68,429005.49,21.46,1,0,56730.31,47.54,0
B205144,IT,26,500000.0,362817.51,,0,0,95829.51,38.37,0
B201055,Retail,50,500000.0,389020.53,22.2,0,0,85008.82,41.35,0
B200453,Food,32,500000.0,416602.38,16.68,0,0,32657.22,63.72,1
B206657,Food,14,500000.0,366519.66,26.7,0,0,79641.31,54.29,0
B208181,IT,14,500000.0,2005302.43,,1,0,56741.94,42.86,0
B201940,Food,27,500000.0,400763.81,19.85,1,0,100735.9,53.15,0
B202681,Food,7,500000.0,410070.13,17.99,0,0,68168.91,54.28,0
B207686,IT,33,500000.0,359861.24,28.03,0,0,50624.51,42.7,0
B201213,Manufacturing,40,512767.95,2304657.53,13.94,0,0,83825.17,54.38,0
B206993,Manufacturing,47,500000.0,398307.96,20.34,1,0,89250.21,52.13,0
B208781,Retail,17,500000.0,441420.19,11.72,1,0,60483.01,48.6,0
B206857,it,39,690989.53,576749.8,16.53,0,0,90066.79,46.19,0
B200950,Retail,38,500000.0,465363.7,6.93,1,0,45305.15,58.79,0
B207554,Services,3,500000.0,383593.48,23.28,0,0,68455.71,50.51,0
B201582,Healthcare,15,500000.0,376251.83,,0,0,22619.85,48.66,0
B203915,Healthcare,28,500000.0,2179656.87,,1,0,42122.72,54.86,0
B206451,Retail,22,500000.0,2102271.97,12.66,1,0,60853.76,48.07,0
B205467,manufacturing,53,500000.0,380344.08,23.93,0,0,91490.02,50.76,0
B202790,Food,29,500000.0,386883.25,22.62,0,0,115452.68,53.13,0
B203637,Healthcare,21,500000.0,419087.76,16.18,1,0,32234.96,48.43,0
B208014,IT,26,500000.0,384462.46,23.11,0,0,47465.39,49.87,0
B208882,Food,13,500000.0,379730.7,24.05,0,0,71318.44,55.98,0
B206852,Services,18,500000.0,384005.91,23.2,0,0,114018.84,50.38,0
B206122,Retail,22,500000.0,448337.14,10.33,0,0,33992.71,50.91,0
B201717,,16,2239338.86,409208.23,18.16,1,0,84849.05,55.17,0
B207914,Services,6,596618.55,412038.09,30.94,0,0,63100.98,41.86,0
B201899,Retail,32,500000.0,418507.96,16.3,1,0,49947.99,55.28,0
B205831,Manufacturing,29,1210062.9,867391.61,,0,0,257499.3,42.36,0
B200543,Manufacturing,65,500000.0,324575.22,35.08,0,0,87526.02,48.28,0
B203255,Healthcare,20,500000.0,399718.72,,0,0,106336.91,41.71,0
B203787,Services,42,500000.0,329711.04,34.06,0,0,116883.24,47.42,0
B204499,Retail,49,500000.0,408079.4,18.38,0,0,43400.83,50.93,0
B203130,Retail,15,500000.0,412274.14,17.55,0,0,71990.31,47.02,0
B205631,Food,40,531434.0,415650.86,21.79,0,0,58006.69,62.76,1
B209099,Food,30,500000.0,414093.22,,0,0,39504.0,56.87,0
B201523,Food,13,500000.0,412862.45,17.43,1,0,36241.63,54.42,0
B201390,Food,20,500000.0,409505.9,18.1,0,0,44582.79,54.5,0
B207273,IT,9,500000.0,321170.09,35.77,0,0,78345.15,43.61,0
B202606,IT,18,500000.0,366812.29,26.64,1,0,39390.15,58.57,0
B204956,,30,500000.0,395323.52,20.94,0,0,100046.74,41.11,0
B205597,retail,14,500000.0,401349.1,19.73,1,1,104625.97,70.49,1
B201895,Services,19,500000.0,408197.45,18.36,0,0,65660.73,66.44,1
B201753,Healthcare,4,500000.0,403893.23,19.22,0,0,72094.71,56.61,0
B208259,retail,29,500000.0,387246.69,22.55,0,0,,48.36,0
B207046,IT,29,2370510.32,361678.19,27.66,1,0,124580.29,41.96,0
B204558,Food,15,973190.58,776910.26,20.17,0,0,189052.5,57.07,0
B203563,Manufacturing,52,500000.0,382190.42,23.56,0,0,64938.33,44.04,0
B205341,Services,7,500000.0,299696.39,40.06,0,0,97004.57,36.71,0
B207149,Retail,36,500000.0,419808.71,16.04,1,0,33505.87,58.62,0
B208425,Manufacturing,26,500000.0,415256.52,16.95,1,0,91237.17,57.76,0
B207746,Manufacturing,56,500000.0,347892.35,30.42,1,0,93742.32,51.19,0
B209184,Retail,48,500000.0,381221.23,23.76,0,0,135705.4,56.98,0
B204532,Services,11,500000.0,333121.04,33.38,1,0,58619.34,50.12,0
B204259,Services,25,600021.72,418593.52,30.24,0,0,131738.69,44.39,0
B205190,Services,29,500000.0,412537.28,,1,0,70731.68,52.53,0
B207362,Retail,30,500000.0,408020.49,18.4,1,0,96344.39,50.72,0
B205903,Food,16,500000.0,390266.64,21.95,1,0,70297.79,60.42,1
B203247,Manufacturing,39,500000.0,351612.14,29.68,1,0,95862.09,52.23,0
B200252,Retail,15,1726693.89,416674.96,19.25,0,0,56349.87,59.07,0
B202534,IT,28,500000.0,364752.6,,0,0,51681.21,48.46,0
B202379,IT,14,500000.0,385195.54,22.96,1,0,128398.91,56.85,0
B200792,Manufacturing,36,500000.0,421194.3,15.76,1,0,43719.9,54.33,0
B205009,Food,26,500000.0,361085.15,27.78,1,0,65114.92,51.61,0
B203459,Retail,5,500000.0,423577.45,15.28,0,0,84453.79,51.58,0
B208939,Services,7,500000.0,417167.29,16.57,0,0,66610.81,55.49,0
B208870,Manufacturing,28,502322.2,391207.36,22.12,0,0,90242.1,49.01,0
B208999,Food,31,500000.0,365599.22,26.88,1,1,468979.43,73.54,1
B206709,Retail,31,500000.0,415337.19,16.93,1,0,93480.31,56.01,0
B204070,Manufacturing,39,500000.0,366913.43,26.62,0,0,80075.54,50.39,0
B200859,Retail,15,500000.0,421524.23,15.7,1,0,,52.37,0
B204535,IT,16,650736.85,545553.26,16.16,0,0,86855.79,47.45,0
B208771,Food,26,500000.0,425323.83,,0,0,59357.16,56.18,0
B204766,IT,16,500000.0,307725.99,38.45,1,0,104162.62,48.28,0
B207736,Retail,23,500000.0,366383.73,26.72,1,0,59958.22,50.41,0
B202850,manufacturing,49,500000.0,389238.47,22.15,1,0,61609.7,57.18,0
B202306,Retail,27,500000.0,441099.28,11.78,0,0,56646.46,54.86,0
B202505,Services,21,529139.13,403145.52,23.81,0,0,,46.18,0
B202772,IT,4,500000.0,346887.64,30.62,0,0,72792.39,52.14,0
B208307,Manufacturing,42,500000.0,383738.33,23.25,0,0,81440.51,58.42,0
B200074,Retail,17,500000.0,436252.6,12.75,0,0,40010.61,60.59,1
B205462,Services,16,500000.0,353264.76,,0,0,42674.52,50.64,0
B204642,,53,500000.0,451085.24,9.78,0,0,28204.51,52.65,0
B208982,Healthcare,18,500000.0,2501808.88,24.93,1,0,74789.73,50.74,0
B209368,,29,500000.0,409044.25,18.19,0,0,59694.31,49.27,0
B202465,Food,39,500000.0,344148.58,31.17,0,0,124932.86,37.72,0
B208238,Retail,39,500000.0,402037.26,,0,0,27802.59,49.81,0
B200309,IT,19,500000.0,371778.35,25.64,0,0,95494.36,56.72,0
B207139,Retail,28,500000.0,429278.33,14.14,0,0,,49.25,0
B200407,Manufacturing,39,500000.0,385602.59,22.88,0,0,116418.76,53.55,0
B203810,Healthcare,30,500000.0,381261.82,,1,0,88341.11,44.21,0
B205435,IT,3,500000.0,2615104.74,23.06,0,0,67245.31,50.78,0
B206051,Services,45,500000.0,1539310.46,14.92,0,0,75161.27,52.59,0
B205480,Food,26,500000.0,443014.44,11.4,0,0,41580.8,50.06,0
B204901,Healthcare,13,500000.0,321853.18,35.63,0,0,111834.67,44.71,0
B209589,Food,23,500000.0,386336.33,22.73,0,0,30857.64,49.76,0
B202893,Services,12,500000.0,404911.26,19.02,0,0,86782.38,53.67,0
B204270,Manufacturing,59,500000.0,1632345.39,25.81,1,0,88812.4,41.9,0
B209260,Food,17,500000.0,339960.71,32.01,0,0,90593.0,50.8,0
B206336,Retail,31,500000.0,392086.52,21.58,0,0,53809.83,44.36,0
B200330,Retail,45,500000.0,385641.17,22.87,0,0,42122.05,47.08,0
B202169,Retail,33,645920.55,580063.0,10.2,1,0,81522.55,58.12,0
B201967,,15,500000.0,461109.46,7.78,1,0,77155.22,54.32,0
B201429,Food,29,500000.0,400371.44,19.93,1,0,67178.62,51.65,0
B208503,Manufacturing,27,515761.02,387823.91,24.81,0,0,122134.86,51.74,0
B206032,Retail,51,500000.0,423398.28,15.32,1,0,56091.97,49.25,0
B208105,Retail,47,500000.0,415579.93,16.88,0,0,29624.66,51.12,0
B207547,Retail,33,500000.0,355087.77,28.98,1,0,87285.36,51.09,0
B206915,Retail,25,500000.0,368285.42,26.34,0,0,120249.01,43.07,0
B200017,Services,28,500000.0,351113.65,29.78,0,0,93287.31,43.86,0
B207406,Manufacturing,58,500000.0,367727.19,26.45,0,0,136244.47,55.86,0
B209061,Food,8,500000.0,404680.09,19.06,0,0,113523.6,56.12,0
B204155,Retail,24,500000.0,397018.06,20.6,0,0,58826.94,52.14,0
B205707,IT,26,1722467.53,388456.17,22.31,0,0,84317.88,47.02,0
B204486,Retail,22,500000.0,449873.7,10.03,1,0,54579.12,50.22,0
B205287,IT,31,500000.0,351520.78,29.7,0,0,108174.2,39.93,0
B202566,Healthcare,26,500000.0,368080.85,26.38,0,0,114246.72,45.05,0
B203617,Food,23,500000.0,384591.07,23.08,0,0,59664.6,52.41,0
B200012,Retail,34,500000.0,397128.64,20.57,0,0,54515.53,55.35,0
B202445,IT,20,500000.0,333899.78,33.22,1,0,83220.17,44.38,0
B209842,IT,19,500000.0,401141.48,19.77,1,0,67397.55,54.13,0
B200388,Retail,19,500000.0,411884.21,17.62,1,0,96717.06,56.84,0
B206295,Food,18,500000.0,1738212.98,16.85,0,0,54471.31,55.21,0
B207855,IT,24,500000.0,311104.91,37.78,0,0,141967.22,40.49,0
B205033,Retail,33,500000.0,431702.93,13.66,0,0,49311.14,45.65,0
B205662,IT,29,500000.0,352900.84,29.42,1,0,113173.07,44.83,0
B201372,Food,32,500000.0,398371.0,20.33,0,0,29291.5,48.45,0
B205827,IT,11,500000.0,333174.47,33.37,1,0,85243.23,48.43,0
B206105,Retail,34,500000.0,429865.8,14.03,0,0,44256.82,56.21,0
B201240,Manufacturing,51,500000.0,396808.91,20.64,0,0,77154.99,54.35,0
B209683,Retail,40,500000.0,423514.92,15.3,0,0,70464.63,49.55,0
B208619,Manufacturing,54,500000.0,394352.8,21.13,1,0,100254.36,57.14,0
B209868,Retail,31,500000.0,437601.08,12.48,0,0,92333.43,52.68,0
B208600,healthcare,4,500000.0,417251.35,16.55,1,0,29858.74,44.81,0
B201441,Services,13,500000.0,413564.27,17.29,1,0,87568.73,47.47,0
B204183,Manufacturing,40,500000.0,415101.2,16.98,0,0,55198.93,53.9,0
B205744,IT,26,909502.86,697454.99,23.31,0,0,156785.94,57.28,0
B200512,Services,28,500000.0,409840.41,18.03,0,0,97672.14,56.8,0
B204775,IT,3,500000.0,313382.2,37.32,1,0,,39.86,0
B205696,Services,29,500000.0,394397.95,21.12,1,0,54203.31,54.05,0
B201724,Services,20,500000.0,373695.72,25.26,0,0,45802.84,53.97,0
B203648,services,11,500000.0,442001.63,11.6,1,0,83031.81,43.02,0
B206101,Manufacturing,29,500000.0,401315.67,19.74,1,0,87964.05,49.06,0
B204127,Services,11,500000.0,384911.46,23.02,0,0,82709.59,52.44,0
B202148,Retail,50,500000.0,403297.82,19.34,1,0,28134.82,45.82,0
B200932,Retail,40,500000.0,406837.07,18.63,0,0,81830.73,49.64,0
B203232,Services,20,500000.0,362634.89,27.47,0,0,64266.98,57.86,0
B202844,Services,3,500000.0,1954879.34,22.15,0,0,291270.89,50.97,0
B200439,Services,22,500000.0,371577.2,25.68,0,0,103938.41,53.07,0
B201774,Healthcare,45,500000.0,341245.0,31.75,0,0,104842.94,42.17,0
B203742,Services,6,500000.0,396431.1,20.71,0,0,44829.54,58.17,0
B206881,Food,14,500000.0,399067.25,20.19,0,0,51125.82,49.2,0
B202122,Services,12,500000.0,361005.41,27.8,0,0,102499.71,59.28,0
B207478,Manufacturing,26,500000.0,372333.46,25.53,0,0,56884.48,50.7,0
B207596,IT,22,500000.0,350570.67,29.89,0,0,69006.44,48.66,0
B200965,Retail,23,1576881.2,435999.24,12.8,0,0,71407.97,60.89,1
B200177,Healthcare,17,970039.48,804341.32,17.08,1,0,152739.6,45.35,0
B201856,Retail,29,500000.0,413064.3,17.39,0,0,32342.47,49.79,0
B204774,Services,37,500000.0,372746.96,25.45,0,0,89230.27,43.87,0
B207882,Food,18,500000.0,418579.96,,0,0,65611.15,49.52,0
B204917,Healthcare,22,500000.0,404447.41,19.11,0,0,60537.81,53.96,0
B204088,Retail,29,500000.0,443952.45,11.21,1,0,53409.95,48.18,0
B206356,Food,21,500000.0,361182.43,27.76,1,0,80384.71,54.54,0
B206104,Food,13,500000.0,403303.07,19.34,0,0,77171.26,48.25,0
B202819,Retail,48,500000.0,390855.99,21.83,1,0,82298.64,58.24,0
B206466,Manufacturing,54,500000.0,401589.93,,0,0,84106.36,55.9,0
B209603,Manufacturing,39,500000.0,385637.51,22.87,1,0,87921.19,53.52,0
B202814,Retail,30,2273823.76,440971.09,11.81,1,0,46098.19,64.32,1
B207074,manufacturing,40,500000.0,440902.09,11.82,0,0,62437.8,45.52,0
B205074,Services,35,500000.0,344264.21,31.15,1,0,86260.83,50.27,0
B208494,IT,30,2739556.45,385012.73,23.0,1,0,79929.48,53.81,0
B207403,Services,18,500000.0,384152.76,23.17,0,0,67538.0,48.73,0
B207187,IT,30,500000.0,346491.37,30.7,0,0,74205.12,48.43,0
B203254,Healthcare,3,500000.0,402008.83,19.6,1,0,64264.58,47.06,0
B201621,Food,14,500000.0,386343.88,22.73,0,0,68057.36,46.19,0
B207395,manufacturing,44,500000.0,452705.37,9.46,0,0,48234.23,54.63,0
B207059,Manufacturing,34,500000.0,415302.68,16.94,1,0,91631.31,50.65,0
B209256,Manufacturing,45,500000.0,442219.59,11.56,0,0,82972.76,58.37,0
B209680,Healthcare,15,500000.0,2401479.41,11.06,0,0,71995.71,49.53,0
B204594,Retail,35,500000.0,1297155.08,16.16,0,0,84337.52,50.77,0
B201391,Food,47,500000.0,395982.62,20.8,1,0,76883.06,53.2,0
B208826,Manufacturing,56,500000.0,382081.37,23.58,1,1,24442.94,65.03,1
B203837,Food,15,500000.0,400444.82,19.91,0,0,27578.3,54.02,0
B202145,Healthcare,12,804764.74,650437.58,,0,0,91617.72,44.19,0
B206164,IT,18,500000.0,396659.22,20.67,0,0,72694.51,48.67,0
B205611,Healthcare,28,500000.0,421646.69,15.67,0,0,210013.78,52.32,0
B200187,Retail,30,500000.0,2942963.43,,1,0,47799.5,55.34,0
B201983,Services,26,500000.0,407887.56,18.42,0,0,95522.44,45.79,0
B204389,Healthcare,3,500000.0,362941.13,,0,0,127144.83,51.99,0
B202891,Services,38,500000.0,355284.25,28.94,0,0,90000.08,48.65,0
B204224,Retail,14,582953.39,471952.52,19.04,0,0,124598.39,55.25,0
B209216,Food,19,500000.0,415951.72,16.81,0,0,38922.93,54.85,0
B209206,Retail,49,500000.0,440201.93,11.96,0,0,46282.46,58.8,0
B205699,Retail,30,500000.0,397225.28,20.55,1,0,96638.54,57.66,0
B209080,Services,22,500000.0,412814.83,17.44,1,0,79689.55,55.72,0
B205838,Retail,19,500000.0,435649.02,12.87,1,0,61802.77,62.23,1
B201096,Food,10,500000.0,371505.76,25.7,0,0,116061.81,51.55,0
B204094,Retail,24,500000.0,386896.56,22.62,1,0,42636.45,55.58,0
B202501,Manufacturing,64,500000.0,414251.6,,0,0,57920.42,61.96,1
B209104,Manufacturing,49,500000.0,402423.16,19.52,1,0,25517.71,37.48,0
B204977,Healthcare,5,500000.0,373591.4,25.28,1,0,56611.95,55.46,0
B205115,Manufacturing,39,500000.0,410544.07,17.89,0,0,68441.35,59.05,0
B207659,food,3,500000.0,400591.6,19.88,0,0,52662.98,42.31,0
B204273,Food,33,500000.0,349481.74,30.1,0,0,117993.07,41.62,0
B201917,Food,24,500000.0,392383.99,21.52,0,0,61744.15,50.41,0
B208395,Manufacturing,32,500000.0,409516.92,18.1,0,0,52852.62,59.84,0
B205751,Retail,71,500000.0,382183.0,23.56,1,0,64788.19,47.02,0
B203384,,18,500000.0,367232.92,26.55,0,0,108925.48,45.49,0
B201126,Services,3,500000.0,423628.54,15.27,0,0,65224.73,45.45,0
B205225,Services,30,500000.0,350195.07,29.96,1,0,78827.47,49.44,0
B204385,Services,28,500000.0,378056.93,24.39,0,0,113016.66,51.66,0
B206191,Food,13,500000.0,396209.96,20.76,0,0,72330.47,55.95,0
B204255,IT,37,500000.0,380912.3,23.82,0,0,105408.11,52.34,0
B207664,,20,500000.0,409164.9,18.17,0,0,75368.95,56.11,0
B200906,Services,50,500000.0,389500.59,22.1,0,0,72319.13,48.74,0
B205995,Food,21,500000.0,419421.7,16.12,0,0,104611.34,51.61,0
B205817,IT,15,500000.0,312895.73,37.42,0,0,126729.08,38.35,0
B205028,Services,26,500000.0,369443.38,,0,0,118490.3,44.84,0
B208067,Food,14,500000.0,405322.75,18.94,0,0,83384.94,44.11,0
B202115,Healthcare,14,500000.0,417859.06,16.43,1,0,77282.98,54.51,0
B209333,Manufacturing,53,500000.0,331020.06,33.8,0,0,81564.04,47.26,0
B203106,Retail,31,500000.0,362415.95,27.52,0,0,118762.57,54.2,0
B201414,Food,17,500000.0,392951.48,21.41,0,0,187583.01,51.42,0
B204724,Manufacturing,53,500000.0,364901.46,27.02,0,0,44178.23,51.71,0
B200800,,23,500000.0,455291.5,8.94,0,0,50463.52,63.07,1
B206429,Retail,30,500000.0,467850.74,6.43,0,0,59224.75,59.47,0
B208898,Manufacturing,45,500000.0,377912.86,24.42,0,0,73873.82,51.29,0
B203744,Retail,31,500000.0,409010.54,18.2,1,1,75174.35,65.65,1
B205249,Retail,34,539868.09,487758.37,9.65,1,0,61934.54,55.1,0
B208443,IT,30,500000.0,368656.79,26.27,0,0,106960.72,58.16,0
B205079,Retail,41,500000.0,427468.39,14.51,0,0,73403.79,50.05,0
B205788,Healthcare,21,500000.0,365937.93,26.81,0,0,80949.06,47.66,0
B207129,Retail,31,500000.0,378295.64,24.34,1,0,87134.99,54.13,0
B207295,IT,13,500000.0,344906.15,31.02,0,0,68991.72,46.52,0
B200905,Manufacturing,57,3473525.16,370771.21,25.85,0,0,106600.3,57.68,0
B206081,Manufacturing,32,500000.0,348704.04,30.26,1,0,135796.4,50.24,0
B201897,Food,15,500000.0,430929.55,13.81,0,0,79477.73,41.87,0
B206669,Food,36,500000.0,416639.23,16.67,1,0,76470.54,49.44,0
B205289,Food,17,500000.0,335626.86,32.87,1,1,98522.92,57.47,0
B207014,Food,31,500000.0,380847.28,23.83,0,0,48398.9,43.88,0
B200544,Food,18,500000.0,408128.65,18.37,1,0,17348.18,51.87,0
B208698,Services,42,500000.0,275420.94,44.92,0,0,129357.63,30.39,0
B209928,Retail,38,500000.0,420676.32,15.86,0,0,54728.32,48.43,0
B203881,Healthcare,30,500000.0,410432.69,17.91,1,0,59108.47,44.46,0
B201907,Services,39,500000.0,325807.13,34.84,0,0,73378.62,52.51,0
B206143,Food,35,500000.0,415527.73,16.89,1,1,81917.75,69.23,1
B205320,Retail,23,500000.0,428368.03,14.33,0,0,55168.91,51.05,0
B208864,Healthcare,38,500000.0,385232.66,22.95,0,0,89733.3,59.65,0
B206905,Food,38,500000.0,406118.09,18.78,1,0,78648.73,55.6,0
B206521,Manufacturing,62,500000.0,363203.31,27.36,0,0,92112.96,35.15,0
B203037,Manufacturing,67,500000.0,422436.64,15.51,1,0,58220.0,51.25,0
B207515,it,11,500000.0,341513.14,31.7,0,0,90435.1,44.85,0
B206887,Healthcare,26,500000.0,430171.77,13.97,0,0,70258.94,43.6,0
B205593,Food,3,500000.0,406312.69,18.74,0,0,81086.09,55.11,0
B201860,Manufacturing,30,500000.0,400927.36,19.81,1,0,78999.3,48.87,0
B207354,IT,3,529230.35,384106.27,27.42,0,0,81477.6,47.91,0
B205921,Services,32,500000.0,439239.8,12.15,0,0,34461.35,63.7,1
B200867,Services,30,500000.0,366189.64,26.76,1,0,149315.81,45.98,0
B208540,Retail,19,500000.0,436712.6,12.66,1,0,58840.96,49.98,0
B200847,Services,34,500000.0,397972.8,20.41,0,0,66646.59,58.65,0
B208158,,3,500000.0,394795.3,21.04,1,0,88636.53,57.59,0
B205187,Services,17,500000.0,342222.03,31.56,1,0,118074.4,54.56,0
B208628,Retail,21,500000.0,401444.65,19.71,1,0,89552.97,57.66,0
B206276,,53,500000.0,416487.16,16.7,0,0,76975.91,53.11,0
B208330,Retail,3,500000.0,374284.41,25.14,1,0,99979.89,54.89,0
B200325,Healthcare,3,500000.0,399143.22,20.17,1,0,64760.59,53.53,0
B209533,Services,25,500000.0,420123.0,15.98,0,0,49915.05,49.4,0
B207326,Healthcare,29,500000.0,387470.0,22.51,0,0,79350.95,53.89,0
B208245,Retail,41,500000.0,435863.13,12.83,0,0,52698.64,54.37,0
B206240,Food,42,500000.0,378026.27,24.39,0,0,,53.49,0
B206381,Healthcare,23,500000.0,421023.15,15.8,0,0,86091.46,53.35,0
B204889,Services,24,500000.0,406107.0,18.78,1,1,63174.19,69.86,1
B207227,Services,36,500000.0,319972.95,36.01,0,0,120692.48,46.71,0
B208191,Retail,27,500000.0,471586.7,5.68,1,0,44306.39,60.04,1
B204348,Services,26,500000.0,370249.99,25.95,0,0,110609.23,52.53,0
B202686,Manufacturing,48,500000.0,391049.53,21.79,0,0,78275.79,57.39,0
B201433,Food,16,500000.0,371134.83,25.77,1,0,64844.86,49.65,0
B207346,Services,27,500000.0,383023.37,23.4,0,0,77915.76,50.43,0
B206739,Healthcare,33,500000.0,391859.67,21.63,0,0,49227.18,43.79,0
B201538,Retail,28,500000.0,459699.44,8.06,0,0,42843.1,59.02,0
B206734,Retail,30,500000.0,453225.05,9.35,0,0,197252.99,57.47,0
B200999,Retail,35,500000.0,407028.98,18.59,0,0,88667.95,47.51,0
B205513,IT,24,500000.0,389873.39,22.03,0,0,69690.55,52.37,0
B200314,Healthcare,32,500000.0,402168.01,19.57,0,0,,49.74,0
B201163,Retail,44,500000.0,440069.64,11.99,1,0,50339.69,57.32,0
B204823,Retail,25,500000.0,424304.78,15.14,0,0,58224.23,53.58,0
B203332,Manufacturing,47,500000.0,393900.74,21.22,0,0,69074.73,54.7,0
B205669,IT,3,580426.97,443236.87,23.64,0,0,113972.96,50.43,0
B201579,Services,30,500000.0,390936.54,21.81,0,0,95993.79,52.38,0
B207221,services,15,500000.0,348216.75,30.36,0,0,69818.52,43.95,0
B206023,Services,41,500000.0,360128.37,27.97,0,0,71556.56,55.62,0
B208374,Retail,47,500000.0,398769.67,20.25,0,0,65252.03,47.89,0
B202422,Manufacturing,55,500000.0,341313.35,31.74,0,0,125349.63,45.43,0
B206999,IT,19,777832.1,597647.63,23.16,0,0,140664.99,50.06,0
B206306,Manufacturing,39,500000.0,406056.57,18.79,0,0,95764.28,57.34,0
B209314,IT,13,571682.99,453558.23,20.66,0,0,63532.7,46.75,0
B206722,Food,3,500000.0,413989.95,17.2,0,0,74775.57,45.51,0
B207195,Manufacturing,55,637564.6,429075.37,32.7,0,0,110065.03,38.54,0
B200941,Retail,11,500000.0,472737.17,5.45,0,0,50105.23,54.12,0
B206474,Retail,57,500000.0,456725.56,8.65,0,0,63145.7,63.39,1
B202276,Retail,31,500000.0,418853.3,16.23,0,0,56162.86,58.9,0
B203417,Retail,37,500000.0,421818.12,15.64,0,0,50844.4,61.86,1
B207876,Retail,22,500000.0,402559.12,19.49,1,0,90530.14,50.85,0
B208785,Retail,55,500000.0,483390.2,3.32,1,0,44733.41,57.45,0
B200469,Manufacturing,20,500000.0,387243.06,22.55,0,0,73815.35,49.57,0
B209953,retail,36,500000.0,419951.89,16.01,1,0,45394.47,47.86,0
B207543,Services,46,500000.0,385458.14,22.91,0,0,57215.77,49.77,0
B202369,Retail,42,500000.0,447439.18,10.51,1,1,48055.6,69.23,1
B202955,Manufacturing,60,500000.0,341453.37,31.71,1,0,65094.59,41.75,0
B209261,Manufacturing,30,500000.0,406499.5,18.7,1,0,39480.62,44.76,0
B208356,Healthcare,24,500000.0,366689.15,26.66,0,0,97115.56,51.52,0
B204346,Retail,36,500000.0,383762.35,23.25,0,0,51024.77,49.32,0
B209958,Manufacturing,53,500000.0,370021.99,26.0,1,0,101859.05,47.85,0
B205180,Food,5,500000.0,367872.23,26.43,1,0,100469.3,59.37,0
B206921,Retail,25,500000.0,475834.53,4.83,0,0,44441.69,61.8,1
B206957,,25,500000.0,333550.41,33.29,1,0,55565.35,56.39,0
B204124,Services,26,500000.0,358818.87,28.24,0,0,,49.14,0
B204737,Manufacturing,56,500000.0,368635.21,26.27,0,0,28564.07,43.25,0
B206896,Food,16,500000.0,377389.05,24.52,0,0,73246.8,54.13,0
B203293,Manufacturing,48,500000.0,396974.1,20.61,0,0,85501.05,51.14,0
B205704,Services,38,500000.0,386121.1,22.78,0,0,91892.59,51.21,0
B202762,Retail,34,500000.0,438138.88,12.37,0,0,41843.64,44.99,0
B206129,Services,14,500000.0,398527.28,20.29,1,1,79996.75,69.69,1
B202174,Healthcare,14,500000.0,419975.89,16.0,0,0,50696.94,52.72,0
B203419,Retail,35,500000.0,437375.16,12.52,0,0,14888.37,48.7,0
B201824,Services,13,500000.0,358018.66,28.4,0,0,152943.11,46.45,0
B206849,Manufacturing,66,500000.0,374595.94,25.08,0,0,91680.99,50.47,0
B209899,Healthcare,27,500000.0,379623.9,24.08,0,0,94494.12,53.49,0
B203329,Retail,25,500000.0,434848.37,13.03,1,0,54607.76,51.25,0
B204475,manufacturing,44,500000.0,369196.5,26.16,0,0,115702.4,58.16,0
B204631,Services,44,500000.0,394748.14,21.05,1,0,113092.97,50.39,0
B201761,Healthcare,18,732753.33,601260.71,,0,0,78933.63,56.52,0
B201574,Food,20,500000.0,343510.33,31.3,0,0,96774.0,42.61,0
B204447,Services,27,500000.0,365097.52,26.98,1,0,64180.32,53.83,0
B203495,IT,35,500000.0,362509.24,27.5,0,0,70745.79,49.87,0
B206169,Food,18,500000.0,379305.22,24.14,0,0,103568.82,53.37,0
B207560,Services,41,500000.0,345291.59,30.94,1,0,90512.7,55.18,0
B205264,Food,17,500000.0,450949.18,9.81,0,0,39639.55,47.99,0
B207028,Food,7,564830.29,401718.92,28.88,0,0,122275.8,52.28,0
B209163,Retail,23,500000.0,383367.53,23.33,0,0,64110.68,39.77,0
B209701,Retail,24,500000.0,432715.61,13.46,0,0,83496.57,54.53,0
B208016,Manufacturing,64,500000.0,351294.84,29.74,1,0,115148.13,54.21,0
B206167,Retail,34,500000.0,436607.25,12.68,0,0,41631.74,40.31,0
B203662,Food,25,500000.0,363417.85,27.32,0,0,82266.56,45.18,0
B209444,Healthcare,10,500000.0,383370.06,23.33,0,0,59732.62,51.33,0
B201227,Manufacturing,32,500000.0,298321.24,40.34,0,0,120394.24,37.55,0
B204186,IT,16,2019950.7,358039.85,28.39,0,0,48543.2,49.4,0
B205055,Healthcare,33,500000.0,382346.4,23.53,0,0,59588.66,45.02,0
B203206,Manufacturing,55,1951131.38,341415.12,31.72,0,0,74773.78,40.78,0
B207161,Manufacturing,46,500000.0,351051.02,29.79,1,0,98415.03,55.07,0
B202571,IT,11,500000.0,264031.6,47.19,0,0,132996.39,42.51,0
B208192,Manufacturing,60,500000.0,349375.19,30.12,0,0,81850.03,43.63,0
B201645,manufacturing,53,500000.0,377329.7,24.53,1,0,82523.32,49.55,0
B203497,Services,5,500000.0,344957.24,31.01,0,0,49832.61,51.66,0
B208874,retail,44,500000.0,402723.82,19.46,0,0,80989.21,50.03,0
B202281,IT,26,500000.0,347783.25,30.44,1,0,71105.77,45.15,0
B200381,Healthcare,8,2350067.29,343012.23,31.4,0,0,,43.81,0
B209639,Retail,22,2414755.38,435133.04,12.97,0,0,52607.18,57.73,0
B208095,Services,24,500000.0,359788.54,28.04,0,0,63440.56,55.35,0
B205468,IT,37,500000.0,1419079.92,20.08,0,0,72911.83,58.42,0
B205011,Services,15,500000.0,383578.21,23.28,1,0,100368.7,50.7,0
B200704,Retail,20,500000.0,452692.45,9.46,0,0,39848.83,50.02,0
B204188,Manufacturing,36,500000.0,429213.37,14.16,0,0,56870.92,51.88,0
B200618,IT,25,500000.0,330767.98,33.85,0,0,104902.24,49.02,0
B201644,Retail,17,500000.0,409575.93,18.08,1,0,54468.86,48.23,0
B206741,Food,51,500000.0,378180.4,24.36,0,0,86086.64,58.95,0
B201509,Retail,33,500000.0,2334046.89,19.86,0,0,49206.5,50.89,0
B205517,Healthcare,41,500000.0,381538.26,23.69,0,0,92343.91,49.51,0
B200223,Retail,28,500000.0,429876.45,14.02,0,0,27516.55,50.18,0
B209682,Services,27,500000.0,363614.31,27.28,1,0,106254.48,49.9,0
B208764,Retail,29,500000.0,375099.61,24.98,0,0,86631.08,57.17,0
B200077,Retail,20,500000.0,393483.83,21.3,1,0,87543.2,49.53,0
B202322,Manufacturing,28,500000.0,376435.11,24.71,0,0,77770.43,50.17,0
B201024,Healthcare,5,500000.0,418314.49,16.34,0,0,49009.07,44.45,0
B208631,Retail,15,500000.0,435151.83,12.97,0,0,57606.78,58.59,0
B206318,Food,14,500000.0,399001.84,,0,0,54306.45,57.55,0
B202684,Retail,32,2839255.43,415758.9,16.85,0,0,48610.42,48.24,0
B203505,Services,23,500000.0,358347.88,28.33,0,0,91641.46,47.38,0
B200342,Services,4,1712266.55,2146803.38,35.49,0,0,,51.38,0
B205128,Retail,24,500000.0,388003.73,22.4,0,0,,49.74,0
B208666,Services,17,500000.0,398553.55,20.29,1,0,76076.47,41.97,0
B202345,Services,10,500000.0,314241.57,37.15,0,0,31381.94,42.61,0
B209801,Manufacturing,52,500000.0,2055810.31,14.31,1,0,69247.42,48.99,0
B203886,Retail,47,500000.0,414733.14,17.05,1,0,41148.63,53.72,0
B202642,Services,22,550620.61,469094.24,14.81,1,0,,57.3,0
B200490,Manufacturing,32,500000.0,350457.22,,1,0,118275.02,45.03,0
B207978,Services,21,500000.0,376426.22,24.71,1,0,75339.74,49.48,0
B203680,Manufacturing,49,1092648.81,970571.86,11.17,0,0,103821.73,49.97,0
B202275,Services,21,500000.0,1229967.49,20.66,0,0,82579.78,38.9,0
B208565,Food,33,500000.0,389383.64,22.12,0,0,,43.91,0
B202442,,19,500000.0,383619.15,23.28,0,0,73441.18,51.03,0
B206016,Services,43,500000.0,393236.53,21.35,0,0,64177.06,49.01,0
B208877,Retail,8,500000.0,411194.61,17.76,1,0,55049.54,48.81,0
B208141,Food,22,500000.0,430369.53,13.93,0,0,44906.14,43.09,0
B200817,Services,32,500000.0,378460.84,24.31,0,0,66131.66,47.45,0
B208446,Retail,30,500000.0,424266.25,15.15,1,0,58796.33,50.46,0
B209431,Food,3,500000.0,416836.21,16.63,0,0,26390.08,51.29,0
B200001,retail,24,500000.0,409200.45,18.16,0,0,59241.11,48.42,0
B201874,Healthcare,28,500000.0,411937.63,17.61,1,1,100225.22,76.31,1
B201245,IT,41,500000.0,365364.36,26.93,0,0,88533.84,48.3,0
B202456,Services,16,500000.0,349535.97,30.09,0,0,,48.97,0
B206501,Food,12,500000.0,375103.56,24.98,0,0,24421.65,48.2,0
B201222,Manufacturing,48,500000.0,454917.54,9.02,0,0,54809.57,54.79,0
B206773,Food,39,500000.0,390011.97,22.0,0,0,76241.9,47.7,0
B206845,Healthcare,8,500000.0,364138.81,27.17,0,0,69025.73,58.52,0
B208487,,14,500000.0,421944.58,15.61,0,0,41275.56,54.01,0
B208901,Services,3,500000.0,331706.83,33.66,0,0,88908.16,42.04,0
B202059,Retail,33,500000.0,419666.68,,0,0,161222.42,53.34,0
B205963,,8,500000.0,434237.37,13.15,0,0,31258.7,56.73,0
B205429,IT,8,720852.13,484623.94,32.77,0,0,161899.48,43.81,0
B206075,Retail,43,500000.0,391323.09,21.74,1,0,72957.47,50.69,0
B206587,Healthcare,19,500000.0,383019.08,23.4,0,0,74414.37,36.82,0
B202994,Food,40,500000.0,386969.26,22.61,1,0,,52.69,0
B208009,Retail,44,2371390.41,421405.76,15.72,1,0,73088.39,44.02,0
B205934,Services,25,500000.0,407415.59,18.52,0,0,71031.25,50.46,0
B202970,Services,4,500000.0,382572.02,23.49,0,0,71595.41,51.27,0
B202196,Manufacturing,52,500000.0,426741.56,14.65,0,0,32391.89,57.42,0
B206541,Food,19,500000.0,360257.06,27.95,0,0,80391.21,46.3,0
B208670,Retail,24,500000.0,431868.7,13.63,0,0,79982.19,55.09,0
B209976,IT,3,500000.0,404150.4,19.17,1,0,64000.75,49.38,0
B208381,Healthcare,5,500000.0,402858.24,19.43,0,0,66828.27,54.77,0
B207824,Retail,14,500000.0,392948.7,21.41,1,0,67928.73,43.02,0
B201295,IT,19,500000.0,430033.59,13.99,1,1,46676.06,69.29,1
B202485,Retail,28,500000.0,449403.81,10.12,0,0,60059.95,52.79,0
B208747,Services,38,500000.0,377561.51,24.49,0,0,44362.49,53.66,0
B209888,Manufacturing,48,500000.0,411599.9,17.68,0,0,55359.91,55.74,0
B209302,Services,20,500000.0,350295.55,,1,0,72402.86,51.97,0
B201188,Manufacturing,49,500000.0,386211.8,22.76,0,0,54969.57,58.25,0
B203719,Manufacturing,30,500000.0,339105.05,32.18,0,0,67077.91,36.55,0
B205216,Retail,24,500000.0,389830.66,22.03,0,0,48103.71,51.7,0
B203627,IT,19,500000.0,352542.89,29.49,0,0,38497.91,50.83,0
B204793,food,18,500000.0,404211.11,19.16,0,0,43934.04,48.31,0
B201217,Healthcare,15,500000.0,367808.68,26.44,1,0,81633.59,43.06,0
B209179,Manufacturing,40,500000.0,408246.65,18.35,1,0,96579.22,46.85,0
B204422,Retail,41,500000.0,346402.21,30.72,1,0,78034.81,48.55,0
B207511,Manufacturing,42,500000.0,409675.93,18.06,1,0,45279.53,49.92,0
B207276,Retail,39,500000.0,400204.39,19.96,0,0,89157.42,47.97,0
B205275,Healthcare,23,500000.0,394435.81,21.11,0,0,66803.82,51.57,0
B205650,it,3,500000.0,387255.54,22.55,0,0,113381.61,45.05,0
B200667,Services,15,500000.0,385359.49,22.93,0,0,27892.36,54.97,0
B207872,Manufacturing,43,500000.0,335474.89,32.91,0,0,112891.81,61.03,1
B204969,Services,12,500000.0,411340.17,17.73,0,0,71514.69,52.43,0
B200056,Retail,43,500000.0,477822.83,4.44,0,0,43874.07,60.22,1
B209245,Manufacturing,32,500000.0,393938.54,21.21,0,0,68574.12,55.58,0
B203034,IT,41,3416372.96,317190.69,36.56,0,0,115879.24,51.5,0
B205598,Retail,33,500000.0,428503.68,14.3,0,0,48744.39,61.64,1
B203420,Food,16,500000.0,399189.43,20.16,0,0,72645.42,57.42,0
B204093,Manufacturing,44,500000.0,408044.07,18.39,0,0,100260.26,57.23,0
B200703,Services,30,500000.0,297498.44,40.5,1,0,69034.83,46.41,0
B203557,Manufacturing,45,500000.0,417546.98,16.49,0,0,,49.23,0
B207505,Retail,28,500000.0,468017.52,6.4,1,1,48185.96,74.08,1
B206615,Retail,31,500000.0,392855.57,21.43,0,0,53021.3,51.07,0
B207530,Retail,15,500000.0,453039.18,,1,1,54375.06,65.42,1
B208208,Food,27,500000.0,410823.44,17.84,0,0,63455.81,57.37,0
B205530,Services,27,500000.0,404989.49,,1,0,83748.38,54.43,0
B204216,Food,9,500000.0,407158.28,18.57,1,1,53801.57,66.67,1
B206219,,61,500000.0,388713.66,22.26,0,0,72992.79,56.48,0
B208326,Manufacturing,48,500000.0,338977.65,,0,0,125376.48,50.62,0
B204097,Services,20,500000.0,365099.53,26.98,0,0,2208.77,46.85,0
B206906,Retail,25,500000.0,387212.64,22.56,0,0,68158.78,48.29,0
B208629,Healthcare,30,642728.8,472602.73,26.47,0,0,104667.09,47.71,0
B208162,,29,500000.0,412315.15,17.54,1,0,75141.51,57.37,0
B209941,Healthcare,37,569992.16,401066.27,29.64,1,1,124403.05,64.78,1
B208037,Retail,23,500000.0,400620.11,19.88,0,0,48225.92,56.91,0
B203942,Services,28,500000.0,322585.11,35.48,1,0,105780.09,45.61,0
B203758,Services,3,500000.0,381789.82,23.64,0,0,60317.46,37.25,0
B208636,Healthcare,33,500000.0,377997.39,24.4,0,0,44293.02,64.55,1
B206297,Retail,39,500000.0,403458.81,19.31,0,0,54518.68,51.45,0
B206124,Retail,32,500000.0,388461.86,22.31,0,0,98227.85,48.53,0
B202747,Food,10,500000.0,369399.89,26.12,1,0,65331.39,43.75,0
B205441,Food,39,500000.0,2219401.11,22.54,0,0,81474.04,51.11,0
B202256,Retail,43,500000.0,439697.95,12.06,1,1,69418.22,67.15,1
B207419,Healthcare,39,500000.0,369249.36,26.15,0,0,40893.66,51.64,0
B206522,Retail,48,500000.0,447443.57,10.51,1,0,17270.07,57.96,0
B201191,Services,32,528182.97,381243.1,,0,0,118557.65,59.34,0
B203606,Retail,26,500000.0,392429.68,21.51,0,0,109948.83,45.97,0
B201086,IT,16,643730.31,475104.77,26.2,0,0,65010.67,47.34,0
B208617,Retail,34,500000.0,449166.09,10.17,1,0,45086.15,44.82,0
B203982,Retail,30,500000.0,379157.24,24.17,1,1,77084.45,65.36,1
B201113,food,9,500000.0,397429.77,20.51,1,1,69410.73,66.55,1
B200274,Food,22,706823.54,468554.75,33.71,0,0,160117.8,42.71,0
B201341,Retail,40,523074.13,511613.01,2.19,1,0,46689.57,59.03,0
B201180,Food,3,500000.0,420653.93,15.87,0,0,88402.93,54.64,0
B205561,Healthcare,13,500000.0,375712.99,24.86,0,0,48857.16,44.74,0
B202523,Manufacturing,48,679177.55,487863.29,28.17,0,0,93601.51,56.0,0
B205794,Healthcare,22,500000.0,341725.5,31.65,0,0,54807.78,37.15,0
B203624,Healthcare,41,500000.0,380224.97,23.96,0,0,101107.5,58.38,0
B205103,Services,29,500000.0,432982.78,13.4,1,1,79052.66,72.07,1
B206861,Food,18,500000.0,343815.94,31.24,0,0,85791.53,47.25,0
B205250,IT,43,500000.0,333670.77,33.27,0,0,111885.76,46.31,0
B205063,,14,500000.0,342024.38,31.6,0,0,71060.01,46.75,0
B205339,,14,500000.0,370317.52,25.94,0,0,75094.66,51.67,0
B203895,Healthcare,17,500000.0,430215.54,13.96,0,0,62470.75,56.91,0
B209407,Healthcare,24,500000.0,340764.49,31.85,1,0,128065.16,50.9,0
B200870,Manufacturing,46,500945.6,396313.52,20.89,1,0,108702.83,59.96,0
B205233,Food,20,500000.0,366060.05,,0,0,73823.39,56.14,0
B200767,Food,47,500000.0,355046.16,28.99,0,0,64049.59,40.27,0
B201953,Services,26,500000.0,379156.41,24.17,0,0,87213.67,47.72,0
B208174,Food,29,500000.0,428631.44,14.27,0,0,61353.15,41.51,0
B203943,Retail,41,500000.0,431869.32,13.63,1,1,68910.87,69.94,1
B201121,Services,17,500000.0,424178.14,15.16,0,0,49765.63,55.86,0
B205874,manufacturing,35,500000.0,372869.52,25.43,0,0,65662.66,50.51,0
B201961,Healthcare,3,500000.0,345064.0,30.99,0,0,118484.97,46.53,0
B201793,Food,35,500000.0,398844.51,20.23,0,0,80421.31,51.07,0
B203776,Retail,34,500000.0,448038.11,,1,0,75025.38,66.85,1
B200863,IT,3,500000.0,365990.67,26.8,0,0,71426.67,50.18,0
B202722,Services,12,500000.0,386682.05,22.66,0,0,105376.76,52.15,0
B204441,IT,17,500000.0,402244.29,19.55,1,1,59007.1,69.1,1
B208242,Services,22,625043.8,449413.86,28.1,0,0,129824.84,51.72,0
B207443,Services,13,500000.0,383058.76,23.39,1,0,90066.89,56.33,0
B208006,Manufacturing,40,500000.0,396888.47,20.62,0,0,88422.58,60.63,1
B206406,,36,500000.0,405552.83,18.89,0,0,70495.12,54.1,0
B201316,Services,31,500000.0,364234.09,27.15,0,0,89885.39,54.31,0
B208266,IT,32,500000.0,352066.71,,0,0,102263.98,50.2,0
B206363,services,21,500000.0,390324.9,21.94,0,0,81081.13,50.54,0
B206411,IT,29,500000.0,357177.04,28.56,0,0,60504.39,42.29,0
B205488,Services,26,500000.0,387540.51,22.49,1,0,62526.52,49.31,0
B201216,Food,9,500000.0,445535.15,10.89,0,0,50165.94,59.73,0
B204092,Retail,33,500000.0,409311.28,18.14,1,1,45186.57,69.86,1
B209035,Food,11,500000.0,396070.71,20.79,1,0,110713.69,60.58,1
B202338,Retail,44,500000.0,447850.09,10.43,1,0,105297.68,61.52,1
B206841,Manufacturing,38,500000.0,383275.86,23.34,0,0,67383.01,50.86,0
B200478,IT,34,553811.46,391989.63,29.22,0,0,330328.58,45.59,0
B203461,IT,14,500000.0,317741.3,36.45,0,0,106547.32,38.59,0
B208046,Services,15,500000.0,389224.66,22.16,1,0,78105.72,41.11,0
B206860,Services,33,500000.0,369740.28,26.05,0,0,59835.28,45.22,0
B204665,Retail,26,500000.0,487009.46,2.6,1,0,45690.09,65.98,1
B205306,Food,27,545003.59,439471.61,19.36,0,0,124588.67,49.13,0
B200574,Services,5,500000.0,300308.98,39.94,0,0,118050.63,42.28,0
B201456,Manufacturing,53,500000.0,395864.89,20.83,0,0,56304.08,57.83,0
B207682,Services,19,500000.0,364341.65,27.13,0,0,81136.47,43.07,0
B205899,Retail,24,500000.0,380651.72,23.87,1,0,75401.49,60.21,1
B203668,Retail,39,556996.58,471102.0,15.42,1,0,68093.27,50.48,0
B206917,Food,14,500000.0,375107.13,24.98,0,0,125239.44,48.06,0
B205131,Healthcare,21,500000.0,428364.07,14.33,0,0,78736.71,55.3,0
B205885,Food,11,500000.0,2296478.34,12.42,0,0,52103.74,56.25,0
B205059,Food,21,500000.0,358159.0,28.37,0,0,98312.85,48.21,0
B208846,Retail,43,500000.0,424380.98,15.12,0,0,79155.65,49.86,0
B205116,Services,34,500000.0,412685.0,17.46,0,0,41107.13,47.52,0
B207393,Services,22,500000.0,382046.08,23.59,0,0,106366.1,58.1,0
B203806,Healthcare,35,636345.56,489235.32,23.12,0,0,55728.82,57.26,0
B209171,Manufacturing,49,500000.0,397548.34,20.49,1,0,66907.52,57.46,0
B203740,,6,500000.0,381169.81,23.77,0,0,,55.83,0
B201233,Services,19,647768.12,477090.71,26.35,0,0,,44.65,0
B207426,Manufacturing,19,500000.0,379538.69,24.09,0,0,101922.74,60.97,1
B204007,Retail,38,500000.0,387162.46,22.57,1,0,66374.76,55.96,0
B202561,IT,11,500000.0,368189.19,26.36,0,0,82909.51,51.54,0
B208632,,46,500000.0,367968.04,26.41,0,0,89024.13,42.11,0
B206765,IT,23,500000.0,338150.21,32.37,0,0,132582.17,48.93,0
B207328,Services,13,500000.0,378322.81,24.34,1,0,78770.44,45.28,0
B200983,Healthcare,29,500000.0,349397.28,30.12,0,0,98882.03,41.27,0
B206800,IT,28,500000.0,316219.16,36.76,0,0,100447.04,42.83,0
B208397,Retail,17,500000.0,421921.0,15.62,1,0,56153.73,54.18,0
B203360,Services,19,500000.0,378459.87,24.31,0,0,118774.81,57.67,0
B202104,Food,15,500000.0,396551.49,20.69,0,0,44885.03,51.19,0
B201408,Manufacturing,61,500000.0,386849.26,22.63,0,0,89177.8,60.28,1
B209964,Retail,35,500000.0,424101.85,15.18,1,0,39255.26,53.38,0
B206157,Retail,20,500000.0,362902.79,27.42,0,0,92306.03,41.09,0
B207399,Services,14,500000.0,408568.0,18.29,1,0,74143.68,51.58,0
B208723,Services,30,500000.0,379119.52,24.18,0,0,40273.71,50.3,0
B203722,Retail,25,500000.0,376713.03,24.66,1,0,86788.2,56.19,0
B205898,Services,23,500000.0,429412.55,14.12,1,0,64026.61,46.64,0
B200979,Food,11,500000.0,367355.72,26.53,1,0,101043.46,48.3,0
B205430,Services,32,500000.0,393335.84,21.33,0,0,54109.08,50.78,0
B200589,Healthcare,39,500000.0,384667.36,23.07,0,0,120911.62,50.48,0
B207404,Services,18,500000.0,408903.3,18.22,0,0,95204.39,57.98,0
B201173,healthcare,13,500000.0,405643.5,18.87,0,0,65287.06,52.18,0
B207749,Retail,30,500000.0,394391.61,21.12,1,0,85127.29,46.92,0
B208797,Food,13,591000.1,462191.47,21.8,0,0,41181.05,39.07,0
B208367,Manufacturing,32,500000.0,416530.95,16.69,1,0,75819.38,52.43,0
B207178,Healthcare,15,500000.0,408462.87,18.31,0,0,57597.39,62.2,1
B205309,Retail,41,500000.0,348141.52,30.37,1,0,91697.48,47.18,0
B201480,Manufacturing,40,500000.0,380386.83,23.92,1,0,59446.19,52.68,0
B200412,Healthcare,30,500000.0,428824.98,14.24,0,0,93088.84,41.25,0
B203743,Food,21,500000.0,414773.72,17.05,1,0,64243.51,56.94,0
B206296,IT,7,500000.0,365249.6,26.95,0,0,78518.13,45.58,0
B203630,Services,25,500000.0,366929.4,26.61,0,0,33807.05,49.76,0
B206536,Services,11,500000.0,393643.66,21.27,0,0,50712.26,59.56,0
B200078,Manufacturing,46,500000.0,418185.8,16.36,1,0,50066.6,40.61,0
B208456,Manufacturing,44,500000.0,368361.36,26.33,1,0,101294.61,47.43,0
B204394,Retail,37,500000.0,421778.75,15.64,1,0,58829.52,55.94,0
B201598,Manufacturing,34,572969.36,459169.46,19.86,1,0,76369.07,63.99,1
B203956,Healthcare,3,1508506.02,397005.95,20.6,1,0,84326.12,50.88,0
B209714,Services,25,500000.0,382807.12,23.44,0,0,76144.26,51.73,0
B201178,IT,33,500000.0,318240.28,36.35,0,0,97531.18,42.23,0
B208160,Manufacturing,40,3394125.8,353573.46,29.29,0,0,70940.74,45.7,0
B202386,Healthcare,3,500000.0,413250.33,17.35,1,1,51843.21,64.53,1
B207759,Services,10,500000.0,365975.03,26.8,0,0,61883.33,48.5,0
B205526,Services,23,500000.0,360446.8,27.91,0,0,61383.64,51.16,0
B207253,Retail,26,500000.0,471397.78,5.72,0,0,62965.26,65.23,1
B203452,IT,3,527218.2,386362.92,26.72,0,0,110627.28,43.03,0
B207729,Healthcare,15,500000.0,363793.95,27.24,0,0,,44.17,0
B203237,Retail,30,500000.0,393427.02,21.31,0,0,38601.34,51.07,0
B202640,Retail,33,500000.0,469977.62,6.0,1,0,62348.84,60.23,1
B205644,IT,10,500000.0,358134.36,28.37,0,0,64970.37,47.19,0
B208202,Food,29,500000.0,360163.55,27.97,0,0,90923.21,47.97,0
B200438,Retail,36,500000.0,405594.21,18.88,0,0,51331.53,50.96,0
B200971,Manufacturing,43,500000.0,397169.27,20.57,1,0,60932.31,52.14,0
B208861,Services,14,500000.0,429272.96,14.15,1,0,27338.84,51.78,0
B205288,Healthcare,13,664242.01,481679.46,27.48,0,0,158078.38,45.59,0
B204221,Retail,10,500000.0,373709.16,25.26,0,0,61402.22,42.02,0
B202305,healthcare,16,500000.0,381544.95,23.69,1,0,58506.08,60.95,1
B209796,IT,16,500000.0,347506.9,30.5,0,0,87718.41,50.99,0
B209871,Retail,23,576475.54,491489.14,14.74,0,0,,55.91,0
B201926,Services,5,500000.0,383604.47,23.28,0,0,47594.42,48.36,0
B201337,Retail,30,500000.0,460470.57,7.91,0,0,66957.54,54.15,0
B203587,Healthcare,14,603689.54,472862.38,21.67,0,0,98848.8,53.29,0
B207304,Services,21,500000.0,378608.88,,0,0,49497.78,52.7,0
B206107,IT,10,1184131.49,802766.33,32.21,0,0,238200.43,37.09,0
B203076,Services,22,500000.0,360497.66,27.9,0,0,47537.84,50.89,0
B200628,Retail,14,500000.0,429839.79,14.03,1,0,61942.52,62.24,1
B200409,Retail,32,500000.0,491819.81,1.64,1,1,47261.58,71.37,1
B209858,Retail,3,500000.0,474326.64,5.13,1,0,58153.16,52.0,0
B205836,services,29,500000.0,364691.42,27.06,0,0,98427.87,41.78,0
B205759,Retail,19,500000.0,388691.98,22.26,1,0,60667.14,43.86,0
B201198,,47,500000.0,368451.13,26.31,0,0,125824.48,46.91,0
B207637,Services,18,500000.0,429304.09,14.14,0,0,56509.47,48.18,0
B202679,IT,4,500000.0,351607.55,29.68,0,0,87645.17,52.91,0
B209393,Manufacturing,52,500000.0,495549.54,0.89,0,0,38749.12,65.71,1
B205395,Services,6,500000.0,349446.92,30.11,1,0,85207.14,46.63,0
B205330,IT,8,2476463.21,303901.55,39.22,1,0,79167.65,43.16,0
B204109,Food,13,500000.0,374492.25,25.1,0,0,55885.38,53.36,0
B206627,Retail,30,2342856.92,460812.43,7.84,0,0,35694.7,57.89,0
B200760,healthcare,3,500000.0,382253.09,23.55,1,0,109595.06,38.78,0
B208139,Manufacturing,43,500000.0,363019.23,27.4,0,0,114547.09,48.28,0
B205940,Retail,31,500000.0,435711.11,12.86,0,0,50260.8,52.6,0
B204752,Services,11,500000.0,451962.57,9.61,0,0,79069.07,53.75,0
B204078,Food,33,500000.0,448490.91,10.3,0,0,51624.15,51.42,0
B207285,Services,25,500000.0,392805.14,21.44,0,0,80236.59,49.09,0
B205063,,14,500000.0,342024.38,31.6,0,0,71060.01,46.75,0
B209715,Services,3,500000.0,301418.41,39.72,1,0,145691.78,40.0,0
B207918,Manufacturing,74,500000.0,357964.47,28.41,0,0,133736.5,44.77,0
B206746,IT,17,500000.0,387595.02,22.48,1,0,80886.37,52.26,0
B209891,Services,15,500000.0,411413.9,17.72,1,0,111889.36,44.11,0
B205758,Services,12,500000.0,411292.23,17.74,1,0,116352.43,49.21,0
B205231,Retail,22,500000.0,445913.85,10.82,0,0,81397.9,59.74,0
B201458,Food,21,500000.0,368370.2,26.33,0,0,54039.65,44.75,0
B204578,Healthcare,23,500000.0,344066.42,31.19,0,0,40887.09,49.44,0
B203111,Services,29,500000.0,377570.29,24.49,0,0,29968.98,54.74,0
B200693,IT,15,500000.0,343309.66,31.34,0,0,94238.76,39.57,0
B205088,Manufacturing,53,500000.0,369889.02,26.02,0,0,107745.98,52.71,0
B206216,Services,37,500000.0,371441.73,25.71,0,0,106479.07,54.96,0
B206658,Manufacturing,29,500000.0,402102.72,19.58,1,0,61183.98,51.83,0
B209565,Food,9,500000.0,339151.87,32.17,0,0,82050.29,37.86,0
B205635,Food,26,500000.0,391901.36,21.62,0,0,40321.02,51.45,0
B202017,Manufacturing,42,500000.0,401417.77,19.72,1,0,25812.88,49.69,0
B202984,Food,12,500000.0,353208.95,29.36,0,0,68878.34,43.88,0
B202351,Services,14,500000.0,382676.63,23.46,1,0,93052.97,47.24,0
B205629,Food,27,1061217.54,818877.0,22.84,1,0,187951.72,48.24,0
B206837,Food,43,500000.0,389110.99,22.18,1,1,110445.34,69.09,1
B208096,IT,29,500000.0,307634.63,38.47,0,0,153168.91,53.1,0
B206002,Manufacturing,53,500000.0,381478.22,23.7,0,0,122596.14,52.23,0
B206484,Healthcare,18,500000.0,325599.72,34.88,0,0,60737.27,41.78,0
B206964,Healthcare,50,564325.04,501177.98,11.19,0,0,97304.63,59.95,0
B205424,Retail,42,500000.0,379721.21,24.06,1,1,106039.8,64.94,1
B206955,Retail,54,500000.0,409858.03,18.03,1,1,73601.24,69.01,1
B208234,Healthcare,28,500000.0,438438.54,12.31,0,0,54126.33,43.37,0
B209432,Manufacturing,64,565767.37,466812.43,17.49,0,0,78255.45,48.69,0
B201418,Services,17,500000.0,424750.11,15.05,0,0,49456.01,46.65,0
B200878,Services,25,500000.0,425984.2,14.8,0,0,89958.45,49.03,0
B201483,IT,5,749260.55,559489.1,25.33,1,0,124236.22,53.94,0
B200055,Retail,27,500000.0,444532.99,11.09,0,0,72440.3,60.24,1
B209071,manufacturing,45,500000.0,387425.38,,0,0,20654.02,52.2,0
B201318,Retail,43,500000.0,469868.6,6.03,1,0,73814.96,61.89,1
B202633,Retail,48,500000.0,473596.81,5.28,0,0,34929.1,57.35,0
B204122,nan,17,500000.0,392772.98,21.45,0,0,46165.17,56.25,0
B201238,Retail,19,680240.67,648486.84,4.67,0,0,57257.22,52.47,0
B201513,Services,5,500000.0,390515.78,21.9,0,0,363921.98,47.54,0
B208327,Food,3,500000.0,414722.02,17.06,0,0,393496.77,55.95,0
B202828,food,14,500000.0,408905.71,18.22,0,0,59541.11,48.81,0
B205473,Manufacturing,56,500000.0,386924.26,22.62,0,0,79149.74,47.53,0
B208033,Retail,27,2494327.24,400819.6,19.84,1,0,61589.58,55.0,0
B206199,IT,21,500000.0,329527.39,,1,0,90848.22,54.11,0
B206607,Retail,12,500000.0,420962.74,15.81,1,0,84365.0,51.72,0
B205096,Food,26,2817131.51,337799.86,,1,0,50142.26,51.33,0
B207829,Manufacturing,59,500000.0,385011.74,23.0,0,0,95558.6,53.22,0
B203928,Retail,33,500000.0,419580.04,16.08,0,0,66014.78,61.85,1
B204492,Food,22,500000.0,394011.33,21.2,0,0,90005.9,38.73,0
B204149,Retail,11,500000.0,403005.15,19.4,1,0,45917.03,59.88,0
B206389,IT,18,500000.0,361653.44,27.67,0,0,81703.18,48.67,0
B200178,Manufacturing,48,500000.0,353908.34,29.22,0,0,142933.77,47.71,0
B207344,food,21,500000.0,425646.57,14.87,0,0,44314.1,64.77,1
B204603,Retail,26,500000.0,392446.07,21.51,1,0,57721.01,43.24,0
B208492,IT,3,500000.0,397835.43,20.43,0,0,58169.07,54.55,0
B205648,Healthcare,27,500000.0,422484.27,15.5,0,0,62094.11,64.32,1
B209193,Retail,14,500000.0,408973.48,18.21,0,0,78743.86,52.71,0
B203590,,7,500000.0,360816.81,27.84,0,0,121248.73,54.82,0
B204822,Services,3,500000.0,395455.93,20.91,0,0,28989.08,41.24,0
B200228,,38,500000.0,333540.39,33.29,0,0,74046.2,52.57,0
B200818,Retail,12,500000.0,429359.37,14.13,1,1,47722.36,66.85,1
B209180,Manufacturing,47,500000.0,418505.28,16.3,1,1,,61.92,1
B200029,Healthcare,31,617154.37,501750.53,18.7,0,0,89269.5,54.12,0
B200561,Services,11,500000.0,398919.27,20.22,0,0,,54.91,0
B208417,IT,34,500000.0,353086.07,29.38,0,0,81468.86,48.7,0
B204101,Retail,3,500000.0,415569.35,16.89,1,0,56468.76,45.56,0
B204128,IT,12,500000.0,364744.41,,1,0,87734.33,47.03,0
B203010,,6,500000.0,398354.12,20.33,0,0,70225.66,55.13,0
B207890,Services,8,500000.0,354523.55,29.1,0,0,51746.62,45.71,0
B208860,Manufacturing,62,500000.0,371543.62,25.69,0,0,73489.32,50.64,0
B203006,IT,25,500000.0,435785.57,12.84,0,0,57359.23,55.44,0
B205454,Food,20,500000.0,381173.37,23.77,0,0,41290.32,56.22,0
B205502,Retail,33,500000.0,443702.16,11.26,1,0,67213.14,53.68,0
B203539,Retail,36,500000.0,396195.24,,1,1,64534.87,64.59,1
B205492,Manufacturing,49,500000.0,416032.51,16.79,0,0,286362.12,54.15,0
B208343,Manufacturing,48,500000.0,371386.22,25.72,1,0,107582.59,50.24,0
B201802,Manufacturing,51,500000.0,395023.79,21.0,1,0,93313.43,53.18,0
B209606,Retail,31,500000.0,415001.51,17.0,0,0,90397.32,48.31,0
B200702,Retail,34,500000.0,433345.38,13.33,1,1,51382.63,61.91,1
B207597,food,25,500000.0,369533.01,26.09,0,0,96786.93,51.99,0
B202317,Manufacturing,47,500000.0,359117.98,28.18,0,0,124969.78,40.99,0
B201444,Retail,25,500000.0,382548.33,23.49,0,0,80097.87,47.98,0
B202950,Food,13,500000.0,379037.79,24.19,0,0,51909.41,38.65,0
B203517,Manufacturing,52,500000.0,393100.27,21.38,1,0,79554.77,56.54,0
B209046,Services,20,500000.0,357388.98,28.52,0,0,59238.08,35.5,0
B207209,Services,26,500000.0,327022.48,34.6,0,0,134523.58,50.61,0
B202881,Retail,8,500000.0,419550.69,16.09,0,0,43683.38,62.71,1
B208008,Healthcare,15,561737.35,1727927.98,24.91,0,0,80560.45,43.96,0
B205621,Food,39,500000.0,373346.79,25.33,0,0,65787.48,53.22,0
B206192,Food,22,500000.0,383917.39,23.22,0,0,91842.81,47.17,0
B202337,Healthcare,15,500000.0,373616.53,25.28,0,0,14802.52,46.93,0
B208398,Retail,42,500000.0,378592.16,24.28,0,0,91112.15,55.34,0
B205497,Food,18,500000.0,374371.23,,0,0,70136.18,43.8,0
B209339,IT,22,500000.0,364609.36,27.08,0,0,54836.13,50.15,0
B207117,Food,48,500000.0,423653.6,15.27,0,0,75008.49,60.28,1
B205917,Retail,45,678986.84,562519.7,17.15,0,0,128815.76,56.8,0
B205506,Services,14,500000.0,379110.69,24.18,1,0,44936.44,46.94,0
B203297,retail,18,500000.0,433767.16,,0,0,73967.44,57.09,0
B203238,Services,22,500000.0,360597.32,27.88,0,0,81003.56,52.43,0
B206776,IT,30,500000.0,374455.61,25.11,0,0,97775.13,55.41,0
B206919,Services,3,500000.0,353659.35,29.27,0,0,105399.3,42.83,0
B204985,IT,4,500000.0,376381.87,24.72,0,0,63313.26,51.58,0
B201125,Services,12,500000.0,405421.16,18.92,0,0,39097.14,43.31,0
B204995,IT,32,500000.0,318560.68,36.29,0,0,87967.49,48.5,0
B204928,IT,14,500000.0,348591.77,30.28,0,0,81313.67,53.41,0
B209437,Services,9,500000.0,1178721.63,28.49,0,0,79524.34,52.04,0
B204084,Food,15,1989418.59,353424.72,29.32,0,0,475676.3,50.72,0
B206195,IT,11,500000.0,364505.47,27.1,1,0,75654.96,50.47,0
B202665,Food,18,500000.0,373969.86,25.21,0,0,81363.82,58.49,0
B206829,Healthcare,4,500000.0,340540.24,31.89,0,0,54586.76,45.11,0
B200869,Manufacturing,45,500000.0,363103.63,27.38,0,0,66640.18,46.96,0
B203233,Manufacturing,57,500000.0,387806.53,22.44,0,0,61186.17,52.66,0
B204769,Services,15,500000.0,397411.26,20.52,1,0,101239.93,55.51,0
B206893,Manufacturing,61,500000.0,387955.16,22.41,1,0,68027.67,42.41,0
B203050,Services,36,500000.0,394156.04,21.17,0,0,68660.5,51.2,0
B202677,IT,18,500000.0,351720.41,29.66,1,0,102546.94,56.01,0
B205470,Services,23,500000.0,379998.77,24.0,1,0,46142.62,52.5,0
B205772,Services,43,500000.0,339730.73,32.05,1,0,57085.16,42.88,0
B203078,Retail,35,933416.9,897324.91,3.87,0,0,84406.11,62.53,1
B201138,Services,36,500000.0,454811.39,9.04,0,0,34477.05,57.46,0
B207920,Services,35,500000.0,382486.77,23.5,1,0,61337.99,47.53,0
B202694,Retail,37,500000.0,388693.52,22.26,0,0,70220.64,48.15,0
B207835,Retail,42,500000.0,434818.46,13.04,1,0,44957.78,65.81,1
B204585,Services,21,500000.0,386771.13,22.65,1,0,88565.51,50.08,0
B207740,Services,3,500000.0,336778.7,32.64,0,0,,41.98,0
B205767,IT,18,500000.0,370486.34,25.9,0,0,69840.16,52.42,0
B206309,Retail,15,500000.0,398107.49,20.38,0,0,73036.76,49.35,0
B200927,Services,24,500000.0,364665.72,27.07,0,0,75117.6,52.7,0
B204310,Manufacturing,46,500000.0,382418.94,23.52,0,0,70871.87,58.56,0
B206039,Healthcare,38,500000.0,443850.02,11.23,1,0,60684.52,57.35,0
B209676,Food,3,500000.0,425130.16,14.97,0,0,62279.86,49.73,0
B203369,Manufacturing,25,500000.0,353773.13,29.25,0,0,129073.03,56.52,0
B207562,Services,15,500000.0,385615.82,22.88,1,0,495857.63,61.43,1
B200416,Healthcare,14,500000.0,411882.98,17.62,0,0,117818.9,56.63,0
B205125,Retail,51,500000.0,377747.3,24.45,0,0,89429.11,49.62,0
B202086,IT,9,500000.0,355713.32,28.86,0,0,62000.37,46.76,0
B204054,Services,37,500000.0,372042.77,25.59,0,0,75897.79,49.09,0
B206197,Healthcare,20,500000.0,394601.02,21.08,0,0,64094.41,50.61,0
B202754,Healthcare,41,500000.0,364176.74,,0,0,109905.67,57.25,0
B200136,Manufacturing,37,619886.07,452392.8,27.02,0,0,92042.12,46.31,0
B204842,Retail,21,500000.0,447516.87,10.5,1,0,60648.85,55.46,0
B201122,Healthcare,11,2564009.9,395370.76,20.93,0,0,82318.87,46.87,0
B200025,IT,20,500000.0,319572.45,36.09,0,0,57423.79,46.35,0
B200657,manufacturing,46,500000.0,318840.22,36.23,1,0,117913.16,45.7,0
B205498,Services,24,500000.0,365906.62,26.82,0,0,87080.43,46.89,0
B208641,Retail,13,500000.0,410568.85,17.89,1,0,44516.43,50.75,0
B203432,Healthcare,38,500000.0,355678.35,28.86,0,0,64618.75,52.93,0
B203296,Services,31,500000.0,407698.15,18.46,1,0,71839.92,54.72,0
B209593,Retail,41,500000.0,354081.18,29.18,0,0,68479.67,49.35,0
B201258,Services,26,500000.0,392602.13,21.48,0,0,,58.4,0
B206446,Retail,25,500000.0,425929.55,14.81,0,0,67050.21,57.65,0
B204847,Services,22,500000.0,426030.97,14.79,0,0,76676.26,54.48,0
B201270,Food,3,500000.0,359886.91,28.02,0,0,95760.15,43.75,0
B201449,Food,24,500000.0,391276.5,21.74,0,0,92582.3,51.2,0
B206517,IT,18,500000.0,365413.41,26.92,0,0,76161.03,53.81,0
B209244,Food,27,500000.0,407254.3,18.55,1,0,71861.15,52.7,0
B202437,Retail,33,500000.0,432794.86,13.44,1,1,84308.0,71.28,1
B203990,IT,24,500000.0,377479.34,24.5,0,0,69366.18,45.11,0
B206247,Healthcare,16,500000.0,402658.31,19.47,0,0,32762.48,49.17,0
B208468,Services,19,500000.0,347746.28,30.45,0,0,57930.47,44.13,0
B202158,Food,26,500000.0,407307.44,18.54,0,0,,60.19,1
B200588,Retail,16,500000.0,458511.66,8.3,0,0,63273.73,57.81,0
B200970,IT,7,509599.36,395971.38,22.3,1,1,74950.54,64.33,1
B206891,Food,18,500000.0,390123.56,21.98,0,0,70783.95,49.84,0
B209957,Retail,58,500000.0,382687.42,,1,1,81549.21,66.08,1
B206043,Healthcare,4,500000.0,341648.5,31.67,0,0,52041.16,50.75,0
B203184,Healthcare,18,500000.0,363851.57,27.23,0,0,96179.25,45.72,0
B207881,Services,8,500000.0,404670.17,19.07,0,0,109666.38,49.99,0
B202708,Retail,28,500000.0,427796.78,14.44,1,0,,46.94,0
B204240,Manufacturing,41,500000.0,379229.63,24.15,0,0,74179.5,46.97,0
B203334,IT,9,500000.0,367062.56,26.59,0,0,60087.33,42.86,0
B201759,Retail,9,500000.0,448063.53,10.39,0,0,62484.95,53.37,0
B202181,Services,33,500000.0,380359.61,23.93,0,0,39958.33,56.68,0
B206781,Food,41,500000.0,384101.52,23.18,0,0,74119.59,52.68,0
B205419,Healthcare,32,500000.0,380833.64,23.83,1,0,82114.35,54.06,0
B204263,Retail,32,500000.0,432715.34,13.46,1,0,53142.31,54.73,0
B202272,Services,4,500000.0,377571.58,,0,0,106636.06,50.31,0
B203825,Retail,3,500000.0,334099.77,33.18,0,0,98113.0,46.24,0
B209119,Retail,32,586106.47,414642.1,29.25,1,0,,52.5,0
B207004,IT,20,933600.42,660840.73,29.22,0,0,187590.46,49.79,0
B203226,Manufacturing,57,500000.0,367044.71,26.59,0,0,89636.61,56.08,0
B203068,Services,6,500000.0,362270.27,27.55,0,0,40290.19,49.05,0
B200024,Retail,19,500000.0,435688.35,12.86,0,0,46192.4,55.84,0
B204902,Services,21,500000.0,383158.71,23.37,0,0,104618.6,53.9,0
B202587,Healthcare,32,500000.0,335991.54,32.8,0,0,83992.31,47.05,0
B208635,Services,42,679597.4,523949.89,22.9,0,0,95529.59,52.15,0
B205875,Manufacturing,46,500000.0,379029.42,24.19,1,0,113354.83,61.05,1
B204246,Services,32,500000.0,356480.5,28.7,0,0,113618.79,50.79,0
B207721,,30,500000.0,379014.28,24.2,1,0,31531.86,36.62,0
B209050,Food,29,500000.0,377438.62,24.51,0,0,63778.04,52.11,0
B208946,,27,500000.0,350447.52,29.91,0,0,34666.52,47.41,0
B209239,Retail,63,500000.0,396870.33,20.63,0,0,102197.88,53.96,0
B200780,Services,16,500000.0,381740.29,,0,0,44707.6,50.43,0
B209092,retail,23,517901.8,421365.31,,1,1,64710.15,63.19,1
B204960,IT,23,500000.0,1325346.37,34.7,0,0,54774.48,44.69,0
B202760,Retail,37,500000.0,429476.05,14.1,1,1,88119.01,62.51,1
B201197,Manufacturing,54,500000.0,352252.97,29.55,0,0,80453.35,46.96,0
B208292,Retail,6,500000.0,358300.85,28.34,0,0,33584.26,46.71,0
B201049,IT,11,500000.0,376097.39,24.78,0,0,122488.7,47.71,0
B203411,Food,7,500000.0,313918.7,37.22,0,0,99212.97,45.92,0
B202831,Services,20,500000.0,335606.12,32.88,0,0,54957.23,50.1,0
B203800,Manufacturing,41,836712.64,575551.72,31.21,0,0,,50.21,0
B202443,Retail,3,500000.0,349218.42,30.16,0,0,82606.2,47.16,0
B201271,Retail,43,500000.0,419576.81,16.08,0,0,78683.89,54.7,0
B201750,Manufacturing,49,500000.0,352191.29,29.56,1,0,71783.22,44.35,0
B208958,Retail,47,500000.0,370630.83,25.87,0,0,104960.26,46.25,0
B204846,Food,13,500000.0,379765.55,24.05,0,0,399298.54,48.08,0
B205058,Manufacturing,67,500000.0,414010.99,17.2,1,0,61798.04,42.58,0
B201889,Manufacturing,26,1028417.02,783819.62,23.78,0,0,137209.93,54.44,0
B203060,Manufacturing,47,1114986.83,978694.84,12.22,1,0,,57.09,0
B208360,Services,41,500000.0,424400.98,15.12,0,0,51862.86,51.88,0
B200073,Food,5,500000.0,382887.19,23.42,0,0,63857.57,49.65,0
B201321,Retail,59,500000.0,415113.73,16.98,1,0,69207.51,54.18,0
B202985,Services,26,500000.0,352652.49,29.47,1,0,111204.23,44.61,0
B204044,Food,11,500000.0,324227.0,35.15,1,0,78598.46,44.79,0
B207950,Retail,50,500000.0,372368.98,25.53,1,0,88836.02,44.31,0
B205234,IT,33,500000.0,398944.46,20.21,1,0,44977.66,51.01,0
B200992,Retail,38,500000.0,346374.8,30.73,0,0,71788.91,45.07,0
B205595,Retail,29,500000.0,397944.73,20.41,0,0,115066.75,49.48,0
B206398,Manufacturing,58,500000.0,373363.68,25.33,1,0,93582.71,57.06,0
B203216,IT,14,678274.66,513415.79,24.31,0,0,94403.47,50.77,0
B201905,Manufacturing,56,500000.0,340189.25,31.96,0,0,54442.33,48.93,0
B203086,Retail,45,500000.0,459503.1,8.1,0,0,50100.5,66.64,1
B209576,Food,8,575032.27,357502.64,37.83,0,0,105532.15,42.64,0
B206527,Food,24,500000.0,394363.28,21.13,0,0,459559.13,53.7,0
B207246,Food,14,500000.0,393892.24,21.22,1,0,45836.42,59.21,0
B201738,Services,3,500000.0,355015.47,29.0,1,0,91671.92,50.93,0
B209778,,24,500000.0,371272.08,,1,0,96194.46,41.8,0
B208038,IT,40,831997.62,3115330.26,33.16,0,0,98954.0,56.44,0
B201503,IT,8,1044340.7,767885.64,26.47,0,0,224714.3,57.41,0
B202564,Healthcare,16,500000.0,372520.43,25.5,0,0,120190.8,49.25,0
B201631,Retail,56,500000.0,407241.55,18.55,1,1,63423.47,75.78,1
B202102,Retail,17,500000.0,447728.6,10.45,0,0,20483.22,51.78,0
B200266,IT,12,500000.0,375577.57,24.88,0,0,70764.83,45.68,0
B209225,Services,29,500000.0,369829.55,26.03,0,0,62843.61,50.3,0
B202631,Retail,43,500000.0,441667.11,11.67,1,0,42549.97,54.22,0
B206910,Retail,21,500000.0,410696.71,17.86,1,1,,67.95,1
B203586,Services,8,500000.0,367723.01,26.46,0,0,80158.33,43.87,0
B202585,Services,22,500000.0,379082.35,24.18,0,0,58400.42,50.06,0
B206203,Food,26,500000.0,414445.01,17.11,0,0,,54.72,0
B207671,Retail,52,500000.0,416273.92,16.75,1,0,29313.23,48.53,0
B209769,Food,22,500000.0,426994.26,14.6,0,0,65694.24,54.0,0
B202214,IT,16,500000.0,287983.16,42.4,0,0,69280.12,41.43,0
B208336,Healthcare,4,500000.0,378459.33,24.31,0,0,88552.63,57.19,0
B204427,,43,500000.0,401360.11,19.73,1,0,100388.52,50.15,0
B207857,Services,10,500000.0,363962.1,27.21,0,0,58034.57,47.62,0
B203959,IT,12,500000.0,384603.65,23.08,0,0,79040.22,56.33,0
B204343,Manufacturing,21,500000.0,386082.49,22.78,1,0,50693.48,55.35,0
B204469,Services,27,500000.0,414772.41,17.05,1,0,,48.25,0
B204476,Retail,17,500000.0,439153.68,12.17,1,1,66762.5,70.21,1
B208512,Manufacturing,60,1873796.47,382109.8,23.58,0,0,60737.27,47.49,0
B206335,Services,23,500000.0,393283.63,,0,0,67417.41,48.42,0
B204732,Manufacturing,33,500000.0,467466.97,6.51,0,0,32991.02,55.38,0
B206760,Retail,37,500000.0,423819.93,15.24,0,0,46084.35,54.86,0
B201587,Manufacturing,51,634026.45,509524.51,,0,0,140313.11,54.32,0
B207303,,40,500000.0,405170.56,18.97,0,0,36477.15,52.15,0
B205427,IT,12,500000.0,357634.47,28.47,0,0,76107.81,50.75,0
B206710,Food,33,500000.0,420262.79,15.95,1,0,69541.11,51.77,0
B203699,Retail,24,500000.0,380783.94,23.84,0,0,17363.52,45.21,0
B204526,Manufacturing,48,500000.0,389546.69,22.09,1,0,123848.31,59.06,0
B209202,Services,47,500000.0,424302.59,15.14,1,0,68367.12,55.67,0
B203913,IT,31,500000.0,373973.26,25.21,1,0,93206.13,47.66,0
B203024,Manufacturing,33,500000.0,401428.5,19.71,0,0,45490.91,47.13,0
B203996,IT,40,500000.0,405984.69,18.8,0,0,88294.35,55.12,0
B208383,Food,34,500000.0,356248.7,28.75,0,0,621273.62,44.27,0
B201175,Services,15,500000.0,430166.17,13.97,0,0,73571.76,55.54,0
B207859,Services,23,500000.0,398491.75,20.3,0,0,86767.16,49.76,0
B204992,Healthcare,7,500000.0,430042.82,13.99,0,0,53300.21,44.77,0
B201690,food,13,500000.0,385311.42,22.94,0,0,93240.83,45.51,0
B206038,Retail,36,500000.0,390487.87,21.9,1,0,90153.22,44.99,0
B201280,Services,24,500000.0,358581.67,28.28,0,0,68988.58,47.01,0
B203350,healthcare,3,500000.0,405143.24,18.97,0,0,49126.4,49.2,0
B205282,Manufacturing,53,500000.0,384894.02,23.02,0,0,80734.5,51.98,0
B200687,Retail,21,500000.0,414727.81,17.05,1,0,71142.49,50.92,0
B205661,IT,23,500000.0,355448.77,28.91,0,0,81307.1,55.11,0
B200638,Food,19,500000.0,386992.67,22.6,1,0,73572.17,50.69,0
B208761,Retail,29,500000.0,422309.98,15.54,0,0,37250.09,61.83,1
B203654,Services,52,500000.0,345742.39,30.85,0,0,63094.03,51.8,0
B209125,Retail,30,500000.0,420782.25,,0,0,60769.64,47.77,0
B209361,Retail,40,500000.0,429173.26,14.17,1,0,64854.16,54.67,0
B201360,Food,3,500000.0,420971.01,15.81,0,0,53487.43,60.44,1
B207386,,21,500000.0,356160.44,28.77,0,0,75454.69,35.45,0
B204629,IT,18,917733.82,634570.86,30.85,1,0,99246.63,39.16,0
B203287,Retail,15,500000.0,409484.74,18.1,0,0,41000.79,57.02,0
B206413,IT,15,500000.0,377189.3,24.56,0,0,93627.05,49.09,0
B200196,Healthcare,15,500000.0,324915.56,35.02,0,0,114062.27,45.96,0
B204591,Retail,24,500000.0,386475.37,22.7,0,0,84830.4,51.79,0
B205032,Retail,38,500000.0,451346.29,9.73,0,0,62799.56,54.92,0
B203785,Services,7,521067.41,356065.97,31.67,0,0,68706.19,41.22,0
B205075,Food,37,500000.0,355656.3,28.87,0,0,77253.53,50.92,0
B202075,Healthcare,28,500000.0,424517.43,15.1,1,0,94638.71,47.39,0
B205397,IT,37,500000.0,391688.95,21.66,1,0,77309.71,59.5,0
B208034,,19,500000.0,371948.72,25.61,0,0,76777.1,45.94,0
B207396,IT,27,500000.0,323158.83,35.37,0,0,95891.86,54.6,0
B208030,,27,500000.0,402362.86,19.53,0,0,75471.44,50.08,0
B200147,Retail,28,500000.0,397507.51,20.5,0,0,,54.23,0
B200797,Retail,20,500000.0,396981.77,20.6,0,0,67807.0,56.91,0
B208815,Retail,28,500000.0,369935.95,26.01,0,0,40214.53,52.01,0
B202286,Retail,39,500000.0,354421.54,29.12,1,0,75287.81,49.82,0
B204067,Manufacturing,43,500000.0,392419.41,21.52,0,0,79577.96,50.69,0
B202028,Healthcare,47,2296488.4,362288.21,27.54,0,0,102254.45,43.13,0
B205105,Retail,7,500000.0,364113.92,27.18,0,0,41974.22,55.02,0
B205614,Manufacturing,60,500000.0,341647.11,31.67,0,0,96802.2,49.83,0
B205718,Retail,34,500000.0,440202.44,11.96,1,0,29708.01,66.97,1
B201473,Manufacturing,41,500000.0,397142.14,20.57,0,0,97136.53,56.53,0
B200722,Healthcare,10,500000.0,381142.53,23.77,1,0,69932.17,56.84,0
B209553,,25,500000.0,451949.08,9.61,1,0,39197.17,58.65,0
B200106,Manufacturing,42,500000.0,349071.77,30.19,0,0,85607.29,53.98,0
B205643,Services,35,500000.0,396668.81,20.67,0,0,52405.8,53.97,0
B204485,Food,3,500000.0,414977.26,17.0,0,0,66441.75,58.22,0
B201472,Services,3,500000.0,363279.25,27.34,0,0,83500.74,53.66,0
B209309,IT,50,500000.0,1364891.42,36.78,0,0,106536.76,51.88,0
B208746,Food,17,500000.0,370795.59,25.84,1,0,41567.52,48.59,0
B207843,Services,20,500000.0,339299.75,32.14,0,0,48009.92,51.04,0
B200299,Services,14,500000.0,332805.26,33.44,0,0,84885.32,46.99,0
B200170,Manufacturing,50,3137498.44,401205.47,19.76,0,0,57901.46,51.33,0
B203326,Manufacturing,30,500000.0,341686.96,31.66,1,1,124965.87,66.13,1
B203803,Retail,21,1118100.69,1037042.43,7.25,0,0,145223.46,56.41,0
B207050,IT,24,500000.0,355983.75,28.8,0,0,71456.5,50.28,0
B203674,it,12,500000.0,378042.28,24.39,0,0,133751.59,41.48,0
B209468,IT,14,500000.0,319857.11,36.03,0,0,119122.58,42.4,0
B203619,Services,5,500000.0,408445.97,18.31,1,0,62105.99,54.47,0
B200415,Services,24,500000.0,415812.66,16.84,0,0,77505.87,53.34,0
B206594,IT,3,1146391.81,753244.63,34.29,0,0,125618.52,48.34,0
B204860,Services,26,500000.0,399876.05,20.02,0,0,97314.4,52.33,0
B203923,Manufacturing,37,500000.0,384285.38,23.14,0,0,25550.59,39.04,0
B202956,Services,26,500000.0,341195.91,,0,0,118078.99,40.49,0
B200630,Services,16,500000.0,369459.24,26.11,0,0,96248.14,56.06,0
B205046,Services,12,500000.0,409661.98,18.07,0,0,40127.11,47.08,0
B200162,Healthcare,33,500000.0,379431.26,24.11,0,0,130447.19,47.45,0
B208605,Services,3,500000.0,328631.33,34.27,0,0,89682.62,47.19,0
B209265,Food,3,500000.0,371093.92,25.78,1,0,81138.71,42.38,0
B209068,Retail,34,500000.0,389746.77,22.05,1,1,83963.89,64.29,1
B209009,Services,25,500000.0,357123.16,28.58,0,0,96347.44,49.15,0
B202255,Services,11,500000.0,416389.45,16.72,0,0,64465.17,48.16,0
B207118,Services,39,500000.0,392708.11,21.46,0,0,72976.98,39.09,0
B207971,Healthcare,3,500000.0,379021.75,24.2,1,0,77882.41,41.82,0
B209064,Healthcare,9,500000.0,351291.51,29.74,0,0,96101.33,45.01,0
B204341,Food,17,559533.96,445955.8,20.3,0,0,88918.38,56.51,0
B208421,Healthcare,18,500000.0,369817.28,26.04,1,0,71893.46,47.75,0
B207432,IT,28,500000.0,377515.88,24.5,0,0,88641.81,54.93,0
B209098,healthcare,9,500000.0,397952.19,20.41,0,0,60337.71,41.89,0
B207536,Services,27,500000.0,400683.46,19.86,0,0,44812.21,51.36,0
B209088,Retail,36,500000.0,385250.45,22.95,0,0,79646.43,53.05,0
B205321,Manufacturing,62,500000.0,370799.59,25.84,1,0,87111.19,50.66,0
B205849,Retail,36,500000.0,393292.37,21.34,1,0,59667.35,57.77,0
B206225,IT,22,500000.0,1313329.49,26.54,0,0,95683.12,55.61,0
B203871,Services,20,500000.0,385726.96,22.85,0,0,52871.37,53.89,0
B208983,Services,17,500000.0,357965.83,,0,0,282078.16,51.19,0
B207778,Services,48,500000.0,366079.36,26.78,0,0,62198.76,44.36,0
B206333,Food,33,500000.0,375720.36,24.86,0,0,50405.57,51.96,0
B207500,it,19,500000.0,400743.52,19.85,1,0,66971.44,54.26,0
B209519,Healthcare,46,500000.0,389660.48,22.07,0,0,71895.22,53.04,0
B202876,Healthcare,3,500000.0,368889.82,26.22,0,0,85250.94,54.67,0
B208890,Healthcare,17,500000.0,364866.84,27.03,1,0,88581.74,50.93,0
B207451,retail,39,500000.0,385555.18,22.89,1,0,,42.58,0
B206586,Retail,45,500000.0,419935.06,,0,0,57043.05,46.25,0
B206738,Healthcare,3,500000.0,389808.68,22.04,0,0,78497.54,51.91,0
B202579,Retail,48,500000.0,367856.02,26.43,0,0,96192.34,52.54,0
B209086,Food,24,500000.0,378078.48,,0,0,59203.03,42.27,0
B203020,Healthcare,46,500000.0,435078.21,12.98,1,0,78114.14,51.91,0
B203541,Services,21,725117.54,570341.1,21.35,0,0,85131.8,45.18,0
B205247,Services,3,500000.0,366180.94,26.76,0,0,112148.38,53.79,0
B202370,Manufacturing,41,500000.0,416172.41,16.77,1,0,85340.93,45.87,0
B205542,Retail,32,500000.0,412553.21,17.49,1,0,62500.54,52.59,0
B201979,IT,5,500000.0,356531.12,28.69,1,0,65475.39,44.07,0
B206018,Healthcare,8,500000.0,380668.76,23.87,1,0,107870.13,50.6,0
B201057,Services,12,500000.0,357889.92,28.42,0,0,73899.97,52.03,0
B203658,IT,5,500000.0,367507.68,26.5,0,0,102664.03,51.13,0
B207078,Manufacturing,33,500000.0,341556.64,31.69,1,0,87990.58,43.68,0
B206506,IT,48,500000.0,407454.69,18.51,0,0,58868.67,48.37,0
B207771,Services,30,500000.0,417159.05,16.57,1,0,88017.05,55.25,0
B200092,Services,7,500000.0,349664.48,30.07,0,0,107767.61,46.71,0
B201234,Manufacturing,47,500000.0,403947.58,19.21,1,0,76043.52,64.51,1
B206481,Manufacturing,22,500000.0,394227.58,21.15,0,0,35461.78,58.7,0
B201013,Manufacturing,45,500000.0,396229.65,20.75,0,0,108797.62,58.24,0
B205796,Services,33,500000.0,357787.05,28.44,0,0,91917.8,49.08,0
B203863,IT,30,511108.87,373630.49,26.9,0,0,90556.72,43.68,0
B207836,,39,500000.0,483985.78,3.2,1,0,33720.88,61.29,1
B209139,Retail,35,500000.0,429280.38,14.14,1,0,82837.01,50.74,0
B200190,Manufacturing,52,500000.0,400314.47,19.94,0,0,55999.12,57.81,0
B207791,Retail,33,500000.0,446186.96,10.76,0,0,81427.06,56.79,0
B207935,Manufacturing,47,500000.0,415617.62,,0,0,37243.6,59.11,0
B201531,food,22,500000.0,381356.15,23.73,0,0,95118.53,46.86,0
B202682,Healthcare,32,500000.0,393251.67,21.35,1,0,48266.0,49.1,0
B206050,IT,3,500000.0,372418.44,25.52,1,0,68663.3,56.46,0
B202812,IT,15,500000.0,336064.66,32.79,0,0,83339.3,55.48,0
B203894,,22,556065.98,424393.89,23.68,1,0,94586.33,53.98,0
B204819,Healthcare,14,500000.0,355695.3,28.86,1,1,57510.21,65.46,1
B203176,Retail,44,500000.0,403108.88,19.38,0,0,113360.63,49.73,0
B204772,Manufacturing,39,500000.0,406302.63,18.74,1,0,84946.97,48.06,0
B200105,Food,6,500000.0,377747.35,24.45,1,1,76076.96,65.81,1
B203413,Retail,57,500000.0,419653.07,16.07,0,0,45917.67,46.11,0
B202301,IT,27,500000.0,405600.77,18.88,0,0,49443.62,52.8,0
B206566,Manufacturing,50,500000.0,363056.59,27.39,1,0,94857.09,54.57,0
B208966,Retail,8,500000.0,466680.7,6.66,1,0,,50.41,0
B209424,IT,3,500000.0,383364.97,23.33,1,0,112879.3,45.48,0
B200858,Services,38,500000.0,389546.53,22.09,1,0,68746.37,52.4,0
B205524,Food,34,500000.0,361209.74,27.76,0,0,114950.68,52.98,0
B203304,Manufacturing,47,500000.0,397264.92,20.55,0,0,124945.98,61.69,1
B203430,Manufacturing,51,500000.0,442679.46,11.46,1,0,60733.18,52.77,0
B206231,Food,9,500000.0,430834.25,13.83,0,0,64822.46,54.35,0
B204160,Manufacturing,60,500000.0,383883.29,23.22,0,0,113539.7,57.64,0
B207438,Healthcare,17,500000.0,420997.57,15.8,0,0,63983.05,54.93,0
B205910,IT,12,500000.0,383692.43,23.26,0,0,57470.0,51.23,0
B200725,IT,15,1425334.82,1033002.78,27.53,0,0,185503.85,39.1,0
B201679,Food,20,629321.35,539461.27,14.28,1,0,74575.83,52.4,0
B206692,Manufacturing,38,500000.0,351151.9,29.77,1,0,130343.81,41.76,0
B205245,Services,35,500000.0,380149.09,23.97,0,0,69605.98,46.02,0
B201363,,42,2419878.52,491529.07,25.31,1,0,138941.48,48.42,0
B208602,,27,500000.0,424765.5,15.05,0,0,,56.75,0
B209022,,40,500000.0,415315.85,16.94,0,0,59627.86,60.23,1
B208056,IT,28,1455718.27,840163.18,42.29,1,0,201605.4,39.64,0
B207988,Retail,28,500000.0,478193.69,4.36,0,0,55219.03,55.97,0
B203781,IT,29,536432.04,319263.14,40.48,0,0,111707.39,46.43,0
B200912,Retail,58,500000.0,476950.57,4.61,1,0,58561.77,49.28,0
B206661,Healthcare,12,500000.0,383707.18,23.26,0,0,65120.35,51.02,0
B207793,Retail,28,500000.0,408246.82,,0,0,,51.09,0
B200390,Services,14,500000.0,349392.56,30.12,0,0,69094.03,47.56,0
B206284,Healthcare,24,500000.0,383704.56,23.26,0,0,431517.5,53.89,0
B205469,Retail,37,500000.0,439196.2,12.16,1,0,69488.16,59.36,0
B204818,Manufacturing,50,501441.71,396418.66,20.94,0,0,,53.09,0
B207301,Retail,42,500000.0,470274.48,5.95,0,0,36282.06,56.1,0
B204357,Manufacturing,39,500000.0,374738.83,25.05,1,0,80847.8,54.67,0
B204994,Retail,23,500000.0,408301.92,18.34,0,0,83930.71,60.21,1
B207247,Healthcare,3,500000.0,373570.99,25.29,0,0,75037.17,56.1,0
B202243,Services,3,500000.0,311470.07,37.71,0,0,156426.11,46.18,0
B208091,Food,33,500000.0,404143.3,19.17,0,0,71631.27,58.93,0
B203123,Food,22,500000.0,381383.81,23.72,0,0,55799.52,51.79,0
B203121,Retail,22,500000.0,361530.6,27.69,1,0,87006.98,46.6,0
B203957,IT,31,2970209.4,393848.93,21.23,1,0,74219.25,42.34,0
B200718,IT,24,500000.0,403214.3,19.36,1,0,81160.68,54.13,0
B203256,Manufacturing,35,3387505.13,408936.34,18.21,1,0,46479.93,49.27,0
B206502,Services,50,500000.0,411974.77,17.61,0,0,72635.28,52.11,0
B207163,Services,5,500000.0,367343.53,26.53,0,0,78251.7,51.96,0
B205607,Services,33,500000.0,379463.65,24.11,1,0,103164.14,48.05,0
B203048,Manufacturing,57,500000.0,412014.05,17.6,1,1,61537.79,75.98,1
B200420,IT,32,500000.0,400379.33,19.92,0,0,,51.11,0
B202197,Food,6,500000.0,401139.93,19.77,0,0,68280.5,51.72,0
B203117,Services,13,500000.0,389891.09,22.02,0,0,25037.39,45.5,0
B201937,Food,3,500000.0,418736.36,16.25,0,0,46982.33,53.93,0
B209311,Retail,35,500000.0,432015.1,13.6,0,0,41428.76,60.75,1
B204115,Services,3,500000.0,398481.71,20.3,0,0,,50.61,0
B200534,Manufacturing,66,500000.0,381926.89,23.61,0,0,99693.73,44.94,0
B200548,Food,18,500000.0,385199.37,22.96,0,0,93116.32,50.52,0
B205680,IT,6,500000.0,347120.23,,0,0,87660.3,42.72,0
B200298,Services,17,500000.0,412186.08,17.56,0,0,69013.24,56.08,0
B207120,IT,21,500000.0,320054.15,35.99,0,0,376758.01,43.19,0
B207583,IT,5,500000.0,360762.97,27.85,0,0,17773.61,46.92,0
B207481,Healthcare,17,500000.0,376545.97,24.69,0,0,83250.47,41.79,0
B202170,Retail,31,500000.0,379817.4,24.04,0,0,,39.47,0
B207375,Healthcare,40,500000.0,410702.34,17.86,0,0,63922.67,48.57,0
B207516,Retail,11,500000.0,403968.92,19.21,0,0,65046.73,55.49,0
B201385,Retail,17,500000.0,390715.81,21.86,0,0,101880.35,41.53,0
B203207,Services,32,500000.0,365856.31,26.83,1,0,112010.85,36.45,0
B203135,Retail,44,500000.0,412076.99,17.58,1,0,72234.75,45.54,0
B206853,Retail,36,500000.0,450853.45,9.83,1,0,74740.73,51.52,0
B209980,Manufacturing,50,500000.0,397160.88,20.57,1,0,45650.32,46.36,0
B206913,Services,10,500000.0,466835.7,6.63,0,0,64886.53,52.03,0
B205771,Retail,27,500000.0,504254.64,-0.85,1,1,21818.29,80.9,1
B205487,Manufacturing,65,500000.0,411487.49,17.7,1,1,49245.41,79.31,1
B204184,Services,39,500000.0,381070.66,23.79,1,0,88975.07,49.46,0
B205739,Food,16,500000.0,373496.57,25.3,0,0,30954.56,44.34,0
B207176,Healthcare,8,500000.0,401271.07,,1,0,99277.32,45.48,0
B200097,Services,3,500000.0,359707.07,28.06,0,0,7543.88,47.59,0
B204605,nan,16,500000.0,405380.42,18.92,1,0,47306.65,47.79,0
B204799,IT,28,500000.0,329656.72,34.07,0,0,91634.34,43.91,0
B202794,Services,7,500000.0,388038.12,22.39,0,0,87028.36,55.83,0
B209237,Services,4,500000.0,423642.84,15.27,0,0,51913.69,56.84,0
B207738,IT,28,723485.49,479433.95,33.73,0,0,125760.26,50.14,0
B209131,Food,13,500000.0,430037.61,13.99,1,0,64217.07,53.56,0
B205525,IT,37,500000.0,362928.93,27.41,0,0,106269.12,46.38,0
B205904,Healthcare,24,500000.0,408222.74,18.36,1,0,31121.17,46.12,0
B206007,Retail,31,500000.0,435388.28,12.92,0,0,48710.89,57.24,0
B204896,Services,3,500000.0,331005.26,33.8,0,0,128702.05,37.4,0
B208799,Retail,3,722892.46,520278.46,28.03,1,0,,50.26,0
B206766,Services,25,500000.0,360682.02,27.86,0,0,92733.31,50.88,0
B202526,Services,12,500000.0,426711.48,14.66,0,0,82559.58,47.4,0
B207758,Food,21,500000.0,361139.67,27.77,0,0,84663.31,49.55,0
B202539,Manufacturing,65,500000.0,377859.38,24.43,0,0,112798.8,46.11,0
B208123,Manufacturing,70,2339209.86,361937.21,27.61,0,0,98860.06,52.93,0
B201070,IT,20,500000.0,336485.49,32.7,1,0,42731.47,54.4,0
B200296,IT,6,500000.0,356939.58,28.61,0,0,129938.2,48.98,0
B200049,Services,7,500000.0,386792.65,22.64,1,0,95872.03,48.13,0
B208416,Manufacturing,30,500000.0,373220.47,25.36,0,0,100439.28,46.45,0
B209966,Manufacturing,48,500000.0,332836.72,33.43,0,0,108594.16,55.46,0
B201243,Retail,58,500000.0,465458.83,6.91,0,0,,53.86,0
B209042,Retail,26,500000.0,417239.09,16.55,1,0,84512.21,58.19,0
B206791,Services,13,500000.0,317260.92,36.55,0,0,118187.32,38.66,0
B201225,Food,24,500000.0,413409.89,17.32,0,0,76928.38,52.86,0
